entity_group,score,start,end,file_name,text,addressee,date,month,day,year
ORG,0.9424321,8,27,wikisource_vol1_ch1_letter1.txt,Spring Grove School,SPRING GROVE SCHOOL,NOVEMBER 12 1863,NOVEMBER,12.0,1863.0
PER,0.5502529,53,57,wikisource_vol1_ch1_letter1.txt,Cher,SPRING GROVE SCHOOL,NOVEMBER 12 1863,NOVEMBER,12.0,1863.0
PER,0.7583712,63,64,wikisource_vol1_ch1_letter1.txt,##n,SPRING GROVE SCHOOL,NOVEMBER 12 1863,NOVEMBER,12.0,1863.0
PER,0.9934946,291,295,wikisource_vol1_ch1_letter1.txt,Faux,SPRING GROVE SCHOOL,NOVEMBER 12 1863,NOVEMBER,12.0,1863.0
LOC,0.99562514,633,640,wikisource_vol1_ch1_letter1.txt,Mentone,SPRING GROVE SCHOOL,NOVEMBER 12 1863,NOVEMBER,12.0,1863.0
PER,0.9840503,879,891,wikisource_vol1_ch1_letter1.txt,R. Stevenson,SPRING GROVE SCHOOL,NOVEMBER 12 1863,NOVEMBER,12.0,1863.0
PER,0.91214347,11,35,wikisource_vol1_ch1_letter10.txt,Charles Baxter Dunblane,CHARLES BAXTER,APRIL 9 1872,APRIL,9.0,1872.0
PER,0.7352372,70,76,wikisource_vol1_ch1_letter10.txt,Baxter,CHARLES BAXTER,APRIL 9 1872,APRIL,9.0,1872.0
ORG,0.9969052,133,164,wikisource_vol1_ch1_letter10.txt,Standing Committee of the Spec.,CHARLES BAXTER,APRIL 9 1872,APRIL,9.0,1872.0
ORG,0.80574894,308,313,wikisource_vol1_ch1_letter10.txt,Rural,CHARLES BAXTER,APRIL 9 1872,APRIL,9.0,1872.0
ORG,0.88904625,378,383,wikisource_vol1_ch1_letter10.txt,Spec.,CHARLES BAXTER,APRIL 9 1872,APRIL,9.0,1872.0
PER,0.9983897,408,417,wikisource_vol1_ch1_letter10.txt,C. Baxter,CHARLES BAXTER,APRIL 9 1872,APRIL,9.0,1872.0
PER,0.99340916,442,448,wikisource_vol1_ch1_letter10.txt,Baxter,CHARLES BAXTER,APRIL 9 1872,APRIL,9.0,1872.0
PER,0.99949,453,460,wikisource_vol1_ch1_letter10.txt,Bagster,CHARLES BAXTER,APRIL 9 1872,APRIL,9.0,1872.0
PER,0.78606874,906,911,wikisource_vol1_ch1_letter10.txt,Devil,CHARLES BAXTER,APRIL 9 1872,APRIL,9.0,1872.0
PER,0.9986527,1126,1131,wikisource_vol1_ch1_letter10.txt,Allan,CHARLES BAXTER,APRIL 9 1872,APRIL,9.0,1872.0
PER,0.7715884,1259,1262,wikisource_vol1_ch1_letter10.txt,God,CHARLES BAXTER,APRIL 9 1872,APRIL,9.0,1872.0
PER,0.99437356,16,32,wikisource_vol1_ch1_letter11.txt,Thomas Stevenson,MRS. THOMAS STEVENSON,JULY 25 1872,JULY,25.0,1872.0
LOC,0.9997596,34,42,wikisource_vol1_ch1_letter11.txt,Brussels,MRS. THOMAS STEVENSON,JULY 25 1872,JULY,25.0,1872.0
PER,0.9994746,532,539,wikisource_vol1_ch1_letter11.txt,Simpson,MRS. THOMAS STEVENSON,JULY 25 1872,JULY,25.0,1872.0
LOC,0.99981683,1026,1032,wikisource_vol1_ch1_letter11.txt,Africa,MRS. THOMAS STEVENSON,JULY 25 1872,JULY,25.0,1872.0
LOC,0.9995854,1081,1087,wikisource_vol1_ch1_letter11.txt,Ostend,MRS. THOMAS STEVENSON,JULY 25 1872,JULY,25.0,1872.0
LOC,0.9997942,1113,1121,wikisource_vol1_ch1_letter11.txt,Brussels,MRS. THOMAS STEVENSON,JULY 25 1872,JULY,25.0,1872.0
LOC,0.99982053,1126,1134,wikisource_vol1_ch1_letter11.txt,Brussels,MRS. THOMAS STEVENSON,JULY 25 1872,JULY,25.0,1872.0
LOC,0.94857335,1167,1171,wikisource_vol1_ch1_letter11.txt,Parc,MRS. THOMAS STEVENSON,JULY 25 1872,JULY,25.0,1872.0
LOC,0.70632887,1226,1230,wikisource_vol1_ch1_letter11.txt,Parc,MRS. THOMAS STEVENSON,JULY 25 1872,JULY,25.0,1872.0
PER,0.9419715,16,32,wikisource_vol1_ch1_letter12.txt,Thomas Stevenson,MRS. THOMAS STEVENSON,JULY 29 1872,JULY,29.0,1872.0
LOC,0.97754794,40,49,wikisource_vol1_ch1_letter12.txt,Landsberg,MRS. THOMAS STEVENSON,JULY 29 1872,JULY,29.0,1872.0
LOC,0.9997851,51,60,wikisource_vol1_ch1_letter12.txt,Frankfurt,MRS. THOMAS STEVENSON,JULY 29 1872,JULY,29.0,1872.0
PER,0.9957658,660,665,wikisource_vol1_ch1_letter12.txt,Marie,MRS. THOMAS STEVENSON,JULY 29 1872,JULY,29.0,1872.0
PER,0.99928325,999,1002,wikisource_vol1_ch1_letter12.txt,God,MRS. THOMAS STEVENSON,JULY 29 1872,JULY,29.0,1872.0
LOC,0.9997793,1177,1184,wikisource_vol1_ch1_letter12.txt,Germany,MRS. THOMAS STEVENSON,JULY 29 1872,JULY,29.0,1872.0
PER,0.9998213,1353,1365,wikisource_vol1_ch1_letter12.txt,Robert Burns,MRS. THOMAS STEVENSON,JULY 29 1872,JULY,29.0,1872.0
PER,0.99057025,1385,1396,wikisource_vol1_ch1_letter12.txt,Silbergleit,MRS. THOMAS STEVENSON,JULY 29 1872,JULY,29.0,1872.0
LOC,0.99965453,1464,1468,wikisource_vol1_ch1_letter12.txt,Main,MRS. THOMAS STEVENSON,JULY 29 1872,JULY,29.0,1872.0
LOC,0.9996711,1634,1642,wikisource_vol1_ch1_letter12.txt,Brussels,MRS. THOMAS STEVENSON,JULY 29 1872,JULY,29.0,1872.0
LOC,0.99976593,1782,1789,wikisource_vol1_ch1_letter12.txt,England,MRS. THOMAS STEVENSON,JULY 29 1872,JULY,29.0,1872.0
PER,0.98942375,16,32,wikisource_vol1_ch1_letter13.txt,Thomas Stevenson,MRS. THOMAS STEVENSON,AUGUST 2 1872,AUGUST,2.0,1872.0
LOC,0.97881866,40,49,wikisource_vol1_ch1_letter13.txt,Landsberg,MRS. THOMAS STEVENSON,AUGUST 2 1872,AUGUST,2.0,1872.0
LOC,0.9996027,104,113,wikisource_vol1_ch1_letter13.txt,Eckenheim,MRS. THOMAS STEVENSON,AUGUST 2 1872,AUGUST,2.0,1872.0
LOC,0.999879,145,154,wikisource_vol1_ch1_letter13.txt,Frankfurt,MRS. THOMAS STEVENSON,AUGUST 2 1872,AUGUST,2.0,1872.0
LOC,0.9998865,244,252,wikisource_vol1_ch1_letter13.txt,Scotland,MRS. THOMAS STEVENSON,AUGUST 2 1872,AUGUST,2.0,1872.0
PER,0.84865624,641,646,wikisource_vol1_ch1_letter13.txt,Gross,MRS. THOMAS STEVENSON,AUGUST 2 1872,AUGUST,2.0,1872.0
LOC,0.9998504,690,699,wikisource_vol1_ch1_letter13.txt,Frankfurt,MRS. THOMAS STEVENSON,AUGUST 2 1872,AUGUST,2.0,1872.0
ORG,0.74284834,707,730,wikisource_vol1_ch1_letter13.txt,Eckenheimer Wirthschaft,MRS. THOMAS STEVENSON,AUGUST 2 1872,AUGUST,2.0,1872.0
PER,0.99704254,894,899,wikisource_vol1_ch1_letter13.txt,Cobie,MRS. THOMAS STEVENSON,AUGUST 2 1872,AUGUST,2.0,1872.0
PER,0.99098396,901,907,wikisource_vol1_ch1_letter13.txt,Scobie,MRS. THOMAS STEVENSON,AUGUST 2 1872,AUGUST,2.0,1872.0
PER,0.8383247,1081,1097,wikisource_vol1_ch1_letter13.txt,Queen of England,MRS. THOMAS STEVENSON,AUGUST 2 1872,AUGUST,2.0,1872.0
LOC,0.9998822,1140,1146,wikisource_vol1_ch1_letter13.txt,Turkey,MRS. THOMAS STEVENSON,AUGUST 2 1872,AUGUST,2.0,1872.0
LOC,0.99979323,1508,1516,wikisource_vol1_ch1_letter13.txt,Scotland,MRS. THOMAS STEVENSON,AUGUST 2 1872,AUGUST,2.0,1872.0
PER,0.99249583,1923,1930,wikisource_vol1_ch1_letter13.txt,Apropos,MRS. THOMAS STEVENSON,AUGUST 2 1872,AUGUST,2.0,1872.0
PER,0.9996002,11,27,wikisource_vol1_ch1_letter14.txt,Thomas Stevenson,THOMAS STEVENSON,AUGUST 4 1872,AUGUST,4.0,1872.0
LOC,0.9993005,29,38,wikisource_vol1_ch1_letter14.txt,Frankfurt,THOMAS STEVENSON,AUGUST 4 1872,AUGUST,4.0,1872.0
LOC,0.9977203,40,50,wikisource_vol1_ch1_letter14.txt,Rosengasse,THOMAS STEVENSON,AUGUST 4 1872,AUGUST,4.0,1872.0
LOC,0.9993573,440,447,wikisource_vol1_ch1_letter14.txt,Germany,THOMAS STEVENSON,AUGUST 4 1872,AUGUST,4.0,1872.0
LOC,0.99988365,652,661,wikisource_vol1_ch1_letter14.txt,Frankfurt,THOMAS STEVENSON,AUGUST 4 1872,AUGUST,4.0,1872.0
LOC,0.999791,964,977,wikisource_vol1_ch1_letter14.txt,Sachsenhausen,THOMAS STEVENSON,AUGUST 4 1872,AUGUST,4.0,1872.0
LOC,0.9997904,988,1001,wikisource_vol1_ch1_letter14.txt,Sachsenhausen,THOMAS STEVENSON,AUGUST 4 1872,AUGUST,4.0,1872.0
LOC,0.9998721,1041,1045,wikisource_vol1_ch1_letter14.txt,Main,THOMAS STEVENSON,AUGUST 4 1872,AUGUST,4.0,1872.0
LOC,0.99188244,1603,1616,wikisource_vol1_ch1_letter14.txt,Sachsenhausen,THOMAS STEVENSON,AUGUST 4 1872,AUGUST,4.0,1872.0
PER,0.998623,16,32,wikisource_vol1_ch1_letter15.txt,Thomas Stevenson,MRS. THOMAS STEVENSON,AUGUST 1872,AUGUST,,1872.0
LOC,0.9673247,37,47,wikisource_vol1_ch1_letter15.txt,Rosengasse,MRS. THOMAS STEVENSON,AUGUST 1872,AUGUST,,1872.0
LOC,0.9998665,49,58,wikisource_vol1_ch1_letter15.txt,Frankfurt,MRS. THOMAS STEVENSON,AUGUST 1872,AUGUST,,1872.0
ORG,0.9958374,149,157,wikisource_vol1_ch1_letter15.txt,La Juive,MRS. THOMAS STEVENSON,AUGUST 1872,AUGUST,,1872.0
LOC,0.99706006,774,783,wikisource_vol1_ch1_letter15.txt,Bierhalle,MRS. THOMAS STEVENSON,AUGUST 1872,AUGUST,,1872.0
LOC,0.9994151,1608,1623,wikisource_vol1_ch1_letter15.txt,Rez - De - Chaussee,MRS. THOMAS STEVENSON,AUGUST 1872,AUGUST,,1872.0
PER,0.9964204,11,25,wikisource_vol1_ch1_letter16.txt,Charles Baxter,CHARLES BAXTER,FEBRUARY 2 1873,FEBRUARY,2.0,1873.0
LOC,0.99750084,30,40,wikisource_vol1_ch1_letter16.txt,Heriot Row,CHARLES BAXTER,FEBRUARY 2 1873,FEBRUARY,2.0,1873.0
LOC,0.9997632,42,51,wikisource_vol1_ch1_letter16.txt,Edinburgh,CHARLES BAXTER,FEBRUARY 2 1873,FEBRUARY,2.0,1873.0
PER,0.78113735,87,93,wikisource_vol1_ch1_letter16.txt,Baxter,CHARLES BAXTER,FEBRUARY 2 1873,FEBRUARY,2.0,1873.0
PER,0.66674095,1520,1523,wikisource_vol1_ch1_letter16.txt,Dam,CHARLES BAXTER,FEBRUARY 2 1873,FEBRUARY,2.0,1873.0
PER,0.5506684,1851,1856,wikisource_vol1_ch1_letter16.txt,Devil,CHARLES BAXTER,FEBRUARY 2 1873,FEBRUARY,2.0,1873.0
LOC,0.99836826,10,26,wikisource_vol1_ch1_letter2.txt,Sulyarde Terrace,2 SULYARDE TERRACE,APRIL 1866,APRIL,,1866.0
LOC,0.9991496,28,35,wikisource_vol1_ch1_letter2.txt,Torquay,2 SULYARDE TERRACE,APRIL 1866,APRIL,,1866.0
PER,0.9996167,825,837,wikisource_vol1_ch1_letter2.txt,R. Stevenson,2 SULYARDE TERRACE,APRIL 1866,APRIL,,1866.0
PER,0.9847633,16,38,wikisource_vol1_ch1_letter3.txt,Thomas Stevenson Wick,MRS. THOMAS STEVENSON,SEPTEMBER 11 1868,SEPTEMBER,11.0,1868.0
LOC,0.96974105,94,96,wikisource_vol1_ch1_letter3.txt,##ck,MRS. THOMAS STEVENSON,SEPTEMBER 11 1868,SEPTEMBER,11.0,1868.0
LOC,0.99040157,255,263,wikisource_vol1_ch1_letter3.txt,Pulteney,MRS. THOMAS STEVENSON,SEPTEMBER 11 1868,SEPTEMBER,11.0,1868.0
LOC,0.9945673,447,451,wikisource_vol1_ch1_letter3.txt,Wick,MRS. THOMAS STEVENSON,SEPTEMBER 11 1868,SEPTEMBER,11.0,1868.0
LOC,0.73070276,775,779,wikisource_vol1_ch1_letter3.txt,Wick,MRS. THOMAS STEVENSON,SEPTEMBER 11 1868,SEPTEMBER,11.0,1868.0
LOC,0.99933296,946,954,wikisource_vol1_ch1_letter3.txt,Hebrides,MRS. THOMAS STEVENSON,SEPTEMBER 11 1868,SEPTEMBER,11.0,1868.0
LOC,0.99869394,1214,1218,wikisource_vol1_ch1_letter3.txt,Wick,MRS. THOMAS STEVENSON,SEPTEMBER 11 1868,SEPTEMBER,11.0,1868.0
LOC,0.9537138,1512,1520,wikisource_vol1_ch1_letter3.txt,Highland,MRS. THOMAS STEVENSON,SEPTEMBER 11 1868,SEPTEMBER,11.0,1868.0
PER,0.998237,16,38,wikisource_vol1_ch1_letter4.txt,Thomas Stevenson Wick,MRS. THOMAS STEVENSON,SEPTEMBER 5 1868,SEPTEMBER,5.0,1868.0
PER,0.8935935,169,173,wikisource_vol1_ch1_letter4.txt,Papa,MRS. THOMAS STEVENSON,SEPTEMBER 5 1868,SEPTEMBER,5.0,1868.0
PER,0.9969093,189,195,wikisource_vol1_ch1_letter4.txt,Virgil,MRS. THOMAS STEVENSON,SEPTEMBER 5 1868,SEPTEMBER,5.0,1868.0
PER,0.99876267,238,244,wikisource_vol1_ch1_letter4.txt,Aikman,MRS. THOMAS STEVENSON,SEPTEMBER 5 1868,SEPTEMBER,5.0,1868.0
PER,0.9994825,664,671,wikisource_vol1_ch1_letter4.txt,Herbert,MRS. THOMAS STEVENSON,SEPTEMBER 5 1868,SEPTEMBER,5.0,1868.0
PER,0.86354464,787,791,wikisource_vol1_ch1_letter4.txt,Papa,MRS. THOMAS STEVENSON,SEPTEMBER 5 1868,SEPTEMBER,5.0,1868.0
PER,0.999403,1127,1134,wikisource_vol1_ch1_letter4.txt,Herbert,MRS. THOMAS STEVENSON,SEPTEMBER 5 1868,SEPTEMBER,5.0,1868.0
LOC,0.5485657,1523,1527,wikisource_vol1_ch1_letter4.txt,Moon,MRS. THOMAS STEVENSON,SEPTEMBER 5 1868,SEPTEMBER,5.0,1868.0
PER,0.92449313,1661,1671,wikisource_vol1_ch1_letter4.txt,Betteredge,MRS. THOMAS STEVENSON,SEPTEMBER 5 1868,SEPTEMBER,5.0,1868.0
LOC,0.662479,1751,1757,wikisource_vol1_ch1_letter4.txt,Thurso,MRS. THOMAS STEVENSON,SEPTEMBER 5 1868,SEPTEMBER,5.0,1868.0
PER,0.9926947,16,38,wikisource_vol1_ch1_letter5.txt,Thomas Stevenson Wick,MRS. THOMAS STEVENSON,SEPTEMBER 1868,SEPTEMBER,,1868.0
PER,0.9996165,453,466,wikisource_vol1_ch1_letter5.txt,Geordie Grant,MRS. THOMAS STEVENSON,SEPTEMBER 1868,SEPTEMBER,,1868.0
PER,0.9820617,497,502,wikisource_vol1_ch1_letter5.txt,Shoot,MRS. THOMAS STEVENSON,SEPTEMBER 1868,SEPTEMBER,,1868.0
PER,0.9989354,815,820,wikisource_vol1_ch1_letter5.txt,David,MRS. THOMAS STEVENSON,SEPTEMBER 1868,SEPTEMBER,,1868.0
PER,0.99895906,822,831,wikisource_vol1_ch1_letter5.txt,MacDonald,MRS. THOMAS STEVENSON,SEPTEMBER 1868,SEPTEMBER,,1868.0
PER,0.9997611,1822,1837,wikisource_vol1_ch1_letter5.txt,Willie Traquair,MRS. THOMAS STEVENSON,SEPTEMBER 1868,SEPTEMBER,,1868.0
PER,0.99844706,16,42,wikisource_vol1_ch1_letter6.txt,Thomas Stevenson Pulteney,MRS. THOMAS STEVENSON,SEPTEMBER 1868,SEPTEMBER,,1868.0
LOC,0.99796057,44,48,wikisource_vol1_ch1_letter6.txt,Wick,MRS. THOMAS STEVENSON,SEPTEMBER 1868,SEPTEMBER,,1868.0
LOC,0.70252883,352,354,wikisource_vol1_ch1_letter6.txt,R.,MRS. THOMAS STEVENSON,SEPTEMBER 1868,SEPTEMBER,,1868.0
PER,0.99748564,809,814,wikisource_vol1_ch1_letter6.txt,Murra,MRS. THOMAS STEVENSON,SEPTEMBER 1868,SEPTEMBER,,1868.0
PER,0.99056965,819,825,wikisource_vol1_ch1_letter6.txt,Cummie,MRS. THOMAS STEVENSON,SEPTEMBER 1868,SEPTEMBER,,1868.0
LOC,0.7199078,1087,1088,wikisource_vol1_ch1_letter6.txt,R,MRS. THOMAS STEVENSON,SEPTEMBER 1868,SEPTEMBER,,1868.0
LOC,0.9990522,1357,1376,wikisource_vol1_ch1_letter6.txt,Breadalbane Terrace,MRS. THOMAS STEVENSON,SEPTEMBER 1868,SEPTEMBER,,1868.0
PER,0.99549055,1549,1554,wikisource_vol1_ch1_letter6.txt,Cummy,MRS. THOMAS STEVENSON,SEPTEMBER 1868,SEPTEMBER,,1868.0
PER,0.6761972,1739,1741,wikisource_vol1_ch1_letter6.txt,Au,MRS. THOMAS STEVENSON,SEPTEMBER 1868,SEPTEMBER,,1868.0
PER,0.8641915,1744,1752,wikisource_vol1_ch1_letter6.txt,Margaret,MRS. THOMAS STEVENSON,SEPTEMBER 1868,SEPTEMBER,,1868.0
PER,0.91448784,1777,1781,wikisource_vol1_ch1_letter6.txt,Alan,MRS. THOMAS STEVENSON,SEPTEMBER 1868,SEPTEMBER,,1868.0
PER,0.6266198,1790,1791,wikisource_vol1_ch1_letter6.txt,R,MRS. THOMAS STEVENSON,SEPTEMBER 1868,SEPTEMBER,,1868.0
PER,0.99935573,1801,1805,wikisource_vol1_ch1_letter6.txt,Sara,MRS. THOMAS STEVENSON,SEPTEMBER 1868,SEPTEMBER,,1868.0
PER,0.9894545,16,35,wikisource_vol1_ch1_letter7.txt,Churchill Babington,MRS. CHURCHILL BABINGTON,SUMMER 1871,SUMMER,,1871.0
LOC,0.96836185,38,54,wikisource_vol1_ch1_letter7.txt,Swanston Cottage,MRS. CHURCHILL BABINGTON,SUMMER 1871,SUMMER,,1871.0
LOC,0.9968872,56,67,wikisource_vol1_ch1_letter7.txt,Lothianburn,MRS. CHURCHILL BABINGTON,SUMMER 1871,SUMMER,,1871.0
PER,0.999151,91,95,wikisource_vol1_ch1_letter7.txt,Maud,MRS. CHURCHILL BABINGTON,SUMMER 1871,SUMMER,,1871.0
LOC,0.5090954,953,962,wikisource_vol1_ch1_letter7.txt,Clarendon,MRS. CHURCHILL BABINGTON,SUMMER 1871,SUMMER,,1871.0
PER,0.99788934,1542,1552,wikisource_vol1_ch1_letter7.txt,Hutchinson,MRS. CHURCHILL BABINGTON,SUMMER 1871,SUMMER,,1871.0
PER,0.9996047,11,28,wikisource_vol1_ch1_letter8.txt,Alison Cunningham,ALISON CUNNINGHAM,1871,,,1871.0
PER,0.9634081,44,49,wikisource_vol1_ch1_letter8.txt,Cummy,ALISON CUNNINGHAM,1871,,,1871.0
PER,0.99666524,585,590,wikisource_vol1_ch1_letter8.txt,Cummy,ALISON CUNNINGHAM,1871,,,1871.0
PER,0.9998147,1045,1048,wikisource_vol1_ch1_letter8.txt,God,ALISON CUNNINGHAM,1871,,,1871.0
PER,0.9988494,1664,1669,wikisource_vol1_ch1_letter8.txt,Cummy,ALISON CUNNINGHAM,1871,,,1871.0
PER,0.9997377,1746,1751,wikisource_vol1_ch1_letter8.txt,Louis,ALISON CUNNINGHAM,1871,,,1871.0
PER,0.97482896,11,35,wikisource_vol1_ch1_letter9.txt,Charles Baxter Dunblane,CHARLES BAXTER,MARCH 5 1872,MARCH,5.0,1872.0
PER,0.77200615,69,75,wikisource_vol1_ch1_letter9.txt,Baxter,CHARLES BAXTER,MARCH 5 1872,MARCH,5.0,1872.0
LOC,0.9995672,278,293,wikisource_vol1_ch1_letter9.txt,Bridge of Allan,CHARLES BAXTER,MARCH 5 1872,MARCH,5.0,1872.0
PER,0.99867046,729,735,wikisource_vol1_ch1_letter9.txt,Virgil,CHARLES BAXTER,MARCH 5 1872,MARCH,5.0,1872.0
PER,0.99915314,982,990,wikisource_vol1_ch1_letter9.txt,Menalcas,CHARLES BAXTER,MARCH 5 1872,MARCH,5.0,1872.0
PER,0.99959534,1450,1453,wikisource_vol1_ch1_letter9.txt,God,CHARLES BAXTER,MARCH 5 1872,MARCH,5.0,1872.0
PER,0.98003,1867,1874,wikisource_vol1_ch1_letter9.txt,Guthrie,CHARLES BAXTER,MARCH 5 1872,MARCH,5.0,1872.0
PER,0.8177606,17,44,wikisource_vol1_ch2_letter1.txt,Thomas Stevenson Cockfield,MRS. THOMAS STEVENSON,JULY 28 1873,JULY,28.0,1873.0
LOC,0.9989016,54,61,wikisource_vol1_ch2_letter1.txt,Sudbury,MRS. THOMAS STEVENSON,JULY 28 1873,JULY,28.0,1873.0
LOC,0.9998487,63,70,wikisource_vol1_ch2_letter1.txt,Suffolk,MRS. THOMAS STEVENSON,JULY 28 1873,JULY,28.0,1873.0
LOC,0.99960315,186,193,wikisource_vol1_ch2_letter1.txt,Melford,MRS. THOMAS STEVENSON,JULY 28 1873,JULY,28.0,1873.0
LOC,0.99884915,198,206,wikisource_vol1_ch2_letter1.txt,Lavenham,MRS. THOMAS STEVENSON,JULY 28 1873,JULY,28.0,1873.0
LOC,0.9996016,264,271,wikisource_vol1_ch2_letter1.txt,Melford,MRS. THOMAS STEVENSON,JULY 28 1873,JULY,28.0,1873.0
LOC,0.5531759,322,324,wikisource_vol1_ch2_letter1.txt,##an,MRS. THOMAS STEVENSON,JULY 28 1873,JULY,28.0,1873.0
LOC,0.9999021,553,561,wikisource_vol1_ch2_letter1.txt,Scotland,MRS. THOMAS STEVENSON,JULY 28 1873,JULY,28.0,1873.0
LOC,0.99983513,704,711,wikisource_vol1_ch2_letter1.txt,England,MRS. THOMAS STEVENSON,JULY 28 1873,JULY,28.0,1873.0
LOC,0.99987864,716,724,wikisource_vol1_ch2_letter1.txt,Scotland,MRS. THOMAS STEVENSON,JULY 28 1873,JULY,28.0,1873.0
LOC,0.999915,824,830,wikisource_vol1_ch2_letter1.txt,France,MRS. THOMAS STEVENSON,JULY 28 1873,JULY,28.0,1873.0
LOC,0.99991024,834,841,wikisource_vol1_ch2_letter1.txt,Germany,MRS. THOMAS STEVENSON,JULY 28 1873,JULY,28.0,1873.0
PER,0.99700767,1242,1249,wikisource_vol1_ch2_letter1.txt,R. L. S,MRS. THOMAS STEVENSON,JULY 28 1873,JULY,28.0,1873.0
PER,0.9822161,16,41,wikisource_vol1_ch2_letter10.txt,Thomas Stevenson Mentone,MRS. THOMAS STEVENSON,JANUARY 7 1874,JANUARY,7.0,1874.0
PER,0.99963355,249,254,wikisource_vol1_ch2_letter10.txt,Marie,MRS. THOMAS STEVENSON,JANUARY 7 1874,JANUARY,7.0,1874.0
PER,0.9993099,429,436,wikisource_vol1_ch2_letter10.txt,Robinet,MRS. THOMAS STEVENSON,JANUARY 7 1874,JANUARY,7.0,1874.0
PER,0.98897445,465,471,wikisource_vol1_ch2_letter10.txt,Favori,MRS. THOMAS STEVENSON,JANUARY 7 1874,JANUARY,7.0,1874.0
PER,0.99968874,536,541,wikisource_vol1_ch2_letter10.txt,Marie,MRS. THOMAS STEVENSON,JANUARY 7 1874,JANUARY,7.0,1874.0
PER,0.9264634,1111,1119,wikisource_vol1_ch2_letter10.txt,Polisson,MRS. THOMAS STEVENSON,JANUARY 7 1874,JANUARY,7.0,1874.0
PER,0.9701078,1281,1288,wikisource_vol1_ch2_letter10.txt,Madchen,MRS. THOMAS STEVENSON,JANUARY 7 1874,JANUARY,7.0,1874.0
PER,0.8842274,1405,1412,wikisource_vol1_ch2_letter10.txt,Madchen,MRS. THOMAS STEVENSON,JANUARY 7 1874,JANUARY,7.0,1874.0
PER,0.9150567,1414,1421,wikisource_vol1_ch2_letter10.txt,Madchen,MRS. THOMAS STEVENSON,JANUARY 7 1874,JANUARY,7.0,1874.0
PER,0.93029183,1423,1430,wikisource_vol1_ch2_letter10.txt,Madchen,MRS. THOMAS STEVENSON,JANUARY 7 1874,JANUARY,7.0,1874.0
PER,0.93841946,1432,1439,wikisource_vol1_ch2_letter10.txt,Madchen,MRS. THOMAS STEVENSON,JANUARY 7 1874,JANUARY,7.0,1874.0
PER,0.9984066,2119,2123,wikisource_vol1_ch2_letter10.txt,Swan,MRS. THOMAS STEVENSON,JANUARY 7 1874,JANUARY,7.0,1874.0
PER,0.9988908,16,32,wikisource_vol1_ch2_letter11.txt,Sitwell Mentone,MRS. SITWELL,JANUARY 13 1874,JANUARY,13.0,1874.0
PER,0.9975429,77,86,wikisource_vol1_ch2_letter11.txt,Philipine,MRS. SITWELL,JANUARY 13 1874,JANUARY,13.0,1874.0
PER,0.9980803,97,111,wikisource_vol1_ch2_letter11.txt,Mary Johnstone,MRS. SITWELL,JANUARY 13 1874,JANUARY,13.0,1874.0
PER,0.9991909,972,978,wikisource_vol1_ch2_letter11.txt,Bennet,MRS. SITWELL,JANUARY 13 1874,JANUARY,13.0,1874.0
PER,0.9991915,16,23,wikisource_vol1_ch2_letter12.txt,Sitwell,MRS. SITWELL,JANUARY 1874,JANUARY,,1874.0
LOC,0.9964596,26,33,wikisource_vol1_ch2_letter12.txt,Mentone,MRS. SITWELL,JANUARY 1874,JANUARY,,1874.0
LOC,0.9997062,250,257,wikisource_vol1_ch2_letter12.txt,America,MRS. SITWELL,JANUARY 1874,JANUARY,,1874.0
LOC,0.9992525,451,458,wikisource_vol1_ch2_letter12.txt,Alabama,MRS. SITWELL,JANUARY 1874,JANUARY,,1874.0
LOC,0.99980575,705,712,wikisource_vol1_ch2_letter12.txt,England,MRS. SITWELL,JANUARY 1874,JANUARY,,1874.0
PER,0.99963135,1432,1441,wikisource_vol1_ch2_letter12.txt,John Knox,MRS. SITWELL,JANUARY 1874,JANUARY,,1874.0
PER,0.9996613,1443,1453,wikisource_vol1_ch2_letter12.txt,David Hume,MRS. SITWELL,JANUARY 1874,JANUARY,,1874.0
PER,0.99967325,1455,1467,wikisource_vol1_ch2_letter12.txt,Robert Burns,MRS. SITWELL,JANUARY 1874,JANUARY,,1874.0
PER,0.9996805,1469,1481,wikisource_vol1_ch2_letter12.txt,Walter Scott,MRS. SITWELL,JANUARY 1874,JANUARY,,1874.0
PER,0.9967399,1729,1733,wikisource_vol1_ch2_letter12.txt,Knox,MRS. SITWELL,JANUARY 1874,JANUARY,,1874.0
LOC,0.9995782,1935,1943,wikisource_vol1_ch2_letter12.txt,Scotland,MRS. SITWELL,JANUARY 1874,JANUARY,,1874.0
PER,0.9998603,2022,2026,wikisource_vol1_ch2_letter12.txt,Hume,MRS. SITWELL,JANUARY 1874,JANUARY,,1874.0
PER,0.99667,16,32,wikisource_vol1_ch2_letter13.txt,Thomas Stevenson,MRS. THOMAS STEVENSON,MARCH 28 1874,MARCH,28.0,1874.0
LOC,0.9944377,35,42,wikisource_vol1_ch2_letter13.txt,Mentone,MRS. THOMAS STEVENSON,MARCH 28 1874,MARCH,28.0,1874.0
LOC,0.96392006,425,431,wikisource_vol1_ch2_letter13.txt,Heaven,MRS. THOMAS STEVENSON,MARCH 28 1874,MARCH,28.0,1874.0
PER,0.9962741,618,633,wikisource_vol1_ch2_letter13.txt,Tristram Shandy,MRS. THOMAS STEVENSON,MARCH 28 1874,MARCH,28.0,1874.0
PER,0.90228504,1400,1406,wikisource_vol1_ch2_letter13.txt,Prince,MRS. THOMAS STEVENSON,MARCH 28 1874,MARCH,28.0,1874.0
PER,0.9753855,1408,1415,wikisource_vol1_ch2_letter13.txt,R. L. S,MRS. THOMAS STEVENSON,MARCH 28 1874,MARCH,28.0,1874.0
PER,0.99837375,16,23,wikisource_vol1_ch2_letter14.txt,Sitwell,MRS. SITWELL,MAY 1874,MAY,,1874.0
LOC,0.9965536,26,34,wikisource_vol1_ch2_letter14.txt,Swanston,MRS. SITWELL,MAY 1874,MAY,,1874.0
LOC,0.98109037,69,85,wikisource_vol1_ch2_letter14.txt,Swanston Cottage,MRS. SITWELL,MAY 1874,MAY,,1874.0
LOC,0.9973691,87,98,wikisource_vol1_ch2_letter14.txt,Lothianburn,MRS. SITWELL,MAY 1874,MAY,,1874.0
LOC,0.99978596,100,109,wikisource_vol1_ch2_letter14.txt,Edinburgh,MRS. SITWELL,MAY 1874,MAY,,1874.0
PER,0.99807835,316,327,wikisource_vol1_ch2_letter14.txt,Victor Hugo,MRS. SITWELL,MAY 1874,MAY,,1874.0
ORG,0.5945534,1840,1853,wikisource_vol1_ch2_letter14.txt,Ordered South,MRS. SITWELL,MAY 1874,MAY,,1874.0
PER,0.9995153,16,33,wikisource_vol1_ch2_letter15.txt,Sitwell Swanston,MRS. SITWELL,MAY 1874,MAY,,1874.0
PER,0.99954474,790,804,wikisource_vol1_ch2_letter15.txt,Leslie Stephen,MRS. SITWELL,MAY 1874,MAY,,1874.0
PER,0.99943304,821,832,wikisource_vol1_ch2_letter15.txt,Victor Hugo,MRS. SITWELL,MAY 1874,MAY,,1874.0
PER,0.9719587,1075,1081,wikisource_vol1_ch2_letter15.txt,Lytton,MRS. SITWELL,MAY 1874,MAY,,1874.0
PER,0.9997408,1159,1165,wikisource_vol1_ch2_letter15.txt,Morley,MRS. SITWELL,MAY 1874,MAY,,1874.0
LOC,0.9997445,1782,1790,wikisource_vol1_ch2_letter15.txt,Scotland,MRS. SITWELL,MAY 1874,MAY,,1874.0
LOC,0.993097,39,48,wikisource_vol1_ch2_letter16.txt,Edinburgh,MRS. SITWELL,AUGUST 8 1874,AUGUST,8.0,1874.0
LOC,0.99417406,53,60,wikisource_vol1_ch2_letter16.txt,Chester,MRS. SITWELL,AUGUST 8 1874,AUGUST,8.0,1874.0
LOC,0.997552,173,181,wikisource_vol1_ch2_letter16.txt,Swanston,MRS. SITWELL,AUGUST 8 1874,AUGUST,8.0,1874.0
LOC,0.99827814,809,816,wikisource_vol1_ch2_letter16.txt,Chester,MRS. SITWELL,AUGUST 8 1874,AUGUST,8.0,1874.0
LOC,0.9996978,1404,1414,wikisource_vol1_ch2_letter16.txt,Cumberland,MRS. SITWELL,AUGUST 8 1874,AUGUST,8.0,1874.0
LOC,0.9994204,1697,1704,wikisource_vol1_ch2_letter16.txt,Suffolk,MRS. SITWELL,AUGUST 8 1874,AUGUST,8.0,1874.0
PER,0.99943304,16,33,wikisource_vol1_ch2_letter17.txt,Sitwell Swanston,MRS. SITWELL,AUTUMN 1874,AUTUMN,,1874.0
PER,0.9892616,143,146,wikisource_vol1_ch2_letter17.txt,Bob,MRS. SITWELL,AUTUMN 1874,AUTUMN,,1874.0
PER,0.9968396,1645,1654,wikisource_vol1_ch2_letter17.txt,John Knox,MRS. SITWELL,AUTUMN 1874,AUTUMN,,1874.0
PER,0.99824977,16,23,wikisource_vol1_ch2_letter18.txt,Sitwell,MRS. SITWELL,DECEMBER 23 1874,DECEMBER,23.0,1874.0
LOC,0.9997458,26,35,wikisource_vol1_ch2_letter18.txt,Edinburgh,MRS. SITWELL,DECEMBER 23 1874,DECEMBER,23.0,1874.0
LOC,0.9986911,170,181,wikisource_vol1_ch2_letter18.txt,Duddingston,MRS. SITWELL,DECEMBER 23 1874,DECEMBER,23.0,1874.0
LOC,0.95786107,760,775,wikisource_vol1_ch2_letter18.txt,Buckinghamshire,MRS. SITWELL,DECEMBER 23 1874,DECEMBER,23.0,1874.0
LOC,0.9974815,799,810,wikisource_vol1_ch2_letter18.txt,Duddingston,MRS. SITWELL,DECEMBER 23 1874,DECEMBER,23.0,1874.0
LOC,0.9974717,1072,1083,wikisource_vol1_ch2_letter18.txt,Duddingston,MRS. SITWELL,DECEMBER 23 1874,DECEMBER,23.0,1874.0
PER,0.9560407,11,24,wikisource_vol1_ch2_letter19.txt,Sidney Colvin,SIDNEY COLVIN,JANUARY 1875,JANUARY,,1875.0
LOC,0.99758744,29,40,wikisource_vol1_ch2_letter19.txt,Heriot Road,SIDNEY COLVIN,JANUARY 1875,JANUARY,,1875.0
LOC,0.9997069,42,51,wikisource_vol1_ch2_letter19.txt,Edinburgh,SIDNEY COLVIN,JANUARY 1875,JANUARY,,1875.0
PER,0.74933124,893,901,wikisource_vol1_ch2_letter19.txt,Appleton,SIDNEY COLVIN,JANUARY 1875,JANUARY,,1875.0
LOC,0.8231404,996,999,wikisource_vol1_ch2_letter19.txt,Ban,SIDNEY COLVIN,JANUARY 1875,JANUARY,,1875.0
PER,0.9898149,999,1004,wikisource_vol1_ch2_letter19.txt,##ville,SIDNEY COLVIN,JANUARY 1875,JANUARY,,1875.0
PER,0.98753166,1006,1012,wikisource_vol1_ch2_letter19.txt,Coppee,SIDNEY COLVIN,JANUARY 1875,JANUARY,,1875.0
PER,0.99092674,1014,1021,wikisource_vol1_ch2_letter19.txt,Soulary,SIDNEY COLVIN,JANUARY 1875,JANUARY,,1875.0
PER,0.9988432,1027,1042,wikisource_vol1_ch2_letter19.txt,Sully Prudhomme,SIDNEY COLVIN,JANUARY 1875,JANUARY,,1875.0
ORG,0.7649972,1109,1118,wikisource_vol1_ch2_letter19.txt,Portfolio,SIDNEY COLVIN,JANUARY 1875,JANUARY,,1875.0
LOC,0.99908304,1334,1339,wikisource_vol1_ch2_letter19.txt,Italy,SIDNEY COLVIN,JANUARY 1875,JANUARY,,1875.0
ORG,0.9107922,1542,1551,wikisource_vol1_ch2_letter19.txt,Portfolio,SIDNEY COLVIN,JANUARY 1875,JANUARY,,1875.0
LOC,0.9997627,1572,1580,wikisource_vol1_ch2_letter19.txt,Scotland,SIDNEY COLVIN,JANUARY 1875,JANUARY,,1875.0
LOC,0.99977523,1585,1592,wikisource_vol1_ch2_letter19.txt,England,SIDNEY COLVIN,JANUARY 1875,JANUARY,,1875.0
PER,0.999221,1608,1623,wikisource_vol1_ch2_letter19.txt,R. L. Stevenson,SIDNEY COLVIN,JANUARY 1875,JANUARY,,1875.0
PER,0.99685943,16,23,wikisource_vol1_ch2_letter2.txt,Sitwell,MRS. SITWELL,SEPTEMBER 6 1873,SEPTEMBER,6.0,1873.0
LOC,0.985933,28,38,wikisource_vol1_ch2_letter2.txt,Heriot Row,MRS. SITWELL,SEPTEMBER 6 1873,SEPTEMBER,6.0,1873.0
LOC,0.999754,40,49,wikisource_vol1_ch2_letter2.txt,Edinburgh,MRS. SITWELL,SEPTEMBER 6 1873,SEPTEMBER,6.0,1873.0
LOC,0.99076945,1510,1517,wikisource_vol1_ch2_letter2.txt,Te Deum,MRS. SITWELL,SEPTEMBER 6 1873,SEPTEMBER,6.0,1873.0
LOC,0.99959785,1613,1622,wikisource_vol1_ch2_letter2.txt,Edinburgh,MRS. SITWELL,SEPTEMBER 6 1873,SEPTEMBER,6.0,1873.0
PER,0.9939228,16,23,wikisource_vol1_ch2_letter20.txt,Sitwell,MRS. SITWELL,FEBRUARY 1875,FEBRUARY,,1875.0
LOC,0.99938905,25,34,wikisource_vol1_ch2_letter20.txt,Edinburgh,MRS. SITWELL,FEBRUARY 1875,FEBRUARY,,1875.0
PER,0.999701,1740,1754,wikisource_vol1_ch2_letter20.txt,Leslie Stephen,MRS. SITWELL,FEBRUARY 1875,FEBRUARY,,1875.0
PER,0.9947751,11,24,wikisource_vol1_ch2_letter21.txt,Sidney Colvin,SIDNEY COLVIN,FEBRUARY 8 1875,FEBRUARY,8.0,1875.0
PER,0.7535153,119,123,wikisource_vol1_ch2_letter21.txt,Knox,SIDNEY COLVIN,FEBRUARY 8 1875,FEBRUARY,8.0,1875.0
PER,0.99971217,754,757,wikisource_vol1_ch2_letter21.txt,God,SIDNEY COLVIN,FEBRUARY 8 1875,FEBRUARY,8.0,1875.0
PER,0.9998319,806,812,wikisource_vol1_ch2_letter21.txt,Balzac,SIDNEY COLVIN,FEBRUARY 8 1875,FEBRUARY,8.0,1875.0
PER,0.9786208,937,944,wikisource_vol1_ch2_letter21.txt,R. L. S,SIDNEY COLVIN,FEBRUARY 8 1875,FEBRUARY,8.0,1875.0
PER,0.99643636,16,23,wikisource_vol1_ch2_letter22.txt,Sitwell,MRS. SITWELL,APRIL 1875,APRIL,,1875.0
LOC,0.9967533,26,34,wikisource_vol1_ch2_letter22.txt,Barbizon,MRS. SITWELL,APRIL 1875,APRIL,,1875.0
PER,0.9994383,699,706,wikisource_vol1_ch2_letter22.txt,R. L. S,MRS. SITWELL,APRIL 1875,APRIL,,1875.0
PER,0.9967019,16,23,wikisource_vol1_ch2_letter23.txt,Sitwell,MRS. SITWELL,APRIL 1875,APRIL,,1875.0
LOC,0.9731807,28,38,wikisource_vol1_ch2_letter23.txt,Heriot Row,MRS. SITWELL,APRIL 1875,APRIL,,1875.0
LOC,0.99971384,40,49,wikisource_vol1_ch2_letter23.txt,Edinburgh,MRS. SITWELL,APRIL 1875,APRIL,,1875.0
PER,0.92190015,537,542,wikisource_vol1_ch2_letter23.txt,Mammy,MRS. SITWELL,APRIL 1875,APRIL,,1875.0
PER,0.9985333,817,829,wikisource_vol1_ch2_letter23.txt,Tommy Murphy,MRS. SITWELL,APRIL 1875,APRIL,,1875.0
LOC,0.9991992,958,972,wikisource_vol1_ch2_letter23.txt,Princes Street,MRS. SITWELL,APRIL 1875,APRIL,,1875.0
PER,0.6712499,1278,1284,wikisource_vol1_ch2_letter23.txt,Murphy,MRS. SITWELL,APRIL 1875,APRIL,,1875.0
LOC,0.9993735,1363,1370,wikisource_vol1_ch2_letter23.txt,Tobauga,MRS. SITWELL,APRIL 1875,APRIL,,1875.0
LOC,0.84129304,1372,1386,wikisource_vol1_ch2_letter23.txt,Tobago ) Street,MRS. SITWELL,APRIL 1875,APRIL,,1875.0
PER,0.99885607,1559,1565,wikisource_vol1_ch2_letter23.txt,Murphy,MRS. SITWELL,APRIL 1875,APRIL,,1875.0
PER,0.6667699,1651,1657,wikisource_vol1_ch2_letter23.txt,Murphy,MRS. SITWELL,APRIL 1875,APRIL,,1875.0
PER,0.99843013,16,23,wikisource_vol1_ch2_letter24.txt,Sitwell,MRS. SITWELL,APRIL 1875,APRIL,,1875.0
LOC,0.79465413,26,34,wikisource_vol1_ch2_letter24.txt,Swanston,MRS. SITWELL,APRIL 1875,APRIL,,1875.0
LOC,0.9996206,105,120,wikisource_vol1_ch2_letter24.txt,Bridge Of Allan,MRS. SITWELL,APRIL 1875,APRIL,,1875.0
PER,0.99885786,157,164,wikisource_vol1_ch2_letter24.txt,Simpson,MRS. SITWELL,APRIL 1875,APRIL,,1875.0
PER,0.9955178,169,175,wikisource_vol1_ch2_letter24.txt,Baxter,MRS. SITWELL,APRIL 1875,APRIL,,1875.0
LOC,0.99898344,638,644,wikisource_vol1_ch2_letter24.txt,London,MRS. SITWELL,APRIL 1875,APRIL,,1875.0
PER,0.9052564,744,750,wikisource_vol1_ch2_letter24.txt,Henley,MRS. SITWELL,APRIL 1875,APRIL,,1875.0
PER,0.99956757,814,821,wikisource_vol1_ch2_letter24.txt,Stephen,MRS. SITWELL,APRIL 1875,APRIL,,1875.0
PER,0.99969804,1485,1489,wikisource_vol1_ch2_letter24.txt,Dora,MRS. SITWELL,APRIL 1875,APRIL,,1875.0
PER,0.99893016,1675,1682,wikisource_vol1_ch2_letter24.txt,R. L. S,MRS. SITWELL,APRIL 1875,APRIL,,1875.0
PER,0.99796534,16,23,wikisource_vol1_ch2_letter25.txt,Sitwell,MRS. SITWELL,APRIL 1875,APRIL,,1875.0
LOC,0.9994222,26,35,wikisource_vol1_ch2_letter25.txt,Edinburgh,MRS. SITWELL,APRIL 1875,APRIL,,1875.0
PER,0.60324043,1248,1253,wikisource_vol1_ch2_letter25.txt,Happy,MRS. SITWELL,APRIL 1875,APRIL,,1875.0
PER,0.97589386,1439,1446,wikisource_vol1_ch2_letter25.txt,R. L. S,MRS. SITWELL,APRIL 1875,APRIL,,1875.0
PER,0.9983963,1604,1610,wikisource_vol1_ch2_letter25.txt,Orsino,MRS. SITWELL,APRIL 1875,APRIL,,1875.0
PER,0.99966943,1612,1615,wikisource_vol1_ch2_letter25.txt,God,MRS. SITWELL,APRIL 1875,APRIL,,1875.0
PER,0.99901676,1652,1658,wikisource_vol1_ch2_letter25.txt,Henley,MRS. SITWELL,APRIL 1875,APRIL,,1875.0
ORG,0.6260106,1693,1696,wikisource_vol1_ch2_letter25.txt,Cor,MRS. SITWELL,APRIL 1875,APRIL,,1875.0
LOC,0.70784694,1696,1701,wikisource_vol1_ch2_letter25.txt,##nhill,MRS. SITWELL,APRIL 1875,APRIL,,1875.0
PER,0.9992049,16,23,wikisource_vol1_ch2_letter26.txt,Sitwell,MRS. SITWELL,JUNE 1875,JUNE,,1875.0
LOC,0.9996972,26,35,wikisource_vol1_ch2_letter26.txt,Edinburgh,MRS. SITWELL,JUNE 1875,JUNE,,1875.0
PER,0.99907994,152,157,wikisource_vol1_ch2_letter26.txt,Burns,MRS. SITWELL,JUNE 1875,JUNE,,1875.0
LOC,0.99979585,244,248,wikisource_vol1_ch2_letter26.txt,Kent,MRS. SITWELL,JUNE 1875,JUNE,,1875.0
ORG,0.9438669,254,258,wikisource_vol1_ch2_letter26.txt,A. - B,MRS. SITWELL,JUNE 1875,JUNE,,1875.0
ORG,0.9983673,486,500,wikisource_vol1_ch2_letter26.txt,Worcestershire,MRS. SITWELL,JUNE 1875,JUNE,,1875.0
PER,0.9822324,552,559,wikisource_vol1_ch2_letter26.txt,R. L. S,MRS. SITWELL,JUNE 1875,JUNE,,1875.0
LOC,0.9997665,652,663,wikisource_vol1_ch2_letter26.txt,New Zealand,MRS. SITWELL,JUNE 1875,JUNE,,1875.0
LOC,0.9996596,690,707,wikisource_vol1_ch2_letter26.txt,South Sea Islands,MRS. SITWELL,JUNE 1875,JUNE,,1875.0
LOC,0.98794025,972,990,wikisource_vol1_ch2_letter26.txt,Navigator ' s Island,MRS. SITWELL,JUNE 1875,JUNE,,1875.0
PER,0.99769086,1063,1070,wikisource_vol1_ch2_letter26.txt,R. L. S,MRS. SITWELL,JUNE 1875,JUNE,,1875.0
PER,0.9995644,16,33,wikisource_vol1_ch2_letter27.txt,Sitwell Swanston,MRS. SITWELL,JUNE 1875,JUNE,,1875.0
ORG,0.45388317,287,297,wikisource_vol1_ch2_letter27.txt,Providence,MRS. SITWELL,JUNE 1875,JUNE,,1875.0
LOC,0.9974865,397,410,wikisource_vol1_ch2_letter27.txt,Fontainebleau,MRS. SITWELL,JUNE 1875,JUNE,,1875.0
LOC,0.9974981,513,526,wikisource_vol1_ch2_letter27.txt,Fontainebleau,MRS. SITWELL,JUNE 1875,JUNE,,1875.0
LOC,0.9995952,1146,1155,wikisource_vol1_ch2_letter27.txt,Dunkerque,MRS. SITWELL,JUNE 1875,JUNE,,1875.0
PER,0.9985914,1394,1402,wikisource_vol1_ch2_letter27.txt,Torrence,MRS. SITWELL,JUNE 1875,JUNE,,1875.0
PER,0.99953234,1556,1567,wikisource_vol1_ch2_letter27.txt,John Inglis,MRS. SITWELL,JUNE 1875,JUNE,,1875.0
LOC,0.9996743,1589,1597,wikisource_vol1_ch2_letter27.txt,Scotland,MRS. SITWELL,JUNE 1875,JUNE,,1875.0
PER,0.9992545,1777,1784,wikisource_vol1_ch2_letter27.txt,R. L. S,MRS. SITWELL,JUNE 1875,JUNE,,1875.0
PER,0.99754363,16,23,wikisource_vol1_ch2_letter3.txt,Sitwell,MRS. SITWELL,SEPTEMBER 12 1873,SEPTEMBER,12.0,1873.0
LOC,0.99670964,28,38,wikisource_vol1_ch2_letter3.txt,Heriot Row,MRS. SITWELL,SEPTEMBER 12 1873,SEPTEMBER,12.0,1873.0
LOC,0.9998153,40,49,wikisource_vol1_ch2_letter3.txt,Edinburgh,MRS. SITWELL,SEPTEMBER 12 1873,SEPTEMBER,12.0,1873.0
LOC,0.9978348,136,141,wikisource_vol1_ch2_letter3.txt,Leven,MRS. SITWELL,SEPTEMBER 12 1873,SEPTEMBER,12.0,1873.0
LOC,0.999688,143,147,wikisource_vol1_ch2_letter3.txt,Fife,MRS. SITWELL,SEPTEMBER 12 1873,SEPTEMBER,12.0,1873.0
PER,0.99969935,498,504,wikisource_vol1_ch2_letter3.txt,Hebete,MRS. SITWELL,SEPTEMBER 12 1873,SEPTEMBER,12.0,1873.0
LOC,0.9998305,553,561,wikisource_vol1_ch2_letter3.txt,Scotland,MRS. SITWELL,SEPTEMBER 12 1873,SEPTEMBER,12.0,1873.0
LOC,0.99975234,691,698,wikisource_vol1_ch2_letter3.txt,Suffolk,MRS. SITWELL,SEPTEMBER 12 1873,SEPTEMBER,12.0,1873.0
PER,0.9995578,1372,1381,wikisource_vol1_ch2_letter3.txt,John Knox,MRS. SITWELL,SEPTEMBER 12 1873,SEPTEMBER,12.0,1873.0
LOC,0.9860233,1560,1574,wikisource_vol1_ch2_letter3.txt,Public Gardens,MRS. SITWELL,SEPTEMBER 12 1873,SEPTEMBER,12.0,1873.0
LOC,0.9985442,1708,1715,wikisource_vol1_ch2_letter3.txt,Granton,MRS. SITWELL,SEPTEMBER 12 1873,SEPTEMBER,12.0,1873.0
LOC,0.9957164,1720,1727,wikisource_vol1_ch2_letter3.txt,Cramond,MRS. SITWELL,SEPTEMBER 12 1873,SEPTEMBER,12.0,1873.0
LOC,0.9990613,1785,1790,wikisource_vol1_ch2_letter3.txt,Firth,MRS. SITWELL,SEPTEMBER 12 1873,SEPTEMBER,12.0,1873.0
PER,0.9977673,16,23,wikisource_vol1_ch2_letter4.txt,Sitwell,MRS. SITWELL,SEPTEMBER 16 1873,SEPTEMBER,16.0,1873.0
LOC,0.99965644,25,34,wikisource_vol1_ch2_letter4.txt,Edinburgh,MRS. SITWELL,SEPTEMBER 16 1873,SEPTEMBER,16.0,1873.0
LOC,0.9997468,533,541,wikisource_vol1_ch2_letter4.txt,Dumfries,MRS. SITWELL,SEPTEMBER 16 1873,SEPTEMBER,16.0,1873.0
LOC,0.99959725,690,700,wikisource_vol1_ch2_letter4.txt,Portobello,MRS. SITWELL,SEPTEMBER 16 1873,SEPTEMBER,16.0,1873.0
PER,0.9995715,1185,1192,wikisource_vol1_ch2_letter4.txt,Madonna,MRS. SITWELL,SEPTEMBER 16 1873,SEPTEMBER,16.0,1873.0
PER,0.9978502,1468,1476,wikisource_vol1_ch2_letter4.txt,Falstaff,MRS. SITWELL,SEPTEMBER 16 1873,SEPTEMBER,16.0,1873.0
PER,0.97683173,1486,1493,wikisource_vol1_ch2_letter4.txt,Quickly,MRS. SITWELL,SEPTEMBER 16 1873,SEPTEMBER,16.0,1873.0
PER,0.9996958,1970,1977,wikisource_vol1_ch2_letter4.txt,Madonna,MRS. SITWELL,SEPTEMBER 16 1873,SEPTEMBER,16.0,1873.0
PER,0.9982861,16,23,wikisource_vol1_ch2_letter5.txt,Sitwell,MRS. SITWELL,OCTOBER 4 1873,OCTOBER,4.0,1873.0
LOC,0.99977094,26,35,wikisource_vol1_ch2_letter5.txt,Edinburgh,MRS. SITWELL,OCTOBER 4 1873,OCTOBER,4.0,1873.0
PER,0.99965584,673,679,wikisource_vol1_ch2_letter5.txt,Baxter,MRS. SITWELL,OCTOBER 4 1873,OCTOBER,4.0,1873.0
PER,0.7971728,926,932,wikisource_vol1_ch2_letter5.txt,Arthur,MRS. SITWELL,OCTOBER 4 1873,OCTOBER,4.0,1873.0
LOC,0.636939,932,939,wikisource_vol1_ch2_letter5.txt,' s Seat,MRS. SITWELL,OCTOBER 4 1873,OCTOBER,4.0,1873.0
LOC,0.9803303,1406,1412,wikisource_vol1_ch2_letter5.txt,Castle,MRS. SITWELL,OCTOBER 4 1873,OCTOBER,4.0,1873.0
PER,0.9996599,1498,1504,wikisource_vol1_ch2_letter5.txt,Baxter,MRS. SITWELL,OCTOBER 4 1873,OCTOBER,4.0,1873.0
LOC,0.9881905,1530,1544,wikisource_vol1_ch2_letter5.txt,Princes Street,MRS. SITWELL,OCTOBER 4 1873,OCTOBER,4.0,1873.0
LOC,0.9953561,1965,1970,wikisource_vol1_ch2_letter5.txt,Leith,MRS. SITWELL,OCTOBER 4 1873,OCTOBER,4.0,1873.0
PER,0.99803245,16,23,wikisource_vol1_ch2_letter6.txt,Sitwell,MRS. SITWELL,OCTOBER 14 1873,OCTOBER,14.0,1873.0
LOC,0.9998216,26,35,wikisource_vol1_ch2_letter6.txt,Edinburgh,MRS. SITWELL,OCTOBER 14 1873,OCTOBER,14.0,1873.0
LOC,0.9991982,289,303,wikisource_vol1_ch2_letter6.txt,Princes Street,MRS. SITWELL,OCTOBER 14 1873,OCTOBER,14.0,1873.0
PER,0.74793035,863,875,wikisource_vol1_ch2_letter6.txt,Les Medecins,MRS. SITWELL,OCTOBER 14 1873,OCTOBER,14.0,1873.0
PER,0.6771883,1270,1274,wikisource_vol1_ch2_letter6.txt,Lord,MRS. SITWELL,OCTOBER 14 1873,OCTOBER,14.0,1873.0
ORG,0.8098645,1362,1373,wikisource_vol1_ch2_letter6.txt,English Bar,MRS. SITWELL,OCTOBER 14 1873,OCTOBER,14.0,1873.0
PER,0.5803638,1383,1387,wikisource_vol1_ch2_letter6.txt,Lord,MRS. SITWELL,OCTOBER 14 1873,OCTOBER,14.0,1873.0
ORG,0.53175515,1388,1390,wikisource_vol1_ch2_letter6.txt,Ad,MRS. SITWELL,OCTOBER 14 1873,OCTOBER,14.0,1873.0
LOC,0.99987745,1425,1433,wikisource_vol1_ch2_letter6.txt,Scotland,MRS. SITWELL,OCTOBER 14 1873,OCTOBER,14.0,1873.0
PER,0.9994515,16,32,wikisource_vol1_ch2_letter7.txt,Thomas Stevenson,MRS. THOMAS STEVENSON,NOVEMBER 13 1873,NOVEMBER,13.0,1873.0
LOC,0.58512765,34,37,wikisource_vol1_ch2_letter7.txt,Men,MRS. THOMAS STEVENSON,NOVEMBER 13 1873,NOVEMBER,13.0,1873.0
PER,0.45866978,37,41,wikisource_vol1_ch2_letter7.txt,##tone,MRS. THOMAS STEVENSON,NOVEMBER 13 1873,NOVEMBER,13.0,1873.0
ORG,0.9927467,140,151,wikisource_vol1_ch2_letter7.txt,Post Office,MRS. THOMAS STEVENSON,NOVEMBER 13 1873,NOVEMBER,13.0,1873.0
LOC,0.9993849,161,177,wikisource_vol1_ch2_letter7.txt,Hotel de Londres,MRS. THOMAS STEVENSON,NOVEMBER 13 1873,NOVEMBER,13.0,1873.0
LOC,0.99980974,235,252,wikisource_vol1_ch2_letter7.txt,Hotel du Pavillon,MRS. THOMAS STEVENSON,NOVEMBER 13 1873,NOVEMBER,13.0,1873.0
LOC,0.99913037,284,298,wikisource_vol1_ch2_letter7.txt,Prince ' s Villa,MRS. THOMAS STEVENSON,NOVEMBER 13 1873,NOVEMBER,13.0,1873.0
LOC,0.8915499,374,381,wikisource_vol1_ch2_letter7.txt,Mentone,MRS. THOMAS STEVENSON,NOVEMBER 13 1873,NOVEMBER,13.0,1873.0
LOC,0.9996884,582,592,wikisource_vol1_ch2_letter7.txt,Turin Road,MRS. THOMAS STEVENSON,NOVEMBER 13 1873,NOVEMBER,13.0,1873.0
LOC,0.9996526,691,705,wikisource_vol1_ch2_letter7.txt,Cap St. Martin,MRS. THOMAS STEVENSON,NOVEMBER 13 1873,NOVEMBER,13.0,1873.0
PER,0.86451554,727,734,wikisource_vol1_ch2_letter7.txt,Freeman,MRS. THOMAS STEVENSON,NOVEMBER 13 1873,NOVEMBER,13.0,1873.0
LOC,0.99823505,766,772,wikisource_vol1_ch2_letter7.txt,Gorbio,MRS. THOMAS STEVENSON,NOVEMBER 13 1873,NOVEMBER,13.0,1873.0
LOC,0.99954474,991,1006,wikisource_vol1_ch2_letter7.txt,Prince ' s Palace,MRS. THOMAS STEVENSON,NOVEMBER 13 1873,NOVEMBER,13.0,1873.0
PER,0.6518074,1353,1361,wikisource_vol1_ch2_letter7.txt,Grimaldi,MRS. THOMAS STEVENSON,NOVEMBER 13 1873,NOVEMBER,13.0,1873.0
PER,0.9953689,1443,1451,wikisource_vol1_ch2_letter7.txt,F. Bacon,MRS. THOMAS STEVENSON,NOVEMBER 13 1873,NOVEMBER,13.0,1873.0
PER,0.44560486,1458,1468,wikisource_vol1_ch2_letter7.txt,Chancellor,MRS. THOMAS STEVENSON,NOVEMBER 13 1873,NOVEMBER,13.0,1873.0
PER,0.9997385,1589,1594,wikisource_vol1_ch2_letter7.txt,Bacon,MRS. THOMAS STEVENSON,NOVEMBER 13 1873,NOVEMBER,13.0,1873.0
PER,0.999128,16,32,wikisource_vol1_ch2_letter8.txt,Sitwell Mentone,MRS. SITWELL,NOVEMBER 1873,NOVEMBER,,1873.0
PER,0.91144913,237,243,wikisource_vol1_ch2_letter8.txt,Horace,MRS. SITWELL,NOVEMBER 1873,NOVEMBER,,1873.0
PER,0.99351645,276,282,wikisource_vol1_ch2_letter8.txt,Horace,MRS. SITWELL,NOVEMBER 1873,NOVEMBER,,1873.0
PER,0.9960252,463,469,wikisource_vol1_ch2_letter8.txt,Morris,MRS. SITWELL,NOVEMBER 1873,NOVEMBER,,1873.0
PER,0.98741883,792,796,wikisource_vol1_ch2_letter8.txt,Muse,MRS. SITWELL,NOVEMBER 1873,NOVEMBER,,1873.0
PER,0.99971294,1533,1539,wikisource_vol1_ch2_letter8.txt,Bennet,MRS. SITWELL,NOVEMBER 1873,NOVEMBER,,1873.0
PER,0.99959606,1556,1561,wikisource_vol1_ch2_letter8.txt,Clark,MRS. SITWELL,NOVEMBER 1873,NOVEMBER,,1873.0
PER,0.98726606,16,22,wikisource_vol1_ch2_letter9.txt,Thomas,MRS. THOMAS STEVENSON,JANUARY 4 1874,JANUARY,4.0,1874.0
ORG,0.4672622,23,32,wikisource_vol1_ch2_letter9.txt,Stevenson,MRS. THOMAS STEVENSON,JANUARY 4 1874,JANUARY,4.0,1874.0
LOC,0.99689406,40,48,wikisource_vol1_ch2_letter9.txt,Mirabeau,MRS. THOMAS STEVENSON,JANUARY 4 1874,JANUARY,4.0,1874.0
LOC,0.99432397,50,57,wikisource_vol1_ch2_letter9.txt,Mentone,MRS. THOMAS STEVENSON,JANUARY 4 1874,JANUARY,4.0,1874.0
LOC,0.6058239,209,217,wikisource_vol1_ch2_letter9.txt,Pavillon,MRS. THOMAS STEVENSON,JANUARY 4 1874,JANUARY,4.0,1874.0
PER,0.99424493,461,469,wikisource_vol1_ch2_letter9.txt,Dejeuner,MRS. THOMAS STEVENSON,JANUARY 4 1874,JANUARY,4.0,1874.0
PER,0.9904643,867,868,wikisource_vol1_ch2_letter9.txt,M,MRS. THOMAS STEVENSON,JANUARY 4 1874,JANUARY,4.0,1874.0
PER,0.9284145,868,874,wikisource_vol1_ch2_letter9.txt,' Laren,MRS. THOMAS STEVENSON,JANUARY 4 1874,JANUARY,4.0,1874.0
PER,0.71676373,1242,1243,wikisource_vol1_ch2_letter9.txt,M,MRS. THOMAS STEVENSON,JANUARY 4 1874,JANUARY,4.0,1874.0
PER,0.56690127,1243,1244,wikisource_vol1_ch2_letter9.txt,',MRS. THOMAS STEVENSON,JANUARY 4 1874,JANUARY,4.0,1874.0
PER,0.95797133,1244,1249,wikisource_vol1_ch2_letter9.txt,Laren,MRS. THOMAS STEVENSON,JANUARY 4 1874,JANUARY,4.0,1874.0
PER,0.9552394,1473,1474,wikisource_vol1_ch2_letter9.txt,M,MRS. THOMAS STEVENSON,JANUARY 4 1874,JANUARY,4.0,1874.0
PER,0.8840542,1474,1480,wikisource_vol1_ch2_letter9.txt,' Laren,MRS. THOMAS STEVENSON,JANUARY 4 1874,JANUARY,4.0,1874.0
PER,0.99791515,17,33,wikisource_vol1_ch3_letter1.txt,Thomas Stevenson,MRS. THOMAS STEVENSON,AUGUST 1875,AUGUST,,1875.0
LOC,0.8389914,36,46,wikisource_vol1_ch3_letter1.txt,Chez Siron,MRS. THOMAS STEVENSON,AUGUST 1875,AUGUST,,1875.0
LOC,0.9981567,48,56,wikisource_vol1_ch3_letter1.txt,Barbizon,MRS. THOMAS STEVENSON,AUGUST 1875,AUGUST,,1875.0
LOC,0.99969745,58,63,wikisource_vol1_ch3_letter1.txt,Seine,MRS. THOMAS STEVENSON,AUGUST 1875,AUGUST,,1875.0
LOC,0.9535877,67,72,wikisource_vol1_ch3_letter1.txt,Marne,MRS. THOMAS STEVENSON,AUGUST 1875,AUGUST,,1875.0
LOC,0.9409236,147,151,wikisource_vol1_ch3_letter1.txt,Grez,MRS. THOMAS STEVENSON,AUGUST 1875,AUGUST,,1875.0
PER,0.9996842,489,492,wikisource_vol1_ch3_letter1.txt,Bob,MRS. THOMAS STEVENSON,AUGUST 1875,AUGUST,,1875.0
LOC,0.999221,871,879,wikisource_vol1_ch3_letter1.txt,Barbizon,MRS. THOMAS STEVENSON,AUGUST 1875,AUGUST,,1875.0
PER,0.99968135,1115,1122,wikisource_vol1_ch3_letter1.txt,Simpson,MRS. THOMAS STEVENSON,AUGUST 1875,AUGUST,,1875.0
PER,0.9995354,1268,1290,wikisource_vol1_ch3_letter1.txt,Robert Louis Stevenson,MRS. THOMAS STEVENSON,AUGUST 1875,AUGUST,,1875.0
PER,0.99951035,11,24,wikisource_vol1_ch3_letter10.txt,Sidney Colvin,SIDNEY COLVIN,JULY 1876,JULY,,1876.0
LOC,0.9928361,27,43,wikisource_vol1_ch3_letter10.txt,Swanston Cottage,SIDNEY COLVIN,JULY 1876,JULY,,1876.0
LOC,0.99682635,45,56,wikisource_vol1_ch3_letter10.txt,Lothianburn,SIDNEY COLVIN,JULY 1876,JULY,,1876.0
LOC,0.64692175,445,454,wikisource_vol1_ch3_letter10.txt,Charles d,SIDNEY COLVIN,JULY 1876,JULY,,1876.0
LOC,0.6112718,455,462,wikisource_vol1_ch3_letter10.txt,Orleans,SIDNEY COLVIN,JULY 1876,JULY,,1876.0
ORG,0.9900343,479,487,wikisource_vol1_ch3_letter10.txt,Cornhill,SIDNEY COLVIN,JULY 1876,JULY,,1876.0
PER,0.99976796,629,636,wikisource_vol1_ch3_letter10.txt,Charles,SIDNEY COLVIN,JULY 1876,JULY,,1876.0
PER,0.99975675,731,737,wikisource_vol1_ch3_letter10.txt,Baynes,SIDNEY COLVIN,JULY 1876,JULY,,1876.0
LOC,0.99969363,749,755,wikisource_vol1_ch3_letter10.txt,London,SIDNEY COLVIN,JULY 1876,JULY,,1876.0
PER,0.99110186,791,796,wikisource_vol1_ch3_letter10.txt,Burns,SIDNEY COLVIN,JULY 1876,JULY,,1876.0
PER,0.99666786,958,965,wikisource_vol1_ch3_letter10.txt,R. L. S,SIDNEY COLVIN,JULY 1876,JULY,,1876.0
PER,0.9952453,16,23,wikisource_vol1_ch3_letter11.txt,Sitwell,MRS. SITWELL,JULY 1876,JULY,,1876.0
LOC,0.95792466,26,42,wikisource_vol1_ch3_letter11.txt,Swanston Cottage,MRS. SITWELL,JULY 1876,JULY,,1876.0
LOC,0.9966805,44,55,wikisource_vol1_ch3_letter11.txt,Lothianburn,MRS. SITWELL,JULY 1876,JULY,,1876.0
PER,0.97908664,322,333,wikisource_vol1_ch3_letter11.txt,Joan Of Arc,MRS. SITWELL,JULY 1876,JULY,,1876.0
PER,0.9161334,369,376,wikisource_vol1_ch3_letter11.txt,Boswell,MRS. SITWELL,JULY 1876,JULY,,1876.0
PER,0.991588,417,424,wikisource_vol1_ch3_letter11.txt,Boswell,MRS. SITWELL,JULY 1876,JULY,,1876.0
ORG,0.97597605,567,575,wikisource_vol1_ch3_letter11.txt,Cornhill,MRS. SITWELL,JULY 1876,JULY,,1876.0
PER,0.6942642,606,613,wikisource_vol1_ch3_letter11.txt,Charles,MRS. SITWELL,JULY 1876,JULY,,1876.0
PER,0.9544915,760,767,wikisource_vol1_ch3_letter11.txt,R. L. S,MRS. SITWELL,JULY 1876,JULY,,1876.0
LOC,0.9955902,1079,1088,wikisource_vol1_ch3_letter11.txt,Highlands,MRS. SITWELL,JULY 1876,JULY,,1876.0
PER,0.82557285,1104,1111,wikisource_vol1_ch3_letter11.txt,Jenkins,MRS. SITWELL,JULY 1876,JULY,,1876.0
LOC,0.99891436,1122,1129,wikisource_vol1_ch3_letter11.txt,Antwerp,MRS. SITWELL,JULY 1876,JULY,,1876.0
PER,0.9819187,1153,1160,wikisource_vol1_ch3_letter11.txt,Simpson,MRS. SITWELL,JULY 1876,JULY,,1876.0
LOC,0.99932766,1165,1170,wikisource_vol1_ch3_letter11.txt,Paris,MRS. SITWELL,JULY 1876,JULY,,1876.0
LOC,0.97961134,1175,1176,wikisource_vol1_ch3_letter11.txt,G,MRS. SITWELL,JULY 1876,JULY,,1876.0
LOC,0.517468,1176,1179,wikisource_vol1_ch3_letter11.txt,##rez,MRS. SITWELL,JULY 1876,JULY,,1876.0
LOC,0.9983614,1188,1193,wikisource_vol1_ch3_letter11.txt,Loing,MRS. SITWELL,JULY 1876,JULY,,1876.0
LOC,0.9994184,1244,1257,wikisource_vol1_ch3_letter11.txt,Fontainebleau,MRS. SITWELL,JULY 1876,JULY,,1876.0
LOC,0.99744886,1328,1333,wikisource_vol1_ch3_letter11.txt,Loing,MRS. SITWELL,JULY 1876,JULY,,1876.0
LOC,0.99924976,1338,1343,wikisource_vol1_ch3_letter11.txt,Loire,MRS. SITWELL,JULY 1876,JULY,,1876.0
LOC,0.9993726,1345,1350,wikisource_vol1_ch3_letter11.txt,Saone,MRS. SITWELL,JULY 1876,JULY,,1876.0
LOC,0.91880286,1355,1360,wikisource_vol1_ch3_letter11.txt,Rhone,MRS. SITWELL,JULY 1876,JULY,,1876.0
LOC,0.9899776,1368,1381,wikisource_vol1_ch3_letter11.txt,Mediterranean,MRS. SITWELL,JULY 1876,JULY,,1876.0
PER,0.9993554,1433,1436,wikisource_vol1_ch3_letter11.txt,God,MRS. SITWELL,JULY 1876,JULY,,1876.0
PER,0.9954379,1448,1470,wikisource_vol1_ch3_letter11.txt,Robert Louis Stevenson,MRS. SITWELL,JULY 1876,JULY,,1876.0
PER,0.9343788,1479,1499,wikisource_vol1_ch3_letter11.txt,Virginibus Puerisque,MRS. SITWELL,JULY 1876,JULY,,1876.0
ORG,0.52520496,1513,1521,wikisource_vol1_ch3_letter11.txt,Cornhill,MRS. SITWELL,JULY 1876,JULY,,1876.0
PER,0.8545795,1524,1531,wikisource_vol1_ch3_letter11.txt,Charles,MRS. SITWELL,JULY 1876,JULY,,1876.0
PER,0.523454,1535,1542,wikisource_vol1_ch3_letter11.txt,Orleans,MRS. SITWELL,JULY 1876,JULY,,1876.0
PER,0.95936763,1569,1576,wikisource_vol1_ch3_letter11.txt,Stephen,MRS. SITWELL,JULY 1876,JULY,,1876.0
PER,0.47561532,1580,1585,wikisource_vol1_ch3_letter11.txt,##dlers,MRS. SITWELL,JULY 1876,JULY,,1876.0
LOC,0.94391143,1606,1611,wikisource_vol1_ch3_letter11.txt,Grove,MRS. SITWELL,JULY 1876,JULY,,1876.0
PER,0.69098616,1664,1668,wikisource_vol1_ch3_letter11.txt,R. L,MRS. SITWELL,JULY 1876,JULY,,1876.0
PER,0.76500046,1670,1671,wikisource_vol1_ch3_letter11.txt,S,MRS. SITWELL,JULY 1876,JULY,,1876.0
PER,0.9989044,11,23,wikisource_vol1_ch3_letter12.txt,W. E. Henley,W. E. HENLEY,SEPTEMBER 1876,SEPTEMBER,,1876.0
LOC,0.9994421,25,31,wikisource_vol1_ch3_letter12.txt,Chauny,W. E. HENLEY,SEPTEMBER 1876,SEPTEMBER,,1876.0
LOC,0.9998703,33,38,wikisource_vol1_ch3_letter12.txt,Aisne,W. E. HENLEY,SEPTEMBER 1876,SEPTEMBER,,1876.0
PER,0.9881909,65,71,wikisource_vol1_ch3_letter12.txt,Henley,W. E. HENLEY,SEPTEMBER 1876,SEPTEMBER,,1876.0
LOC,0.9997985,181,188,wikisource_vol1_ch3_letter12.txt,Antwerp,W. E. HENLEY,SEPTEMBER 1876,SEPTEMBER,,1876.0
LOC,0.99991024,271,277,wikisource_vol1_ch3_letter12.txt,France,W. E. HENLEY,SEPTEMBER 1876,SEPTEMBER,,1876.0
PER,0.9985735,1034,1041,wikisource_vol1_ch3_letter12.txt,R. L. S,W. E. HENLEY,SEPTEMBER 1876,SEPTEMBER,,1876.0
PER,0.9981414,16,23,wikisource_vol1_ch3_letter13.txt,Sitwell,MRS. SITWELL,MAY 1877,MAY,,1877.0
LOC,0.9848444,28,38,wikisource_vol1_ch3_letter13.txt,Heriot Row,MRS. SITWELL,MAY 1877,MAY,,1877.0
LOC,0.9985862,40,49,wikisource_vol1_ch3_letter13.txt,Edinburgh,MRS. SITWELL,MAY 1877,MAY,,1877.0
PER,0.6824514,524,528,wikisource_vol1_ch3_letter13.txt,R. L,MRS. SITWELL,MAY 1877,MAY,,1877.0
PER,0.82054025,530,531,wikisource_vol1_ch3_letter13.txt,S,MRS. SITWELL,MAY 1877,MAY,,1877.0
PER,0.9995569,537,551,wikisource_vol1_ch3_letter13.txt,Leslie Stephen,MRS. SITWELL,MAY 1877,MAY,,1877.0
ORG,0.9994373,817,825,wikisource_vol1_ch3_letter13.txt,Cornhill,MRS. SITWELL,MAY 1877,MAY,,1877.0
PER,0.99958557,876,879,wikisource_vol1_ch3_letter13.txt,God,MRS. SITWELL,MAY 1877,MAY,,1877.0
LOC,0.8936804,1067,1076,wikisource_vol1_ch3_letter13.txt,Cambridge,MRS. SITWELL,MAY 1877,MAY,,1877.0
LOC,0.9998123,1404,1412,wikisource_vol1_ch3_letter13.txt,Scotland,MRS. SITWELL,MAY 1877,MAY,,1877.0
PER,0.9991504,1526,1532,wikisource_vol1_ch3_letter13.txt,Henley,MRS. SITWELL,MAY 1877,MAY,,1877.0
PER,0.9996839,1692,1714,wikisource_vol1_ch3_letter13.txt,Robert Louis Stevenson,MRS. SITWELL,MAY 1877,MAY,,1877.0
PER,0.988839,11,24,wikisource_vol1_ch3_letter14.txt,Sidney Colvin,SIDNEY COLVIN,AUGUST 1877,AUGUST,,1877.0
LOC,0.9995546,27,36,wikisource_vol1_ch3_letter14.txt,Edinburgh,SIDNEY COLVIN,AUGUST 1877,AUGUST,,1877.0
LOC,0.9993271,107,115,wikisource_vol1_ch3_letter14.txt,Penzance,SIDNEY COLVIN,AUGUST 1877,AUGUST,,1877.0
ORG,0.9982355,333,341,wikisource_vol1_ch3_letter14.txt,Cornhill,SIDNEY COLVIN,AUGUST 1877,AUGUST,,1877.0
ORG,0.84797907,490,500,wikisource_vol1_ch3_letter14.txt,Temple Bar,SIDNEY COLVIN,AUGUST 1877,AUGUST,,1877.0
PER,0.9842056,836,842,wikisource_vol1_ch3_letter14.txt,Clever,SIDNEY COLVIN,AUGUST 1877,AUGUST,,1877.0
PER,0.9988104,977,984,wikisource_vol1_ch3_letter14.txt,Stephen,SIDNEY COLVIN,AUGUST 1877,AUGUST,,1877.0
PER,0.9978187,1095,1102,wikisource_vol1_ch3_letter14.txt,Stephen,SIDNEY COLVIN,AUGUST 1877,AUGUST,,1877.0
PER,0.9995483,1268,1283,wikisource_vol1_ch3_letter14.txt,Louis Stevenson,SIDNEY COLVIN,AUGUST 1877,AUGUST,,1877.0
PER,0.9969375,16,23,wikisource_vol1_ch3_letter15.txt,Sitwell,MRS. SITWELL,AUGUST 1877,AUGUST,,1877.0
LOC,0.9988861,26,34,wikisource_vol1_ch3_letter15.txt,Penzance,MRS. SITWELL,AUGUST 1877,AUGUST,,1877.0
PER,0.9956878,421,428,wikisource_vol1_ch3_letter15.txt,Stephen,MRS. SITWELL,AUGUST 1877,AUGUST,,1877.0
LOC,0.77443427,849,853,wikisource_vol1_ch3_letter15.txt,Rock,MRS. SITWELL,AUGUST 1877,AUGUST,,1877.0
PER,0.7737643,1037,1059,wikisource_vol1_ch3_letter15.txt,Petit Jehan De Saintre,MRS. SITWELL,AUGUST 1877,AUGUST,,1877.0
LOC,0.9994092,1304,1312,wikisource_vol1_ch3_letter15.txt,Cornwall,MRS. SITWELL,AUGUST 1877,AUGUST,,1877.0
LOC,0.9994855,1378,1386,wikisource_vol1_ch3_letter15.txt,Scotland,MRS. SITWELL,AUGUST 1877,AUGUST,,1877.0
PER,0.9979386,1585,1592,wikisource_vol1_ch3_letter15.txt,Stephen,MRS. SITWELL,AUGUST 1877,AUGUST,,1877.0
PER,0.9997144,11,29,wikisource_vol1_ch3_letter16.txt,A. Patchett Martin,A. PATCHETT MARTIN,1877,,,1877.0
PER,0.9991527,588,600,wikisource_vol1_ch3_letter16.txt,Charles Lamb,A. PATCHETT MARTIN,1877,,,1877.0
PER,0.99863213,1532,1538,wikisource_vol1_ch3_letter16.txt,R. L S,A. PATCHETT MARTIN,1877,,,1877.0
PER,0.99892825,11,29,wikisource_vol1_ch3_letter17.txt,A. Patchett Martin,A. PATCHETT MARTIN,DECEMBER 1877,DECEMBER,,1877.0
LOC,0.99152404,34,44,wikisource_vol1_ch3_letter17.txt,Heriot Row,A. PATCHETT MARTIN,DECEMBER 1877,DECEMBER,,1877.0
LOC,0.9996879,46,55,wikisource_vol1_ch3_letter17.txt,Edinburgh,A. PATCHETT MARTIN,DECEMBER 1877,DECEMBER,,1877.0
ORG,0.99958855,328,336,wikisource_vol1_ch3_letter17.txt,Cornhill,A. PATCHETT MARTIN,DECEMBER 1877,DECEMBER,,1877.0
ORG,0.93444186,1101,1107,wikisource_vol1_ch3_letter17.txt,Review,A. PATCHETT MARTIN,DECEMBER 1877,DECEMBER,,1877.0
PER,0.9981331,1344,1354,wikisource_vol1_ch3_letter17.txt,Bret Harte,A. PATCHETT MARTIN,DECEMBER 1877,DECEMBER,,1877.0
PER,0.999856,1448,1460,wikisource_vol1_ch3_letter17.txt,George Eliot,A. PATCHETT MARTIN,DECEMBER 1877,DECEMBER,,1877.0
PER,0.9997165,1608,1622,wikisource_vol1_ch3_letter17.txt,Daniel Deronda,A. PATCHETT MARTIN,DECEMBER 1877,DECEMBER,,1877.0
PER,0.9907129,1924,1928,wikisource_vol1_ch3_letter17.txt,Noll,A. PATCHETT MARTIN,DECEMBER 1877,DECEMBER,,1877.0
PER,0.9534107,1933,1937,wikisource_vol1_ch3_letter17.txt,Nell,A. PATCHETT MARTIN,DECEMBER 1877,DECEMBER,,1877.0
PER,0.5326477,11,17,wikisource_vol1_ch3_letter18.txt,Sidney,SIDNEY COLVIN,JANUARY 1 1878,JANUARY,1.0,1878.0
ORG,0.73176384,18,24,wikisource_vol1_ch3_letter18.txt,Colvin,SIDNEY COLVIN,JANUARY 1 1878,JANUARY,1.0,1878.0
ORG,0.59779465,26,45,wikisource_vol1_ch3_letter18.txt,Hotel Des Etrangers,SIDNEY COLVIN,JANUARY 1 1878,JANUARY,1.0,1878.0
LOC,0.99844384,47,53,wikisource_vol1_ch3_letter18.txt,Dieppe,SIDNEY COLVIN,JANUARY 1 1878,JANUARY,1.0,1878.0
PER,0.9916928,80,86,wikisource_vol1_ch3_letter18.txt,Colvin,SIDNEY COLVIN,JANUARY 1 1878,JANUARY,1.0,1878.0
PER,0.9998627,325,329,wikisource_vol1_ch3_letter18.txt,Paul,SIDNEY COLVIN,JANUARY 1 1878,JANUARY,1.0,1878.0
PER,0.9989002,793,799,wikisource_vol1_ch3_letter18.txt,Colvin,SIDNEY COLVIN,JANUARY 1 1878,JANUARY,1.0,1878.0
PER,0.9997751,1021,1043,wikisource_vol1_ch3_letter18.txt,Robert Louis Stevenson,SIDNEY COLVIN,JANUARY 1 1878,JANUARY,1.0,1878.0
PER,0.9939979,11,24,wikisource_vol1_ch3_letter19.txt,Sidney Colvin,SIDNEY COLVIN,FEBRUARY 1878,FEBRUARY,,1878.0
LOC,0.99938583,27,32,wikisource_vol1_ch3_letter19.txt,Paris,SIDNEY COLVIN,FEBRUARY 1878,FEBRUARY,,1878.0
LOC,0.9996431,141,150,wikisource_vol1_ch3_letter19.txt,Edinburgh,SIDNEY COLVIN,FEBRUARY 1878,FEBRUARY,,1878.0
LOC,0.9997495,189,195,wikisource_vol1_ch3_letter19.txt,London,SIDNEY COLVIN,FEBRUARY 1878,FEBRUARY,,1878.0
PER,0.99969983,238,243,wikisource_vol1_ch3_letter19.txt,Crane,SIDNEY COLVIN,FEBRUARY 1878,FEBRUARY,,1878.0
PER,0.9946689,406,409,wikisource_vol1_ch3_letter19.txt,Pan,SIDNEY COLVIN,FEBRUARY 1878,FEBRUARY,,1878.0
PER,0.99986625,676,687,wikisource_vol1_ch3_letter19.txt,Shakespeare,SIDNEY COLVIN,FEBRUARY 1878,FEBRUARY,,1878.0
PER,0.9998658,721,737,wikisource_vol1_ch3_letter19.txt,Alfred de Musset,SIDNEY COLVIN,FEBRUARY 1878,FEBRUARY,,1878.0
LOC,0.99981314,786,792,wikisource_vol1_ch3_letter19.txt,France,SIDNEY COLVIN,FEBRUARY 1878,FEBRUARY,,1878.0
PER,0.99666244,895,902,wikisource_vol1_ch3_letter19.txt,R. L. S,SIDNEY COLVIN,FEBRUARY 1878,FEBRUARY,,1878.0
PER,0.9914816,16,39,wikisource_vol1_ch3_letter2.txt,Sitwell Chateau Renard,MRS. SITWELL,AUGUST 1875,AUGUST,,1875.0
LOC,0.9995178,41,47,wikisource_vol1_ch3_letter2.txt,Loiret,MRS. SITWELL,AUGUST 1875,AUGUST,,1875.0
PER,0.99826837,282,289,wikisource_vol1_ch3_letter2.txt,Simpson,MRS. SITWELL,AUGUST 1875,AUGUST,,1875.0
LOC,0.5810652,1204,1208,wikisource_vol1_ch3_letter2.txt,Nous,MRS. SITWELL,AUGUST 1875,AUGUST,,1875.0
LOC,0.5734412,1211,1221,wikisource_vol1_ch3_letter2.txt,Irons Plus,MRS. SITWELL,AUGUST 1875,AUGUST,,1875.0
LOC,0.5566029,1225,1229,wikisource_vol1_ch3_letter2.txt,Bois,MRS. SITWELL,AUGUST 1875,AUGUST,,1875.0
PER,0.99977976,1515,1518,wikisource_vol1_ch3_letter2.txt,God,MRS. SITWELL,AUGUST 1875,AUGUST,,1875.0
PER,0.9995459,1596,1618,wikisource_vol1_ch3_letter2.txt,Robert Louis Stevenson,MRS. SITWELL,AUGUST 1875,AUGUST,,1875.0
PER,0.9957584,24,40,wikisource_vol1_ch3_letter20.txt,Thomas Stevenson,MR. AND MRS. THOMAS STEVENSON,FEBRUARY 21 1878,FEBRUARY,21.0,1878.0
LOC,0.9847398,42,47,wikisource_vol1_ch3_letter20.txt,Paris,MR. AND MRS. THOMAS STEVENSON,FEBRUARY 21 1878,FEBRUARY,21.0,1878.0
LOC,0.99229497,52,65,wikisource_vol1_ch3_letter20.txt,Bd. Haussmann,MR. AND MRS. THOMAS STEVENSON,FEBRUARY 21 1878,FEBRUARY,21.0,1878.0
PER,0.99970996,188,204,wikisource_vol1_ch3_letter20.txt,Anthony Trollope,MR. AND MRS. THOMAS STEVENSON,FEBRUARY 21 1878,FEBRUARY,21.0,1878.0
PER,0.9985297,829,834,wikisource_vol1_ch3_letter20.txt,Dolly,MR. AND MRS. THOMAS STEVENSON,FEBRUARY 21 1878,FEBRUARY,21.0,1878.0
PER,0.9984345,844,854,wikisource_vol1_ch3_letter20.txt,Nidderdale,MR. AND MRS. THOMAS STEVENSON,FEBRUARY 21 1878,FEBRUARY,21.0,1878.0
PER,0.963844,924,936,wikisource_vol1_ch3_letter20.txt,Lady Carbury,MR. AND MRS. THOMAS STEVENSON,FEBRUARY 21 1878,FEBRUARY,21.0,1878.0
PER,0.9871607,1179,1186,wikisource_vol1_ch3_letter20.txt,R. L. S,MR. AND MRS. THOMAS STEVENSON,FEBRUARY 21 1878,FEBRUARY,21.0,1878.0
PER,0.91677296,16,32,wikisource_vol1_ch3_letter21.txt,Thomas Stevenson,MRS. THOMAS STEVENSON,JUNE 1878,JUNE,,1878.0
LOC,0.97418827,43,55,wikisource_vol1_ch3_letter21.txt,Val De Grace,MRS. THOMAS STEVENSON,JUNE 1878,JUNE,,1878.0
LOC,0.9995878,57,72,wikisource_vol1_ch3_letter21.txt,Rue St. Jacques,MRS. THOMAS STEVENSON,JUNE 1878,JUNE,,1878.0
LOC,0.9985102,74,79,wikisource_vol1_ch3_letter21.txt,Paris,MRS. THOMAS STEVENSON,JUNE 1878,JUNE,,1878.0
PER,0.9994938,498,520,wikisource_vol1_ch3_letter21.txt,Robert Louis Stevenson,MRS. THOMAS STEVENSON,JUNE 1878,JUNE,,1878.0
PER,0.94382036,16,43,wikisource_vol1_ch3_letter22.txt,Thomas Stevenson Monastier,MRS. THOMAS STEVENSON,SEPTEMBER 1878,SEPTEMBER,,1878.0
LOC,0.999635,312,317,wikisource_vol1_ch3_letter22.txt,Alais,MRS. THOMAS STEVENSON,SEPTEMBER 1878,SEPTEMBER,,1878.0
LOC,0.9993733,345,350,wikisource_vol1_ch3_letter22.txt,Alais,MRS. THOMAS STEVENSON,SEPTEMBER 1878,SEPTEMBER,,1878.0
LOC,0.96570224,352,356,wikisource_vol1_ch3_letter22.txt,Gard,MRS. THOMAS STEVENSON,SEPTEMBER 1878,SEPTEMBER,,1878.0
LOC,0.9534974,358,368,wikisource_vol1_ch3_letter22.txt,Greyfriars,MRS. THOMAS STEVENSON,SEPTEMBER 1878,SEPTEMBER,,1878.0
LOC,0.999627,460,465,wikisource_vol1_ch3_letter22.txt,Alais,MRS. THOMAS STEVENSON,SEPTEMBER 1878,SEPTEMBER,,1878.0
LOC,0.9994079,486,495,wikisource_vol1_ch3_letter22.txt,Edinburgh,MRS. THOMAS STEVENSON,SEPTEMBER 1878,SEPTEMBER,,1878.0
LOC,0.9962567,501,517,wikisource_vol1_ch3_letter22.txt,Parliament Close,MRS. THOMAS STEVENSON,SEPTEMBER 1878,SEPTEMBER,,1878.0
LOC,0.99959785,519,533,wikisource_vol1_ch3_letter22.txt,Villa Quarters,MRS. THOMAS STEVENSON,SEPTEMBER 1878,SEPTEMBER,,1878.0
LOC,0.9993647,566,577,wikisource_vol1_ch3_letter22.txt,Calton Hill,MRS. THOMAS STEVENSON,SEPTEMBER 1878,SEPTEMBER,,1878.0
LOC,0.9996589,611,625,wikisource_vol1_ch3_letter22.txt,Pentland Hills,MRS. THOMAS STEVENSON,SEPTEMBER 1878,SEPTEMBER,,1878.0
LOC,0.98645973,937,945,wikisource_vol1_ch3_letter22.txt,Hamerton,MRS. THOMAS STEVENSON,SEPTEMBER 1878,SEPTEMBER,,1878.0
LOC,0.9997306,1005,1015,wikisource_vol1_ch3_letter22.txt,Marseilles,MRS. THOMAS STEVENSON,SEPTEMBER 1878,SEPTEMBER,,1878.0
PER,0.94097424,1111,1123,wikisource_vol1_ch3_letter22.txt,R. L. S. The,MRS. THOMAS STEVENSON,SEPTEMBER 1878,SEPTEMBER,,1878.0
PER,0.99880934,11,23,wikisource_vol1_ch3_letter23.txt,W. E. Henley,W. E. HENLEY,SEPTEMBER 1878,SEPTEMBER,,1878.0
LOC,0.99825287,26,35,wikisource_vol1_ch3_letter23.txt,Monastier,W. E. HENLEY,SEPTEMBER 1878,SEPTEMBER,,1878.0
PER,0.9946766,59,65,wikisource_vol1_ch3_letter23.txt,Henley,W. E. HENLEY,SEPTEMBER 1878,SEPTEMBER,,1878.0
LOC,0.99891406,85,94,wikisource_vol1_ch3_letter23.txt,Monastier,W. E. HENLEY,SEPTEMBER 1878,SEPTEMBER,,1878.0
LOC,0.9845011,135,149,wikisource_vol1_ch3_letter23.txt,Poste Restante,W. E. HENLEY,SEPTEMBER 1878,SEPTEMBER,,1878.0
LOC,0.99974287,151,156,wikisource_vol1_ch3_letter23.txt,Alais,W. E. HENLEY,SEPTEMBER 1878,SEPTEMBER,,1878.0
LOC,0.9998647,158,162,wikisource_vol1_ch3_letter23.txt,Gard,W. E. HENLEY,SEPTEMBER 1878,SEPTEMBER,,1878.0
LOC,0.8402251,209,225,wikisource_vol1_ch3_letter23.txt,French Highlands,W. E. HENLEY,SEPTEMBER 1878,SEPTEMBER,,1878.0
LOC,0.99811137,322,325,wikisource_vol1_ch3_letter23.txt,Puy,W. E. HENLEY,SEPTEMBER 1878,SEPTEMBER,,1878.0
LOC,0.99319893,566,575,wikisource_vol1_ch3_letter23.txt,Mont d ' Or,W. E. HENLEY,SEPTEMBER 1878,SEPTEMBER,,1878.0
PER,0.8576838,917,918,wikisource_vol1_ch3_letter23.txt,R,W. E. HENLEY,SEPTEMBER 1878,SEPTEMBER,,1878.0
PER,0.6567847,920,921,wikisource_vol1_ch3_letter23.txt,L,W. E. HENLEY,SEPTEMBER 1878,SEPTEMBER,,1878.0
PER,0.99438107,11,36,wikisource_vol1_ch3_letter24.txt,Charles Baxter Monastier,CHARLES BAXTER,SEPTEMBER 1878,SEPTEMBER,,1878.0
LOC,0.99742055,41,46,wikisource_vol1_ch3_letter24.txt,Morel,CHARLES BAXTER,SEPTEMBER 1878,SEPTEMBER,,1878.0
PER,0.57357603,67,69,wikisource_vol1_ch3_letter24.txt,Lu,CHARLES BAXTER,SEPTEMBER 1878,SEPTEMBER,,1878.0
PER,0.96752334,112,119,wikisource_vol1_ch3_letter24.txt,Charles,CHARLES BAXTER,SEPTEMBER 1878,SEPTEMBER,,1878.0
LOC,0.99741286,191,197,wikisource_vol1_ch3_letter24.txt,Le Puy,CHARLES BAXTER,SEPTEMBER 1878,SEPTEMBER,,1878.0
PER,0.9111789,365,369,wikisource_vol1_ch3_letter24.txt,Mode,CHARLES BAXTER,SEPTEMBER 1878,SEPTEMBER,,1878.0
LOC,0.4870357,369,374,wikisource_vol1_ch3_letter24.txt,##stine,CHARLES BAXTER,SEPTEMBER 1878,SEPTEMBER,,1878.0
LOC,0.99884135,387,395,wikisource_vol1_ch3_letter24.txt,Gevaudan,CHARLES BAXTER,SEPTEMBER 1878,SEPTEMBER,,1878.0
PER,0.9881118,397,406,wikisource_vol1_ch3_letter24.txt,Modestine,CHARLES BAXTER,SEPTEMBER 1878,SEPTEMBER,,1878.0
LOC,0.9984168,466,478,wikisource_vol1_ch3_letter24.txt,Newfoundland,CHARLES BAXTER,SEPTEMBER 1878,SEPTEMBER,,1878.0
LOC,0.8479054,748,757,wikisource_vol1_ch3_letter24.txt,Edinburgh,CHARLES BAXTER,SEPTEMBER 1878,SEPTEMBER,,1878.0
LOC,0.9177076,797,811,wikisource_vol1_ch3_letter24.txt,Poste Restante,CHARLES BAXTER,SEPTEMBER 1878,SEPTEMBER,,1878.0
LOC,0.99920124,813,818,wikisource_vol1_ch3_letter24.txt,Alais,CHARLES BAXTER,SEPTEMBER 1878,SEPTEMBER,,1878.0
LOC,0.99966395,820,824,wikisource_vol1_ch3_letter24.txt,Gard,CHARLES BAXTER,SEPTEMBER 1878,SEPTEMBER,,1878.0
PER,0.9919266,917,923,wikisource_vol1_ch3_letter24.txt,R. L S,CHARLES BAXTER,SEPTEMBER 1878,SEPTEMBER,,1878.0
PER,0.9997308,16,32,wikisource_vol1_ch3_letter25.txt,Thomas Stevenson,MRS. THOMAS STEVENSON,OCTOBER 1878,OCTOBER,,1878.0
PER,0.9997656,78,86,wikisource_vol1_ch3_letter25.txt,Hamerton,MRS. THOMAS STEVENSON,OCTOBER 1878,OCTOBER,,1878.0
PER,0.9991899,221,226,wikisource_vol1_ch3_letter25.txt,P. G.,MRS. THOMAS STEVENSON,OCTOBER 1878,OCTOBER,,1878.0
PER,0.9955226,524,537,wikisource_vol1_ch3_letter25.txt,Coram Publico,MRS. THOMAS STEVENSON,OCTOBER 1878,OCTOBER,,1878.0
LOC,0.9983585,862,872,wikisource_vol1_ch3_letter25.txt,Cafe Felix,MRS. THOMAS STEVENSON,OCTOBER 1878,OCTOBER,,1878.0
LOC,0.9995797,979,984,wikisource_vol1_ch3_letter25.txt,Autun,MRS. THOMAS STEVENSON,OCTOBER 1878,OCTOBER,,1878.0
PER,0.99983406,1076,1098,wikisource_vol1_ch3_letter25.txt,Robert Louis Stevenson,MRS. THOMAS STEVENSON,OCTOBER 1878,OCTOBER,,1878.0
PER,0.99950236,11,23,wikisource_vol1_ch3_letter26.txt,W. E. Henley,W. E. HENLEY,AUTUMN 1878,AUTUMN,,1878.0
ORG,0.9943705,26,41,wikisource_vol1_ch3_letter26.txt,Trinity College,W. E. HENLEY,AUTUMN 1878,AUTUMN,,1878.0
LOC,0.9984364,43,52,wikisource_vol1_ch3_letter26.txt,Cambridge,W. E. HENLEY,AUTUMN 1878,AUTUMN,,1878.0
PER,0.995821,76,82,wikisource_vol1_ch3_letter26.txt,Henley,W. E. HENLEY,AUTUMN 1878,AUTUMN,,1878.0
LOC,0.9997362,296,308,wikisource_vol1_ch3_letter26.txt,Palais Royal,W. E. HENLEY,AUTUMN 1878,AUTUMN,,1878.0
PER,0.8575914,323,327,wikisource_vol1_ch3_letter26.txt,Duke,W. E. HENLEY,AUTUMN 1878,AUTUMN,,1878.0
ORG,0.7974318,913,922,wikisource_vol1_ch3_letter26.txt,Telegraph,W. E. HENLEY,AUTUMN 1878,AUTUMN,,1878.0
PER,0.9982092,1020,1027,wikisource_vol1_ch3_letter26.txt,R. L. S,W. E. HENLEY,AUTUMN 1878,AUTUMN,,1878.0
PER,0.99902046,11,23,wikisource_vol1_ch3_letter27.txt,Edmund Gosse,EDMUND GOSSE,APRIL 16 1879,APRIL,16.0,1879.0
LOC,0.9958245,29,39,wikisource_vol1_ch3_letter27.txt,Heriot Row,EDMUND GOSSE,APRIL 16 1879,APRIL,16.0,1879.0
LOC,0.9997414,41,50,wikisource_vol1_ch3_letter27.txt,Edinburgh,EDMUND GOSSE,APRIL 16 1879,APRIL,16.0,1879.0
LOC,0.99760747,88,97,wikisource_vol1_ch3_letter27.txt,El Dorado,EDMUND GOSSE,APRIL 16 1879,APRIL,16.0,1879.0
LOC,0.9988358,99,119,wikisource_vol1_ch3_letter27.txt,Delectable Mountains,EDMUND GOSSE,APRIL 16 1879,APRIL,16.0,1879.0
LOC,0.9984712,121,128,wikisource_vol1_ch3_letter27.txt,Arcadia,EDMUND GOSSE,APRIL 16 1879,APRIL,16.0,1879.0
LOC,0.9989275,869,875,wikisource_vol1_ch3_letter27.txt,Arcady,EDMUND GOSSE,APRIL 16 1879,APRIL,16.0,1879.0
LOC,0.99976534,1268,1277,wikisource_vol1_ch3_letter27.txt,Edinburgh,EDMUND GOSSE,APRIL 16 1879,APRIL,16.0,1879.0
LOC,0.9997627,1380,1389,wikisource_vol1_ch3_letter27.txt,Edinburgh,EDMUND GOSSE,APRIL 16 1879,APRIL,16.0,1879.0
PER,0.9980668,11,23,wikisource_vol1_ch3_letter28.txt,W. E. Henley,W. E. HENLEY,APRIL 1879,APRIL,,1879.0
LOC,0.9957063,28,38,wikisource_vol1_ch3_letter28.txt,Heriot Row,W. E. HENLEY,APRIL 1879,APRIL,,1879.0
LOC,0.9996747,40,49,wikisource_vol1_ch3_letter28.txt,Edinburgh,W. E. HENLEY,APRIL 1879,APRIL,,1879.0
PER,0.96413213,72,78,wikisource_vol1_ch3_letter28.txt,Henley,W. E. HENLEY,APRIL 1879,APRIL,,1879.0
PER,0.4774775,885,891,wikisource_vol1_ch3_letter28.txt,Henley,W. E. HENLEY,APRIL 1879,APRIL,,1879.0
PER,0.9767579,980,985,wikisource_vol1_ch3_letter28.txt,Begad,W. E. HENLEY,APRIL 1879,APRIL,,1879.0
PER,0.6245619,1053,1056,wikisource_vol1_ch3_letter28.txt,Ban,W. E. HENLEY,APRIL 1879,APRIL,,1879.0
ORG,0.5935394,1056,1061,wikisource_vol1_ch3_letter28.txt,##ville,W. E. HENLEY,APRIL 1879,APRIL,,1879.0
PER,0.92459255,1165,1171,wikisource_vol1_ch3_letter28.txt,Henley,W. E. HENLEY,APRIL 1879,APRIL,,1879.0
ORG,0.7084529,1309,1316,wikisource_vol1_ch3_letter28.txt,Shandon,W. E. HENLEY,APRIL 1879,APRIL,,1879.0
PER,0.8770525,1370,1383,wikisource_vol1_ch3_letter28.txt,Lang. Ferrier,W. E. HENLEY,APRIL 1879,APRIL,,1879.0
PER,0.9686512,1439,1450,wikisource_vol1_ch3_letter28.txt,Tourgenieff,W. E. HENLEY,APRIL 1879,APRIL,,1879.0
PER,0.99764264,11,33,wikisource_vol1_ch3_letter29.txt,Edmund Gosse Swanston,EDMUND GOSSE,JULY 24 1879,JULY,24.0,1879.0
LOC,0.9956016,35,46,wikisource_vol1_ch3_letter29.txt,Lothianburn,EDMUND GOSSE,JULY 24 1879,JULY,24.0,1879.0
LOC,0.99964535,48,57,wikisource_vol1_ch3_letter29.txt,Edinburgh,EDMUND GOSSE,JULY 24 1879,JULY,24.0,1879.0
PER,0.73437697,82,87,wikisource_vol1_ch3_letter29.txt,Gosse,EDMUND GOSSE,JULY 24 1879,JULY,24.0,1879.0
PER,0.99963045,317,325,wikisource_vol1_ch3_letter29.txt,Meredith,EDMUND GOSSE,JULY 24 1879,JULY,24.0,1879.0
PER,0.99898726,774,785,wikisource_vol1_ch3_letter29.txt,Burne Jones,EDMUND GOSSE,JULY 24 1879,JULY,24.0,1879.0
PER,0.99989474,815,820,wikisource_vol1_ch3_letter29.txt,Burns,EDMUND GOSSE,JULY 24 1879,JULY,24.0,1879.0
PER,0.71036255,840,843,wikisource_vol1_ch3_letter29.txt,Weg,EDMUND GOSSE,JULY 24 1879,JULY,24.0,1879.0
PER,0.9997952,995,1007,wikisource_vol1_ch3_letter29.txt,Robert Burns,EDMUND GOSSE,JULY 24 1879,JULY,24.0,1879.0
PER,0.89962035,1392,1398,wikisource_vol1_ch3_letter29.txt,Unco G,EDMUND GOSSE,JULY 24 1879,JULY,24.0,1879.0
PER,0.9998977,1470,1475,wikisource_vol1_ch3_letter29.txt,Burns,EDMUND GOSSE,JULY 24 1879,JULY,24.0,1879.0
LOC,0.43527344,1683,1685,wikisource_vol1_ch3_letter29.txt,Pi,EDMUND GOSSE,JULY 24 1879,JULY,24.0,1879.0
PER,0.38730574,1685,1689,wikisource_vol1_ch3_letter29.txt,##sgah,EDMUND GOSSE,JULY 24 1879,JULY,24.0,1879.0
LOC,0.9976107,1854,1862,wikisource_vol1_ch3_letter29.txt,Scotland,EDMUND GOSSE,JULY 24 1879,JULY,24.0,1879.0
PER,0.8698208,11,24,wikisource_vol1_ch3_letter3.txt,Sidney Colvin,SIDNEY COLVIN,AUTUMN 1875,AUTUMN,,1875.0
LOC,0.9955994,26,35,wikisource_vol1_ch3_letter3.txt,Edinburgh,SIDNEY COLVIN,AUTUMN 1875,AUTUMN,,1875.0
PER,0.99934787,111,116,wikisource_vol1_ch3_letter3.txt,Burns,SIDNEY COLVIN,AUTUMN 1875,AUTUMN,,1875.0
PER,0.99990463,450,455,wikisource_vol1_ch3_letter3.txt,Burns,SIDNEY COLVIN,AUTUMN 1875,AUTUMN,,1875.0
PER,0.99977714,582,588,wikisource_vol1_ch3_letter3.txt,Ramsay,SIDNEY COLVIN,AUTUMN 1875,AUTUMN,,1875.0
PER,0.9957616,590,599,wikisource_vol1_ch3_letter3.txt,Fergusson,SIDNEY COLVIN,AUTUMN 1875,AUTUMN,,1875.0
PER,0.9998685,605,610,wikisource_vol1_ch3_letter3.txt,Burns,SIDNEY COLVIN,AUTUMN 1875,AUTUMN,,1875.0
PER,0.9997565,747,769,wikisource_vol1_ch3_letter3.txt,Robert Louis Stevenson,SIDNEY COLVIN,AUTUMN 1875,AUTUMN,,1875.0
PER,0.9999049,1017,1022,wikisource_vol1_ch3_letter3.txt,Burns,SIDNEY COLVIN,AUTUMN 1875,AUTUMN,,1875.0
PER,0.7963501,1066,1071,wikisource_vol1_ch3_letter3.txt,Burns,SIDNEY COLVIN,AUTUMN 1875,AUTUMN,,1875.0
PER,0.9994995,1088,1106,wikisource_vol1_ch3_letter3.txt,Charles of Orleans,SIDNEY COLVIN,AUTUMN 1875,AUTUMN,,1875.0
PER,0.76033133,1281,1287,wikisource_vol1_ch3_letter3.txt,Villon,SIDNEY COLVIN,AUTUMN 1875,AUTUMN,,1875.0
PER,0.8239007,1293,1299,wikisource_vol1_ch3_letter3.txt,Villon,SIDNEY COLVIN,AUTUMN 1875,AUTUMN,,1875.0
PER,0.9973103,1331,1337,wikisource_vol1_ch3_letter3.txt,Ramsay,SIDNEY COLVIN,AUTUMN 1875,AUTUMN,,1875.0
PER,0.96540433,1338,1347,wikisource_vol1_ch3_letter3.txt,Fergusson,SIDNEY COLVIN,AUTUMN 1875,AUTUMN,,1875.0
PER,0.96880025,1348,1353,wikisource_vol1_ch3_letter3.txt,Burns,SIDNEY COLVIN,AUTUMN 1875,AUTUMN,,1875.0
LOC,0.98796624,1469,1482,wikisource_vol1_ch3_letter3.txt,Fontainebleau,SIDNEY COLVIN,AUTUMN 1875,AUTUMN,,1875.0
PER,0.9997069,1511,1529,wikisource_vol1_ch3_letter3.txt,Charles of Orleans,SIDNEY COLVIN,AUTUMN 1875,AUTUMN,,1875.0
PER,0.98451924,1628,1636,wikisource_vol1_ch3_letter3.txt,R. L. S.,SIDNEY COLVIN,AUTUMN 1875,AUTUMN,,1875.0
ORG,0.5930807,1717,1725,wikisource_vol1_ch3_letter3.txt,Cornhill,SIDNEY COLVIN,AUTUMN 1875,AUTUMN,,1875.0
PER,0.99874,11,24,wikisource_vol1_ch3_letter30.txt,Sidney Colvin,SIDNEY COLVIN,JULY 28 1879,JULY,28.0,1879.0
LOC,0.9979041,29,39,wikisource_vol1_ch3_letter30.txt,Heriot Row,SIDNEY COLVIN,JULY 28 1879,JULY,28.0,1879.0
LOC,0.99959487,41,50,wikisource_vol1_ch3_letter30.txt,Edinburgh,SIDNEY COLVIN,JULY 28 1879,JULY,28.0,1879.0
PER,0.7475011,76,82,wikisource_vol1_ch3_letter30.txt,Colvin,SIDNEY COLVIN,JULY 28 1879,JULY,28.0,1879.0
PER,0.9998179,118,127,wikisource_vol1_ch3_letter30.txt,Rembrandt,SIDNEY COLVIN,JULY 28 1879,JULY,28.0,1879.0
PER,0.9996846,143,151,wikisource_vol1_ch3_letter30.txt,Bummkopf,SIDNEY COLVIN,JULY 28 1879,JULY,28.0,1879.0
PER,0.9996729,499,507,wikisource_vol1_ch3_letter30.txt,Bummkopf,SIDNEY COLVIN,JULY 28 1879,JULY,28.0,1879.0
PER,0.99938124,528,533,wikisource_vol1_ch3_letter30.txt,Dagon,SIDNEY COLVIN,JULY 28 1879,JULY,28.0,1879.0
PER,0.99975795,824,829,wikisource_vol1_ch3_letter30.txt,Burns,SIDNEY COLVIN,JULY 28 1879,JULY,28.0,1879.0
PER,0.99903333,958,965,wikisource_vol1_ch3_letter30.txt,Thoreau,SIDNEY COLVIN,JULY 28 1879,JULY,28.0,1879.0
PER,0.9997334,967,975,wikisource_vol1_ch3_letter30.txt,Meredith,SIDNEY COLVIN,JULY 28 1879,JULY,28.0,1879.0
PER,0.9998665,998,1004,wikisource_vol1_ch3_letter30.txt,Morley,SIDNEY COLVIN,JULY 28 1879,JULY,28.0,1879.0
PER,0.98708653,1079,1084,wikisource_vol1_ch3_letter30.txt,Keats,SIDNEY COLVIN,JULY 28 1879,JULY,28.0,1879.0
PER,0.9992278,1141,1148,wikisource_vol1_ch3_letter30.txt,R. L. S,SIDNEY COLVIN,JULY 28 1879,JULY,28.0,1879.0
PER,0.9983663,11,23,wikisource_vol1_ch3_letter31.txt,Edmund Gosse,EDMUND GOSSE,JULY 29 1879,JULY,29.0,1879.0
LOC,0.9967103,28,38,wikisource_vol1_ch3_letter31.txt,Heriot Row,EDMUND GOSSE,JULY 29 1879,JULY,29.0,1879.0
LOC,0.9997131,40,49,wikisource_vol1_ch3_letter31.txt,Edinburgh,EDMUND GOSSE,JULY 29 1879,JULY,29.0,1879.0
PER,0.9687635,75,80,wikisource_vol1_ch3_letter31.txt,Gosse,EDMUND GOSSE,JULY 29 1879,JULY,29.0,1879.0
ORG,0.7906807,217,230,wikisource_vol1_ch3_letter31.txt,Scotch Church,EDMUND GOSSE,JULY 29 1879,JULY,29.0,1879.0
PER,0.52508676,430,436,wikisource_vol1_ch3_letter31.txt,Sawbat,EDMUND GOSSE,JULY 29 1879,JULY,29.0,1879.0
LOC,0.9964323,454,465,wikisource_vol1_ch3_letter31.txt,Royal Hotel,EDMUND GOSSE,JULY 29 1879,JULY,29.0,1879.0
LOC,0.99846065,467,475,wikisource_vol1_ch3_letter31.txt,Bathgate,EDMUND GOSSE,JULY 29 1879,JULY,29.0,1879.0
PER,0.98580253,914,921,wikisource_vol1_ch3_letter31.txt,Stewart,EDMUND GOSSE,JULY 29 1879,JULY,29.0,1879.0
PER,0.9914023,1023,1030,wikisource_vol1_ch3_letter31.txt,Miss S.,EDMUND GOSSE,JULY 29 1879,JULY,29.0,1879.0
PER,0.99911374,1123,1128,wikisource_vol1_ch3_letter31.txt,Gosse,EDMUND GOSSE,JULY 29 1879,JULY,29.0,1879.0
PER,0.79617006,1493,1496,wikisource_vol1_ch3_letter31.txt,Weg,EDMUND GOSSE,JULY 29 1879,JULY,29.0,1879.0
PER,0.83483756,1511,1514,wikisource_vol1_ch3_letter31.txt,Weg,EDMUND GOSSE,JULY 29 1879,JULY,29.0,1879.0
PER,0.9992979,11,25,wikisource_vol1_ch3_letter4.txt,Charles Baxter,CHARLES BAXTER,OCTOBER 1875,OCTOBER,,1875.0
LOC,0.9990356,28,37,wikisource_vol1_ch3_letter4.txt,Edinburgh,CHARLES BAXTER,OCTOBER 1875,OCTOBER,,1875.0
LOC,0.9951148,119,123,wikisource_vol1_ch3_letter4.txt,Dean,CHARLES BAXTER,OCTOBER 1875,OCTOBER,,1875.0
LOC,0.9756496,148,153,wikisource_vol1_ch3_letter4.txt,Embro,CHARLES BAXTER,OCTOBER 1875,OCTOBER,,1875.0
LOC,0.55227906,285,293,wikisource_vol1_ch3_letter4.txt,Pentland,CHARLES BAXTER,OCTOBER 1875,OCTOBER,,1875.0
LOC,0.7000739,429,439,wikisource_vol1_ch3_letter4.txt,Brunteelan,CHARLES BAXTER,OCTOBER 1875,OCTOBER,,1875.0
PER,0.9760885,1301,1311,wikisource_vol1_ch3_letter4.txt,Peter Dick,CHARLES BAXTER,OCTOBER 1875,OCTOBER,,1875.0
PER,0.93603873,1488,1496,wikisource_vol1_ch3_letter4.txt,Horatian,CHARLES BAXTER,OCTOBER 1875,OCTOBER,,1875.0
PER,0.9981192,11,24,wikisource_vol1_ch3_letter5.txt,Sidney Colvin,SIDNEY COLVIN,AUTUMN 1875,AUTUMN,,1875.0
LOC,0.9985122,27,36,wikisource_vol1_ch3_letter5.txt,Edinburgh,SIDNEY COLVIN,AUTUMN 1875,AUTUMN,,1875.0
PER,0.9989496,619,626,wikisource_vol1_ch3_letter5.txt,Stephen,SIDNEY COLVIN,AUTUMN 1875,AUTUMN,,1875.0
PER,0.99279654,723,730,wikisource_vol1_ch3_letter5.txt,R. L. S,SIDNEY COLVIN,AUTUMN 1875,AUTUMN,,1875.0
PER,0.99724996,1149,1153,wikisource_vol1_ch3_letter5.txt,Gout,SIDNEY COLVIN,AUTUMN 1875,AUTUMN,,1875.0
PER,0.9995683,1384,1397,wikisource_vol1_ch3_letter5.txt,Sidney Colvin,SIDNEY COLVIN,AUTUMN 1875,AUTUMN,,1875.0
ORG,0.9950652,1399,1414,wikisource_vol1_ch3_letter5.txt,Trinity College,SIDNEY COLVIN,AUTUMN 1875,AUTUMN,,1875.0
PER,0.99932677,1437,1459,wikisource_vol1_ch3_letter5.txt,Robert Louis Stevenson,SIDNEY COLVIN,AUTUMN 1875,AUTUMN,,1875.0
PER,0.999676,1575,1578,wikisource_vol1_ch3_letter5.txt,God,SIDNEY COLVIN,AUTUMN 1875,AUTUMN,,1875.0
PER,0.99303997,1708,1715,wikisource_vol1_ch3_letter5.txt,R. L. S,SIDNEY COLVIN,AUTUMN 1875,AUTUMN,,1875.0
PER,0.9966955,16,23,wikisource_vol1_ch3_letter6.txt,Sitwell,MRS. SITWELL,NOVEMBER 12 1875,NOVEMBER,12.0,1875.0
LOC,0.9994485,26,35,wikisource_vol1_ch3_letter6.txt,Edinburgh,MRS. SITWELL,NOVEMBER 12 1875,NOVEMBER,12.0,1875.0
LOC,0.8307032,1424,1434,wikisource_vol1_ch3_letter6.txt,Providence,MRS. SITWELL,NOVEMBER 12 1875,NOVEMBER,12.0,1875.0
PER,0.9995245,1736,1743,wikisource_vol1_ch3_letter6.txt,R. L. S,MRS. SITWELL,NOVEMBER 12 1875,NOVEMBER,12.0,1875.0
PER,0.9993798,16,25,wikisource_vol1_ch3_letter7.txt,De Mattos,MRS. DE MATTOS,JANUARY 1876,JANUARY,,1876.0
LOC,0.99975616,27,36,wikisource_vol1_ch3_letter7.txt,Edinburgh,MRS. DE MATTOS,JANUARY 1876,JANUARY,,1876.0
PER,0.9993112,60,69,wikisource_vol1_ch3_letter7.txt,Katharine,MRS. DE MATTOS,JANUARY 1876,JANUARY,,1876.0
PER,0.60385823,511,521,wikisource_vol1_ch3_letter7.txt,Mal Reussi,MRS. DE MATTOS,JANUARY 1876,JANUARY,,1876.0
PER,0.97993475,581,587,wikisource_vol1_ch3_letter7.txt,Potter,MRS. DE MATTOS,JANUARY 1876,JANUARY,,1876.0
PER,0.609195,603,604,wikisource_vol1_ch3_letter7.txt,P,MRS. DE MATTOS,JANUARY 1876,JANUARY,,1876.0
PER,0.9996766,873,876,wikisource_vol1_ch3_letter7.txt,God,MRS. DE MATTOS,JANUARY 1876,JANUARY,,1876.0
LOC,0.9949492,1398,1407,wikisource_vol1_ch3_letter7.txt,Edinburgh,MRS. DE MATTOS,JANUARY 1876,JANUARY,,1876.0
PER,0.9990164,1456,1459,wikisource_vol1_ch3_letter7.txt,Bob,MRS. DE MATTOS,JANUARY 1876,JANUARY,,1876.0
PER,0.8956188,1811,1818,wikisource_vol1_ch3_letter7.txt,R. L. S,MRS. DE MATTOS,JANUARY 1876,JANUARY,,1876.0
PER,0.99920905,15,22,wikisource_vol1_ch3_letter8.txt,Sitwell,MRS. SITWELL,JANUARY 1876,JANUARY,,1876.0
LOC,0.99959594,25,34,wikisource_vol1_ch3_letter8.txt,Edinburgh,MRS. SITWELL,JANUARY 1876,JANUARY,,1876.0
PER,0.9991076,221,226,wikisource_vol1_ch3_letter8.txt,Helas,MRS. SITWELL,JANUARY 1876,JANUARY,,1876.0
LOC,0.9982908,494,499,wikisource_vol1_ch3_letter8.txt,Leith,MRS. SITWELL,JANUARY 1876,JANUARY,,1876.0
PER,0.99975246,518,521,wikisource_vol1_ch3_letter8.txt,God,MRS. SITWELL,JANUARY 1876,JANUARY,,1876.0
LOC,0.99951935,936,941,wikisource_vol1_ch3_letter8.txt,Firth,MRS. SITWELL,JANUARY 1876,JANUARY,,1876.0
PER,0.99964446,1326,1348,wikisource_vol1_ch3_letter8.txt,Robert Louis Stevenson,MRS. SITWELL,JANUARY 1876,JANUARY,,1876.0
PER,0.9859316,11,24,wikisource_vol1_ch3_letter9.txt,Sidney Colvin,SIDNEY COLVIN,FEBRUARY 1876,FEBRUARY,,1876.0
LOC,0.99872535,27,36,wikisource_vol1_ch3_letter9.txt,Edinburgh,SIDNEY COLVIN,FEBRUARY 1876,FEBRUARY,,1876.0
LOC,0.70869046,90,103,wikisource_vol1_ch3_letter9.txt,Fontainebleau,SIDNEY COLVIN,FEBRUARY 1876,FEBRUARY,,1876.0
PER,0.99973035,129,143,wikisource_vol1_ch3_letter9.txt,Leslie Stephen,SIDNEY COLVIN,FEBRUARY 1876,FEBRUARY,,1876.0
PER,0.9985267,224,230,wikisource_vol1_ch3_letter9.txt,Belial,SIDNEY COLVIN,FEBRUARY 1876,FEBRUARY,,1876.0
PER,0.99835736,561,579,wikisource_vol1_ch3_letter9.txt,Charles of Orleans,SIDNEY COLVIN,FEBRUARY 1876,FEBRUARY,,1876.0
PER,0.9991485,622,629,wikisource_vol1_ch3_letter9.txt,Stephen,SIDNEY COLVIN,FEBRUARY 1876,FEBRUARY,,1876.0
LOC,0.5222659,734,747,wikisource_vol1_ch3_letter9.txt,Fontainebleau,SIDNEY COLVIN,FEBRUARY 1876,FEBRUARY,,1876.0
LOC,0.99795,933,936,wikisource_vol1_ch3_letter9.txt,Ayr,SIDNEY COLVIN,FEBRUARY 1876,FEBRUARY,,1876.0
LOC,0.9956558,938,945,wikisource_vol1_ch3_letter9.txt,Maybole,SIDNEY COLVIN,FEBRUARY 1876,FEBRUARY,,1876.0
LOC,0.9967316,947,953,wikisource_vol1_ch3_letter9.txt,Girvan,SIDNEY COLVIN,FEBRUARY 1876,FEBRUARY,,1876.0
LOC,0.99811155,955,965,wikisource_vol1_ch3_letter9.txt,Ballantrae,SIDNEY COLVIN,FEBRUARY 1876,FEBRUARY,,1876.0
LOC,0.9970577,967,976,wikisource_vol1_ch3_letter9.txt,Stranraer,SIDNEY COLVIN,FEBRUARY 1876,FEBRUARY,,1876.0
LOC,0.9956576,978,986,wikisource_vol1_ch3_letter9.txt,Glenluce,SIDNEY COLVIN,FEBRUARY 1876,FEBRUARY,,1876.0
LOC,0.996374,992,998,wikisource_vol1_ch3_letter9.txt,Wigton,SIDNEY COLVIN,FEBRUARY 1876,FEBRUARY,,1876.0
LOC,0.75874233,1065,1072,wikisource_vol1_ch3_letter9.txt,Carrick,SIDNEY COLVIN,FEBRUARY 1876,FEBRUARY,,1876.0
LOC,0.6847293,1077,1085,wikisource_vol1_ch3_letter9.txt,Galloway,SIDNEY COLVIN,FEBRUARY 1876,FEBRUARY,,1876.0
PER,0.9955262,1116,1122,wikisource_vol1_ch3_letter9.txt,R. L S,SIDNEY COLVIN,FEBRUARY 1876,FEBRUARY,,1876.0
PER,0.99468046,12,25,wikisource_vol1_ch4_letter1.txt,Sidney Colvin,SIDNEY COLVIN,AUGUST 1879,AUGUST,,1879.0
PER,0.75710785,105,111,wikisource_vol1_ch4_letter1.txt,Colvin,SIDNEY COLVIN,AUGUST 1879,AUGUST,,1879.0
LOC,0.68034035,503,512,wikisource_vol1_ch4_letter1.txt,Pall Mall,SIDNEY COLVIN,AUGUST 1879,AUGUST,,1879.0
PER,0.86147624,944,951,wikisource_vol1_ch4_letter1.txt,R. L. S,SIDNEY COLVIN,AUGUST 1879,AUGUST,,1879.0
PER,0.99895763,1403,1412,wikisource_vol1_ch4_letter1.txt,Stevenson,SIDNEY COLVIN,AUGUST 1879,AUGUST,,1879.0
PER,0.99812144,11,25,wikisource_vol1_ch4_letter10.txt,P. G. Hamerton,P. G. HAMERTON,NOVEMBER 1879,NOVEMBER,,1879.0
LOC,0.99979776,27,35,wikisource_vol1_ch4_letter10.txt,Monterey,P. G. HAMERTON,NOVEMBER 1879,NOVEMBER,,1879.0
LOC,0.9998142,37,47,wikisource_vol1_ch4_letter10.txt,California,P. G. HAMERTON,NOVEMBER 1879,NOVEMBER,,1879.0
PER,0.9316116,77,85,wikisource_vol1_ch4_letter10.txt,Hamerton,P. G. HAMERTON,NOVEMBER 1879,NOVEMBER,,1879.0
LOC,0.99974674,437,446,wikisource_vol1_ch4_letter10.txt,Edinburgh,P. G. HAMERTON,NOVEMBER 1879,NOVEMBER,,1879.0
PER,0.99943787,11,23,wikisource_vol1_ch4_letter11.txt,Edmund Gosse,EDMUND GOSSE,NOVEMBER 15 1879,NOVEMBER,15.0,1879.0
LOC,0.9998074,25,33,wikisource_vol1_ch4_letter11.txt,Monterey,EDMUND GOSSE,NOVEMBER 15 1879,NOVEMBER,15.0,1879.0
LOC,0.9998648,35,45,wikisource_vol1_ch4_letter11.txt,California,EDMUND GOSSE,NOVEMBER 15 1879,NOVEMBER,15.0,1879.0
PER,0.9851798,75,80,wikisource_vol1_ch4_letter11.txt,Gosse,EDMUND GOSSE,NOVEMBER 15 1879,NOVEMBER,15.0,1879.0
LOC,0.99978095,753,761,wikisource_vol1_ch4_letter11.txt,Monterey,EDMUND GOSSE,NOVEMBER 15 1879,NOVEMBER,15.0,1879.0
PER,0.9819905,940,947,wikisource_vol1_ch4_letter11.txt,R. L S.,EDMUND GOSSE,NOVEMBER 15 1879,NOVEMBER,15.0,1879.0
ORG,0.9995057,1175,1183,wikisource_vol1_ch4_letter11.txt,Cornhill,EDMUND GOSSE,NOVEMBER 15 1879,NOVEMBER,15.0,1879.0
LOC,0.9994473,1877,1885,wikisource_vol1_ch4_letter11.txt,Monterey,EDMUND GOSSE,NOVEMBER 15 1879,NOVEMBER,15.0,1879.0
PER,0.9809832,1911,1919,wikisource_vol1_ch4_letter11.txt,R. L. S.,EDMUND GOSSE,NOVEMBER 15 1879,NOVEMBER,15.0,1879.0
PER,0.99839616,11,24,wikisource_vol1_ch4_letter12.txt,Sidney Colvin,SIDNEY COLVIN,DECEMBER 1879,DECEMBER,,1879.0
LOC,0.99964714,27,35,wikisource_vol1_ch4_letter12.txt,Monterey,SIDNEY COLVIN,DECEMBER 1879,DECEMBER,,1879.0
PER,0.99050975,69,75,wikisource_vol1_ch4_letter12.txt,Colvin,SIDNEY COLVIN,DECEMBER 1879,DECEMBER,,1879.0
PER,0.99980897,943,948,wikisource_vol1_ch4_letter12.txt,Burns,SIDNEY COLVIN,DECEMBER 1879,DECEMBER,,1879.0
LOC,0.9502066,1113,1121,wikisource_vol1_ch4_letter12.txt,Monterey,SIDNEY COLVIN,DECEMBER 1879,DECEMBER,,1879.0
PER,0.784485,1309,1314,wikisource_vol1_ch4_letter12.txt,Padre,SIDNEY COLVIN,DECEMBER 1879,DECEMBER,,1879.0
PER,0.99197257,1774,1781,wikisource_vol1_ch4_letter12.txt,R. L. S,SIDNEY COLVIN,DECEMBER 1879,DECEMBER,,1879.0
PER,0.99977833,11,23,wikisource_vol1_ch4_letter13.txt,Edmund Gosse,EDMUND GOSSE,DECEMBER 8 1879,DECEMBER,8.0,1879.0
LOC,0.9929685,25,33,wikisource_vol1_ch4_letter13.txt,Monterey,EDMUND GOSSE,DECEMBER 8 1879,DECEMBER,8.0,1879.0
LOC,0.9489371,35,47,wikisource_vol1_ch4_letter13.txt,Monterey Co.,EDMUND GOSSE,DECEMBER 8 1879,DECEMBER,8.0,1879.0
LOC,0.999818,49,59,wikisource_vol1_ch4_letter13.txt,California,EDMUND GOSSE,DECEMBER 8 1879,DECEMBER,8.0,1879.0
PER,0.99946225,1019,1027,wikisource_vol1_ch4_letter13.txt,Bancroft,EDMUND GOSSE,DECEMBER 8 1879,DECEMBER,8.0,1879.0
LOC,0.5295887,1052,1058,wikisource_vol1_ch4_letter13.txt,States,EDMUND GOSSE,DECEMBER 8 1879,DECEMBER,8.0,1879.0
PER,0.9997725,1152,1160,wikisource_vol1_ch4_letter13.txt,Bancroft,EDMUND GOSSE,DECEMBER 8 1879,DECEMBER,8.0,1879.0
PER,0.9997085,1303,1306,wikisource_vol1_ch4_letter13.txt,God,EDMUND GOSSE,DECEMBER 8 1879,DECEMBER,8.0,1879.0
PER,0.9997238,1382,1390,wikisource_vol1_ch4_letter13.txt,Bancroft,EDMUND GOSSE,DECEMBER 8 1879,DECEMBER,8.0,1879.0
PER,0.5248023,1418,1434,wikisource_vol1_ch4_letter13.txt,Plymouth Brother,EDMUND GOSSE,DECEMBER 8 1879,DECEMBER,8.0,1879.0
PER,0.9828105,1451,1455,wikisource_vol1_ch4_letter13.txt,Lord,EDMUND GOSSE,DECEMBER 8 1879,DECEMBER,8.0,1879.0
LOC,0.9982231,1623,1629,wikisource_vol1_ch4_letter13.txt,Sahara,EDMUND GOSSE,DECEMBER 8 1879,DECEMBER,8.0,1879.0
LOC,0.57073927,1793,1804,wikisource_vol1_ch4_letter13.txt,Livingstone,EDMUND GOSSE,DECEMBER 8 1879,DECEMBER,8.0,1879.0
LOC,0.75349087,1806,1812,wikisource_vol1_ch4_letter13.txt,Burton,EDMUND GOSSE,DECEMBER 8 1879,DECEMBER,8.0,1879.0
PER,0.9826256,1814,1819,wikisource_vol1_ch4_letter13.txt,Speke,EDMUND GOSSE,DECEMBER 8 1879,DECEMBER,8.0,1879.0
PER,0.996802,1821,1826,wikisource_vol1_ch4_letter13.txt,Drake,EDMUND GOSSE,DECEMBER 8 1879,DECEMBER,8.0,1879.0
PER,0.9995509,1828,1832,wikisource_vol1_ch4_letter13.txt,Cook,EDMUND GOSSE,DECEMBER 8 1879,DECEMBER,8.0,1879.0
PER,0.9884262,11,24,wikisource_vol1_ch4_letter14.txt,Sidney Colvin,SIDNEY COLVIN,DECEMBER 26 1879,DECEMBER,26.0,1879.0
LOC,0.99908173,30,41,wikisource_vol1_ch4_letter14.txt,Bush Street,SIDNEY COLVIN,DECEMBER 26 1879,DECEMBER,26.0,1879.0
LOC,0.99955773,43,56,wikisource_vol1_ch4_letter14.txt,San Francisco,SIDNEY COLVIN,DECEMBER 26 1879,DECEMBER,26.0,1879.0
PER,0.82603794,89,92,wikisource_vol1_ch4_letter14.txt,##vin,SIDNEY COLVIN,DECEMBER 26 1879,DECEMBER,26.0,1879.0
PER,0.9985062,530,537,wikisource_vol1_ch4_letter14.txt,Thoreau,SIDNEY COLVIN,DECEMBER 26 1879,DECEMBER,26.0,1879.0
PER,0.99954754,543,546,wikisource_vol1_ch4_letter14.txt,God,SIDNEY COLVIN,DECEMBER 26 1879,DECEMBER,26.0,1879.0
PER,0.9996549,636,639,wikisource_vol1_ch4_letter14.txt,God,SIDNEY COLVIN,DECEMBER 26 1879,DECEMBER,26.0,1879.0
PER,0.99274284,668,674,wikisource_vol1_ch4_letter14.txt,Colvin,SIDNEY COLVIN,DECEMBER 26 1879,DECEMBER,26.0,1879.0
LOC,0.9988263,1036,1043,wikisource_vol1_ch4_letter14.txt,Pacific,SIDNEY COLVIN,DECEMBER 26 1879,DECEMBER,26.0,1879.0
PER,0.999206,1158,1164,wikisource_vol1_ch4_letter14.txt,Hayley,SIDNEY COLVIN,DECEMBER 26 1879,DECEMBER,26.0,1879.0
PER,0.9974603,1230,1236,wikisource_vol1_ch4_letter14.txt,Hayley,SIDNEY COLVIN,DECEMBER 26 1879,DECEMBER,26.0,1879.0
PER,0.99846005,1557,1562,wikisource_vol1_ch4_letter14.txt,Norma,SIDNEY COLVIN,DECEMBER 26 1879,DECEMBER,26.0,1879.0
PER,0.97057086,11,24,wikisource_vol1_ch4_letter15.txt,Sidney Colvin,SIDNEY COLVIN,JANUARY 10 1880,JANUARY,10.0,1880.0
LOC,0.9978377,30,41,wikisource_vol1_ch4_letter15.txt,Bush Street,SIDNEY COLVIN,JANUARY 10 1880,JANUARY,10.0,1880.0
LOC,0.99953395,43,56,wikisource_vol1_ch4_letter15.txt,San Francisco,SIDNEY COLVIN,JANUARY 10 1880,JANUARY,10.0,1880.0
LOC,0.9472256,443,447,wikisource_vol1_ch4_letter15.txt,Bush,SIDNEY COLVIN,JANUARY 10 1880,JANUARY,10.0,1880.0
PER,0.99412787,463,469,wikisource_vol1_ch4_letter15.txt,Powell,SIDNEY COLVIN,JANUARY 10 1880,JANUARY,10.0,1880.0
PER,0.85516,508,509,wikisource_vol1_ch4_letter15.txt,R,SIDNEY COLVIN,JANUARY 10 1880,JANUARY,10.0,1880.0
PER,0.5051693,512,513,wikisource_vol1_ch4_letter15.txt,.,SIDNEY COLVIN,JANUARY 10 1880,JANUARY,10.0,1880.0
PER,0.9985528,540,557,wikisource_vol1_ch4_letter15.txt,Benjamin Franklin,SIDNEY COLVIN,JANUARY 10 1880,JANUARY,10.0,1880.0
PER,0.9874884,620,626,wikisource_vol1_ch4_letter15.txt,Powell,SIDNEY COLVIN,JANUARY 10 1880,JANUARY,10.0,1880.0
LOC,0.91678524,636,642,wikisource_vol1_ch4_letter15.txt,Market,SIDNEY COLVIN,JANUARY 10 1880,JANUARY,10.0,1880.0
LOC,0.54240847,660,665,wikisource_vol1_ch4_letter15.txt,Sixth,SIDNEY COLVIN,JANUARY 10 1880,JANUARY,10.0,1880.0
LOC,0.99776626,694,718,wikisource_vol1_ch4_letter15.txt,Pine Street Coffee House,SIDNEY COLVIN,JANUARY 10 1880,JANUARY,10.0,1880.0
PER,0.95743155,1091,1099,wikisource_vol1_ch4_letter15.txt,R. L. S.,SIDNEY COLVIN,JANUARY 10 1880,JANUARY,10.0,1880.0
LOC,0.99872005,1363,1374,wikisource_vol1_ch4_letter15.txt,Bush Street,SIDNEY COLVIN,JANUARY 10 1880,JANUARY,10.0,1880.0
PER,0.99811995,1422,1439,wikisource_vol1_ch4_letter15.txt,George Washington,SIDNEY COLVIN,JANUARY 10 1880,JANUARY,10.0,1880.0
PER,0.9995815,11,25,wikisource_vol1_ch4_letter16.txt,Charles Baxter,CHARLES BAXTER,JANUARY 26 1880,JANUARY,26.0,1880.0
LOC,0.99891174,31,42,wikisource_vol1_ch4_letter16.txt,Bush Street,CHARLES BAXTER,JANUARY 26 1880,JANUARY,26.0,1880.0
LOC,0.9996927,44,57,wikisource_vol1_ch4_letter16.txt,San Francisco,CHARLES BAXTER,JANUARY 26 1880,JANUARY,26.0,1880.0
PER,0.9939871,80,87,wikisource_vol1_ch4_letter16.txt,Charles,CHARLES BAXTER,JANUARY 26 1880,JANUARY,26.0,1880.0
LOC,0.7278361,392,398,wikisource_vol1_ch4_letter16.txt,Savile,CHARLES BAXTER,JANUARY 26 1880,JANUARY,26.0,1880.0
PER,0.9821655,799,806,wikisource_vol1_ch4_letter16.txt,R. L. S,CHARLES BAXTER,JANUARY 26 1880,JANUARY,26.0,1880.0
PER,0.9941072,11,24,wikisource_vol1_ch4_letter17.txt,Sidney Colvin,SIDNEY COLVIN,JANUARY 1880,JANUARY,,1880.0
LOC,0.99910146,30,41,wikisource_vol1_ch4_letter17.txt,Bush Street,SIDNEY COLVIN,JANUARY 1880,JANUARY,,1880.0
LOC,0.99964166,43,56,wikisource_vol1_ch4_letter17.txt,San Francisco,SIDNEY COLVIN,JANUARY 1880,JANUARY,,1880.0
LOC,0.99981874,58,68,wikisource_vol1_ch4_letter17.txt,California,SIDNEY COLVIN,JANUARY 1880,JANUARY,,1880.0
PER,0.9060573,93,99,wikisource_vol1_ch4_letter17.txt,Colvin,SIDNEY COLVIN,JANUARY 1880,JANUARY,,1880.0
LOC,0.9995745,149,154,wikisource_vol1_ch4_letter17.txt,Paris,SIDNEY COLVIN,JANUARY 1880,JANUARY,,1880.0
PER,0.9972,162,165,wikisource_vol1_ch4_letter17.txt,God,SIDNEY COLVIN,JANUARY 1880,JANUARY,,1880.0
ORG,0.7186455,477,485,wikisource_vol1_ch4_letter17.txt,Cornhill,SIDNEY COLVIN,JANUARY 1880,JANUARY,,1880.0
PER,0.9870671,625,631,wikisource_vol1_ch4_letter17.txt,Colvin,SIDNEY COLVIN,JANUARY 1880,JANUARY,,1880.0
PER,0.9995801,1828,1835,wikisource_vol1_ch4_letter17.txt,Simpson,SIDNEY COLVIN,JANUARY 1880,JANUARY,,1880.0
PER,0.9985124,11,23,wikisource_vol1_ch4_letter18.txt,W. E. Henley,W. E. HENLEY,FEBRUARY 1880,FEBRUARY,,1880.0
LOC,0.9977575,29,40,wikisource_vol1_ch4_letter18.txt,Bush Street,W. E. HENLEY,FEBRUARY 1880,FEBRUARY,,1880.0
LOC,0.9994199,42,55,wikisource_vol1_ch4_letter18.txt,San Francisco,W. E. HENLEY,FEBRUARY 1880,FEBRUARY,,1880.0
LOC,0.936543,57,61,wikisource_vol1_ch4_letter18.txt,Cal.,W. E. HENLEY,FEBRUARY 1880,FEBRUARY,,1880.0
PER,0.99630654,86,92,wikisource_vol1_ch4_letter18.txt,Henley,W. E. HENLEY,FEBRUARY 1880,FEBRUARY,,1880.0
PER,0.9448363,523,548,wikisource_vol1_ch4_letter18.txt,Stephen. Yoshida Torajiro,W. E. HENLEY,FEBRUARY 1880,FEBRUARY,,1880.0
PER,0.99626917,592,599,wikisource_vol1_ch4_letter18.txt,Thoreau,W. E. HENLEY,FEBRUARY 1880,FEBRUARY,,1880.0
PER,0.9996755,671,688,wikisource_vol1_ch4_letter18.txt,Benjamin Franklin,W. E. HENLEY,FEBRUARY 1880,FEBRUARY,,1880.0
PER,0.99979484,739,751,wikisource_vol1_ch4_letter18.txt,William Penn,W. E. HENLEY,FEBRUARY 1880,FEBRUARY,,1880.0
PER,0.994379,1166,1175,wikisource_vol1_ch4_letter18.txt,Macmillan,W. E. HENLEY,FEBRUARY 1880,FEBRUARY,,1880.0
PER,0.99958974,1424,1432,wikisource_vol1_ch4_letter18.txt,Meredith,W. E. HENLEY,FEBRUARY 1880,FEBRUARY,,1880.0
PER,0.6881221,1683,1692,wikisource_vol1_ch4_letter18.txt,Semiramis,W. E. HENLEY,FEBRUARY 1880,FEBRUARY,,1880.0
PER,0.7793407,1717,1724,wikisource_vol1_ch4_letter18.txt,Duchess,W. E. HENLEY,FEBRUARY 1880,FEBRUARY,,1880.0
PER,0.9996316,1968,1987,wikisource_vol1_ch4_letter18.txt,Otto Frederick John,W. E. HENLEY,FEBRUARY 1880,FEBRUARY,,1880.0
PER,0.69127625,2000,2006,wikisource_vol1_ch4_letter18.txt,Prince,W. E. HENLEY,FEBRUARY 1880,FEBRUARY,,1880.0
LOC,0.46395603,2010,2011,wikisource_vol1_ch4_letter18.txt,G,W. E. HENLEY,FEBRUARY 1880,FEBRUARY,,1880.0
PER,0.9992692,11,24,wikisource_vol1_ch4_letter19.txt,Sidney Colvin,SIDNEY COLVIN,MARCH 1880,MARCH,,1880.0
LOC,0.9984517,30,41,wikisource_vol1_ch4_letter19.txt,Bush Street,SIDNEY COLVIN,MARCH 1880,MARCH,,1880.0
LOC,0.9994588,43,56,wikisource_vol1_ch4_letter19.txt,San Francisco,SIDNEY COLVIN,MARCH 1880,MARCH,,1880.0
PER,0.97160923,80,86,wikisource_vol1_ch4_letter19.txt,Colvin,SIDNEY COLVIN,MARCH 1880,MARCH,,1880.0
PER,0.9957833,449,455,wikisource_vol1_ch4_letter19.txt,Colvin,SIDNEY COLVIN,MARCH 1880,MARCH,,1880.0
PER,0.99835145,597,604,wikisource_vol1_ch4_letter19.txt,R. L. S,SIDNEY COLVIN,MARCH 1880,MARCH,,1880.0
PER,0.9830534,11,24,wikisource_vol1_ch4_letter2.txt,Sidney Colvin,SIDNEY COLVIN,AUGUST 1879,AUGUST,,1879.0
LOC,0.84091467,54,62,wikisource_vol1_ch4_letter2.txt,New York,SIDNEY COLVIN,AUGUST 1879,AUGUST,,1879.0
LOC,0.9989091,66,79,wikisource_vol1_ch4_letter2.txt,San Francisco,SIDNEY COLVIN,AUGUST 1879,AUGUST,,1879.0
LOC,0.9997111,135,145,wikisource_vol1_ch4_letter2.txt,Pittsburgh,SIDNEY COLVIN,AUGUST 1879,AUGUST,,1879.0
LOC,0.99977106,150,157,wikisource_vol1_ch4_letter2.txt,Chicago,SIDNEY COLVIN,AUGUST 1879,AUGUST,,1879.0
LOC,0.999658,184,188,wikisource_vol1_ch4_letter2.txt,Ohio,SIDNEY COLVIN,AUGUST 1879,AUGUST,,1879.0
LOC,0.97874564,306,310,wikisource_vol1_ch4_letter2.txt,N. Y.,SIDNEY COLVIN,AUGUST 1879,AUGUST,,1879.0
LOC,0.98809844,374,378,wikisource_vol1_ch4_letter2.txt,West,SIDNEY COLVIN,AUGUST 1879,AUGUST,,1879.0
LOC,0.99121255,887,899,wikisource_vol1_ch4_letter2.txt,Susquehannah,SIDNEY COLVIN,AUGUST 1879,AUGUST,,1879.0
LOC,0.99980026,914,922,wikisource_vol1_ch4_letter2.txt,Delaware,SIDNEY COLVIN,AUGUST 1879,AUGUST,,1879.0
LOC,0.98127687,1120,1132,wikisource_vol1_ch4_letter2.txt,Susquehannah,SIDNEY COLVIN,AUGUST 1879,AUGUST,,1879.0
LOC,0.99980253,1147,1155,wikisource_vol1_ch4_letter2.txt,Delaware,SIDNEY COLVIN,AUGUST 1879,AUGUST,,1879.0
PER,0.99756503,1165,1168,wikisource_vol1_ch4_letter2.txt,God,SIDNEY COLVIN,AUGUST 1879,AUGUST,,1879.0
LOC,0.98537207,1348,1360,wikisource_vol1_ch4_letter2.txt,Susquehannah,SIDNEY COLVIN,AUGUST 1879,AUGUST,,1879.0
LOC,0.99974865,1375,1383,wikisource_vol1_ch4_letter2.txt,Delaware,SIDNEY COLVIN,AUGUST 1879,AUGUST,,1879.0
LOC,0.9997422,1471,1478,wikisource_vol1_ch4_letter2.txt,Indiana,SIDNEY COLVIN,AUGUST 1879,AUGUST,,1879.0
LOC,0.99981815,1483,1490,wikisource_vol1_ch4_letter2.txt,America,SIDNEY COLVIN,AUGUST 1879,AUGUST,,1879.0
PER,0.7614528,1824,1831,wikisource_vol1_ch4_letter2.txt,R. L. S,SIDNEY COLVIN,AUGUST 1879,AUGUST,,1879.0
PER,0.9996669,11,23,wikisource_vol1_ch4_letter20.txt,Edmund Gosse,EDMUND GOSSE,APRIL 16 1880,APRIL,16.0,1880.0
LOC,0.9994556,25,38,wikisource_vol1_ch4_letter20.txt,San Francisco,EDMUND GOSSE,APRIL 16 1880,APRIL,16.0,1880.0
LOC,0.9936434,40,44,wikisource_vol1_ch4_letter20.txt,Cal.,EDMUND GOSSE,APRIL 16 1880,APRIL,16.0,1880.0
PER,0.9996321,71,76,wikisource_vol1_ch4_letter20.txt,Gosse,EDMUND GOSSE,APRIL 16 1880,APRIL,16.0,1880.0
PER,0.9995441,318,323,wikisource_vol1_ch4_letter20.txt,Hades,EDMUND GOSSE,APRIL 16 1880,APRIL,16.0,1880.0
PER,0.99986017,690,695,wikisource_vol1_ch4_letter20.txt,Gosse,EDMUND GOSSE,APRIL 16 1880,APRIL,16.0,1880.0
PER,0.98758656,782,790,wikisource_vol1_ch4_letter20.txt,St. Paul,EDMUND GOSSE,APRIL 16 1880,APRIL,16.0,1880.0
PER,0.9998264,1055,1058,wikisource_vol1_ch4_letter20.txt,God,EDMUND GOSSE,APRIL 16 1880,APRIL,16.0,1880.0
PER,0.99973243,1095,1102,wikisource_vol1_ch4_letter20.txt,Bamford,EDMUND GOSSE,APRIL 16 1880,APRIL,16.0,1880.0
PER,0.9978823,1115,1119,wikisource_vol1_ch4_letter20.txt,Muse,EDMUND GOSSE,APRIL 16 1880,APRIL,16.0,1880.0
PER,0.9997387,15,25,wikisource_vol1_ch4_letter21.txt,W. Bamford,DR. W. BAMFORD,APRIL 1880,APRIL,,1880.0
LOC,0.99889594,28,41,wikisource_vol1_ch4_letter21.txt,San Francisco,DR. W. BAMFORD,APRIL 1880,APRIL,,1880.0
PER,0.9998434,724,746,wikisource_vol1_ch4_letter21.txt,Robert Louis Stevenson,DR. W. BAMFORD,APRIL 1880,APRIL,,1880.0
PER,0.977714,11,24,wikisource_vol1_ch4_letter22.txt,Sidney Colvin,SIDNEY COLVIN,APRIL 1880,APRIL,,1880.0
LOC,0.9989655,27,40,wikisource_vol1_ch4_letter22.txt,San Francisco,SIDNEY COLVIN,APRIL 1880,APRIL,,1880.0
PER,0.99918777,204,208,wikisource_vol1_ch4_letter22.txt,Penn,SIDNEY COLVIN,APRIL 1880,APRIL,,1880.0
LOC,0.9398592,214,222,wikisource_vol1_ch4_letter22.txt,H. James,SIDNEY COLVIN,APRIL 1880,APRIL,,1880.0
LOC,0.9913416,225,234,wikisource_vol1_ch4_letter22.txt,Hawthorne,SIDNEY COLVIN,APRIL 1880,APRIL,,1880.0
PER,0.9994149,243,248,wikisource_vol1_ch4_letter22.txt,Burns,SIDNEY COLVIN,APRIL 1880,APRIL,,1880.0
PER,0.9764415,553,556,wikisource_vol1_ch4_letter22.txt,Pan,SIDNEY COLVIN,APRIL 1880,APRIL,,1880.0
PER,0.9754358,558,562,wikisource_vol1_ch4_letter22.txt,Jove,SIDNEY COLVIN,APRIL 1880,APRIL,,1880.0
PER,0.9330991,564,570,wikisource_vol1_ch4_letter22.txt,Cybele,SIDNEY COLVIN,APRIL 1880,APRIL,,1880.0
PER,0.9546604,572,577,wikisource_vol1_ch4_letter22.txt,Venus,SIDNEY COLVIN,APRIL 1880,APRIL,,1880.0
PER,0.97607887,579,585,wikisource_vol1_ch4_letter22.txt,Charon,SIDNEY COLVIN,APRIL 1880,APRIL,,1880.0
LOC,0.99884546,860,866,wikisource_vol1_ch4_letter22.txt,Jordan,SIDNEY COLVIN,APRIL 1880,APRIL,,1880.0
PER,0.9880058,888,895,wikisource_vol1_ch4_letter22.txt,Thoreau,SIDNEY COLVIN,APRIL 1880,APRIL,,1880.0
PER,0.9998184,959,965,wikisource_vol1_ch4_letter22.txt,Goethe,SIDNEY COLVIN,APRIL 1880,APRIL,,1880.0
PER,0.99971896,1056,1061,wikisource_vol1_ch4_letter22.txt,Burns,SIDNEY COLVIN,APRIL 1880,APRIL,,1880.0
PER,0.9970538,1373,1380,wikisource_vol1_ch4_letter22.txt,R. L. S,SIDNEY COLVIN,APRIL 1880,APRIL,,1880.0
PER,0.96314615,11,24,wikisource_vol1_ch4_letter23.txt,Sidney Colvin,SIDNEY COLVIN,APRIL 1880,APRIL,,1880.0
LOC,0.99878967,27,40,wikisource_vol1_ch4_letter23.txt,San Francisco,SIDNEY COLVIN,APRIL 1880,APRIL,,1880.0
PER,0.9996557,659,662,wikisource_vol1_ch4_letter23.txt,God,SIDNEY COLVIN,APRIL 1880,APRIL,,1880.0
PER,0.9995043,786,791,wikisource_vol1_ch4_letter23.txt,Dante,SIDNEY COLVIN,APRIL 1880,APRIL,,1880.0
PER,0.9996871,1204,1211,wikisource_vol1_ch4_letter23.txt,R. L. S,SIDNEY COLVIN,APRIL 1880,APRIL,,1880.0
PER,0.9775699,11,24,wikisource_vol1_ch4_letter24.txt,Sidney Colvin,SIDNEY COLVIN,MAY 1880,MAY,,1880.0
LOC,0.999171,27,40,wikisource_vol1_ch4_letter24.txt,San Francisco,SIDNEY COLVIN,MAY 1880,MAY,,1880.0
PER,0.61751336,199,200,wikisource_vol1_ch4_letter24.txt,I,SIDNEY COLVIN,MAY 1880,MAY,,1880.0
PER,0.65542823,201,202,wikisource_vol1_ch4_letter24.txt,E,SIDNEY COLVIN,MAY 1880,MAY,,1880.0
PER,0.9773705,240,242,wikisource_vol1_ch4_letter24.txt,F.,SIDNEY COLVIN,MAY 1880,MAY,,1880.0
LOC,0.98123544,867,871,wikisource_vol1_ch4_letter24.txt,Styx,SIDNEY COLVIN,MAY 1880,MAY,,1880.0
PER,0.99934226,1029,1034,wikisource_vol1_ch4_letter24.txt,Lloyd,SIDNEY COLVIN,MAY 1880,MAY,,1880.0
PER,0.9997664,1570,1578,wikisource_vol1_ch4_letter24.txt,Don Lope,SIDNEY COLVIN,MAY 1880,MAY,,1880.0
PER,0.98845875,1713,1720,wikisource_vol1_ch4_letter24.txt,R. L. S,SIDNEY COLVIN,MAY 1880,MAY,,1880.0
PER,0.994638,11,25,wikisource_vol1_ch4_letter25.txt,C. W. Stoddard,C. W. STODDARD,MAY 1880,MAY,,1880.0
LOC,0.9651542,27,39,wikisource_vol1_ch4_letter25.txt,East Oakland,C. W. STODDARD,MAY 1880,MAY,,1880.0
LOC,0.9556079,41,45,wikisource_vol1_ch4_letter25.txt,Cal.,C. W. STODDARD,MAY 1880,MAY,,1880.0
PER,0.94145,60,73,wikisource_vol1_ch4_letter25.txt,Dear Stoddard,C. W. STODDARD,MAY 1880,MAY,,1880.0
PER,0.99980587,119,122,wikisource_vol1_ch4_letter25.txt,God,C. W. STODDARD,MAY 1880,MAY,,1880.0
PER,0.988208,1133,1139,wikisource_vol1_ch4_letter25.txt,Menken,C. W. STODDARD,MAY 1880,MAY,,1880.0
PER,0.88980776,1141,1150,wikisource_vol1_ch4_letter25.txt,Yelverton,C. W. STODDARD,MAY 1880,MAY,,1880.0
PER,0.99837965,1156,1162,wikisource_vol1_ch4_letter25.txt,Keeler,C. W. STODDARD,MAY 1880,MAY,,1880.0
LOC,0.999584,1275,1281,wikisource_vol1_ch4_letter25.txt,Europe,C. W. STODDARD,MAY 1880,MAY,,1880.0
PER,0.9997349,1483,1488,wikisource_vol1_ch4_letter25.txt,Hades,C. W. STODDARD,MAY 1880,MAY,,1880.0
PER,0.99969554,1570,1576,wikisource_vol1_ch4_letter25.txt,Charon,C. W. STODDARD,MAY 1880,MAY,,1880.0
PER,0.9223922,1788,1792,wikisource_vol1_ch4_letter25.txt,Muse,C. W. STODDARD,MAY 1880,MAY,,1880.0
PER,0.9989959,1821,1831,wikisource_vol1_ch4_letter25.txt,Mark Twain,C. W. STODDARD,MAY 1880,MAY,,1880.0
PER,0.97298247,11,24,wikisource_vol1_ch4_letter26.txt,Sidney Colvin,SIDNEY COLVIN,MAY 1880,MAY,,1880.0
LOC,0.9993218,27,40,wikisource_vol1_ch4_letter26.txt,San Francisco,SIDNEY COLVIN,MAY 1880,MAY,,1880.0
PER,0.99966276,881,886,wikisource_vol1_ch4_letter26.txt,Fanny,SIDNEY COLVIN,MAY 1880,MAY,,1880.0
LOC,0.9982052,1242,1251,wikisource_vol1_ch4_letter26.txt,Calistoga,SIDNEY COLVIN,MAY 1880,MAY,,1880.0
LOC,0.99920464,1253,1264,wikisource_vol1_ch4_letter26.txt,Napa County,SIDNEY COLVIN,MAY 1880,MAY,,1880.0
LOC,0.99981934,1266,1276,wikisource_vol1_ch4_letter26.txt,California,SIDNEY COLVIN,MAY 1880,MAY,,1880.0
PER,0.9996125,1356,1361,wikisource_vol1_ch4_letter26.txt,Fanny,SIDNEY COLVIN,MAY 1880,MAY,,1880.0
LOC,0.99863315,1415,1433,wikisource_vol1_ch4_letter26.txt,Mount Saint Helena,SIDNEY COLVIN,MAY 1880,MAY,,1880.0
PER,0.98326576,11,23,wikisource_vol1_ch4_letter3.txt,W. E. Henley,W. E. HENLEY,AUGUST 23 1879,AUGUST,23.0,1879.0
LOC,0.99750584,34,42,wikisource_vol1_ch4_letter3.txt,Nebraska,W. E. HENLEY,AUGUST 23 1879,AUGUST,23.0,1879.0
PER,0.9901091,80,86,wikisource_vol1_ch4_letter3.txt,Henley,W. E. HENLEY,AUGUST 23 1879,AUGUST,23.0,1879.0
LOC,0.999824,149,157,wikisource_vol1_ch4_letter3.txt,Missouri,W. E. HENLEY,AUGUST 23 1879,AUGUST,23.0,1879.0
LOC,0.99758637,862,873,wikisource_vol1_ch4_letter3.txt,St. Pancras,W. E. HENLEY,AUGUST 23 1879,AUGUST,23.0,1879.0
ORG,0.9965357,912,923,wikisource_vol1_ch4_letter3.txt,Savile Club,W. E. HENLEY,AUGUST 23 1879,AUGUST,23.0,1879.0
LOC,0.99949634,957,969,wikisource_vol1_ch4_letter3.txt,Pennsylvania,W. E. HENLEY,AUGUST 23 1879,AUGUST,23.0,1879.0
ORG,0.99969816,990,1001,wikisource_vol1_ch4_letter3.txt,States Navy,W. E. HENLEY,AUGUST 23 1879,AUGUST,23.0,1879.0
LOC,0.9996294,1029,1037,wikisource_vol1_ch4_letter3.txt,Missouri,W. E. HENLEY,AUGUST 23 1879,AUGUST,23.0,1879.0
PER,0.9997432,11,24,wikisource_vol1_ch4_letter4.txt,Sidney Colvin,SIDNEY COLVIN,SEPTEMBER 1879,SEPTEMBER,,1879.0
LOC,0.99981517,27,47,wikisource_vol1_ch4_letter4.txt,Coast Line Mountains,SIDNEY COLVIN,SEPTEMBER 1879,SEPTEMBER,,1879.0
LOC,0.99987686,49,59,wikisource_vol1_ch4_letter4.txt,California,SIDNEY COLVIN,SEPTEMBER 1879,SEPTEMBER,,1879.0
LOC,0.99888307,138,144,wikisource_vol1_ch4_letter4.txt,Angora,SIDNEY COLVIN,SEPTEMBER 1879,SEPTEMBER,,1879.0
LOC,0.9998193,165,185,wikisource_vol1_ch4_letter4.txt,Coast Line Mountains,SIDNEY COLVIN,SEPTEMBER 1879,SEPTEMBER,,1879.0
LOC,0.9998772,207,215,wikisource_vol1_ch4_letter4.txt,Monterey,SIDNEY COLVIN,SEPTEMBER 1879,SEPTEMBER,,1879.0
PER,0.99950165,457,464,wikisource_vol1_ch4_letter4.txt,Fremont,SIDNEY COLVIN,SEPTEMBER 1879,SEPTEMBER,,1879.0
LOC,0.9998084,470,480,wikisource_vol1_ch4_letter4.txt,California,SIDNEY COLVIN,SEPTEMBER 1879,SEPTEMBER,,1879.0
LOC,0.99984777,498,504,wikisource_vol1_ch4_letter4.txt,States,SIDNEY COLVIN,SEPTEMBER 1879,SEPTEMBER,,1879.0
PER,0.99913776,575,580,wikisource_vol1_ch4_letter4.txt,Smith,SIDNEY COLVIN,SEPTEMBER 1879,SEPTEMBER,,1879.0
LOC,0.9998554,943,950,wikisource_vol1_ch4_letter4.txt,England,SIDNEY COLVIN,SEPTEMBER 1879,SEPTEMBER,,1879.0
LOC,0.9997575,1020,1028,wikisource_vol1_ch4_letter4.txt,New York,SIDNEY COLVIN,SEPTEMBER 1879,SEPTEMBER,,1879.0
PER,0.9997921,1267,1274,wikisource_vol1_ch4_letter4.txt,R. L. S,SIDNEY COLVIN,SEPTEMBER 1879,SEPTEMBER,,1879.0
PER,0.9967675,11,24,wikisource_vol1_ch4_letter5.txt,Sidney Colvin,SIDNEY COLVIN,OCTOBER 21 1879,OCTOBER,21.0,1879.0
LOC,0.9989548,26,34,wikisource_vol1_ch4_letter5.txt,Monterey,SIDNEY COLVIN,OCTOBER 21 1879,OCTOBER,21.0,1879.0
LOC,0.9952587,36,45,wikisource_vol1_ch4_letter5.txt,Ditto Co.,SIDNEY COLVIN,OCTOBER 21 1879,OCTOBER,21.0,1879.0
LOC,0.99984765,47,57,wikisource_vol1_ch4_letter5.txt,California,SIDNEY COLVIN,OCTOBER 21 1879,OCTOBER,21.0,1879.0
PER,0.9994216,213,216,wikisource_vol1_ch4_letter5.txt,God,SIDNEY COLVIN,OCTOBER 21 1879,OCTOBER,21.0,1879.0
LOC,0.99978906,300,308,wikisource_vol1_ch4_letter5.txt,Monterey,SIDNEY COLVIN,OCTOBER 21 1879,OCTOBER,21.0,1879.0
LOC,0.9998,969,977,wikisource_vol1_ch4_letter5.txt,Monterey,SIDNEY COLVIN,OCTOBER 21 1879,OCTOBER,21.0,1879.0
PER,0.9984679,1158,1165,wikisource_vol1_ch4_letter5.txt,R. L. S,SIDNEY COLVIN,OCTOBER 21 1879,OCTOBER,21.0,1879.0
PER,0.9929934,11,24,wikisource_vol1_ch4_letter6.txt,Sidney Colvin,SIDNEY COLVIN,SEPTEMBER 1879,SEPTEMBER,,1879.0
LOC,0.99965394,26,34,wikisource_vol1_ch4_letter6.txt,Monterey,SIDNEY COLVIN,SEPTEMBER 1879,SEPTEMBER,,1879.0
LOC,0.99985313,36,46,wikisource_vol1_ch4_letter6.txt,California,SIDNEY COLVIN,SEPTEMBER 1879,SEPTEMBER,,1879.0
PER,0.9054621,592,595,wikisource_vol1_ch4_letter6.txt,Fan,SIDNEY COLVIN,SEPTEMBER 1879,SEPTEMBER,,1879.0
LOC,0.9998524,1031,1041,wikisource_vol1_ch4_letter6.txt,California,SIDNEY COLVIN,SEPTEMBER 1879,SEPTEMBER,,1879.0
LOC,0.9998313,1069,1077,wikisource_vol1_ch4_letter6.txt,Monterey,SIDNEY COLVIN,SEPTEMBER 1879,SEPTEMBER,,1879.0
LOC,0.99978584,1208,1215,wikisource_vol1_ch4_letter6.txt,Pacific,SIDNEY COLVIN,SEPTEMBER 1879,SEPTEMBER,,1879.0
LOC,0.9996878,1409,1417,wikisource_vol1_ch4_letter6.txt,Monterey,SIDNEY COLVIN,SEPTEMBER 1879,SEPTEMBER,,1879.0
PER,0.9980401,1561,1568,wikisource_vol1_ch4_letter6.txt,R. L. S,SIDNEY COLVIN,SEPTEMBER 1879,SEPTEMBER,,1879.0
PER,0.9996575,11,23,wikisource_vol1_ch4_letter7.txt,Edmund Gosse,EDMUND GOSSE,OCTOBER 8 1879,OCTOBER,8.0,1879.0
LOC,0.9385682,25,33,wikisource_vol1_ch4_letter7.txt,Monterey,EDMUND GOSSE,OCTOBER 8 1879,OCTOBER,8.0,1879.0
LOC,0.98553497,35,47,wikisource_vol1_ch4_letter7.txt,Monterey Co.,EDMUND GOSSE,OCTOBER 8 1879,OCTOBER,8.0,1879.0
LOC,0.99987936,49,59,wikisource_vol1_ch4_letter7.txt,California,EDMUND GOSSE,OCTOBER 8 1879,OCTOBER,8.0,1879.0
PER,0.998205,566,575,wikisource_vol1_ch4_letter7.txt,Swinburne,EDMUND GOSSE,OCTOBER 8 1879,OCTOBER,8.0,1879.0
LOC,0.9988954,673,679,wikisource_vol1_ch4_letter7.txt,Angora,EDMUND GOSSE,OCTOBER 8 1879,OCTOBER,8.0,1879.0
LOC,0.99980044,699,720,wikisource_vol1_ch4_letter7.txt,Santa Lucia Mountains,EDMUND GOSSE,OCTOBER 8 1879,OCTOBER,8.0,1879.0
ORG,0.9890904,1707,1715,wikisource_vol1_ch4_letter7.txt,Cornhill,EDMUND GOSSE,OCTOBER 8 1879,OCTOBER,8.0,1879.0
PER,0.9987684,1748,1752,wikisource_vol1_ch4_letter7.txt,Paul,EDMUND GOSSE,OCTOBER 8 1879,OCTOBER,8.0,1879.0
ORG,0.9985405,1774,1787,wikisource_vol1_ch4_letter7.txt,New Quarterly,EDMUND GOSSE,OCTOBER 8 1879,OCTOBER,8.0,1879.0
PER,0.998881,11,23,wikisource_vol1_ch4_letter8.txt,W. E. Henley,W. E. HENLEY,OCTOBER 1879,OCTOBER,,1879.0
LOC,0.9996892,26,34,wikisource_vol1_ch4_letter8.txt,Monterey,W. E. HENLEY,OCTOBER 1879,OCTOBER,,1879.0
LOC,0.99980205,36,46,wikisource_vol1_ch4_letter8.txt,California,W. E. HENLEY,OCTOBER 1879,OCTOBER,,1879.0
PER,0.9948474,71,77,wikisource_vol1_ch4_letter8.txt,Henley,W. E. HENLEY,OCTOBER 1879,OCTOBER,,1879.0
LOC,0.82120705,110,115,wikisource_vol1_ch4_letter8.txt,Links,W. E. HENLEY,OCTOBER 1879,OCTOBER,,1879.0
PER,0.99966633,224,227,wikisource_vol1_ch4_letter8.txt,God,W. E. HENLEY,OCTOBER 1879,OCTOBER,,1879.0
LOC,0.9997665,373,380,wikisource_vol1_ch4_letter8.txt,England,W. E. HENLEY,OCTOBER 1879,OCTOBER,,1879.0
PER,0.999232,391,405,wikisource_vol1_ch4_letter8.txt,Wilkie Collins,W. E. HENLEY,OCTOBER 1879,OCTOBER,,1879.0
PER,0.9975826,520,524,wikisource_vol1_ch4_letter8.txt,Payn,W. E. HENLEY,OCTOBER 1879,OCTOBER,,1879.0
LOC,0.59393096,605,613,wikisource_vol1_ch4_letter8.txt,Pavilion,W. E. HENLEY,OCTOBER 1879,OCTOBER,,1879.0
PER,0.99912554,746,749,wikisource_vol1_ch4_letter8.txt,God,W. E. HENLEY,OCTOBER 1879,OCTOBER,,1879.0
PER,0.9996207,887,894,wikisource_vol1_ch4_letter8.txt,Anthony,W. E. HENLEY,OCTOBER 1879,OCTOBER,,1879.0
PER,0.9617119,921,927,wikisource_vol1_ch4_letter8.txt,Colvin,W. E. HENLEY,OCTOBER 1879,OCTOBER,,1879.0
PER,0.6773223,963,970,wikisource_vol1_ch4_letter8.txt,R. L. S,W. E. HENLEY,OCTOBER 1879,OCTOBER,,1879.0
PER,0.9984255,11,23,wikisource_vol1_ch4_letter9.txt,W. E. Henley,W. E. HENLEY,OCTOBER 1879,OCTOBER,,1879.0
LOC,0.99982554,26,34,wikisource_vol1_ch4_letter9.txt,Monterey,W. E. HENLEY,OCTOBER 1879,OCTOBER,,1879.0
LOC,0.9998623,36,46,wikisource_vol1_ch4_letter9.txt,California,W. E. HENLEY,OCTOBER 1879,OCTOBER,,1879.0
PER,0.9955642,71,77,wikisource_vol1_ch4_letter9.txt,Henley,W. E. HENLEY,OCTOBER 1879,OCTOBER,,1879.0
PER,0.99522245,186,192,wikisource_vol1_ch4_letter9.txt,Colvin,W. E. HENLEY,OCTOBER 1879,OCTOBER,,1879.0
ORG,0.9991684,221,229,wikisource_vol1_ch4_letter9.txt,Cornhill,W. E. HENLEY,OCTOBER 1879,OCTOBER,,1879.0
ORG,0.99176556,238,251,wikisource_vol1_ch4_letter9.txt,New Quarterly,W. E. HENLEY,OCTOBER 1879,OCTOBER,,1879.0
LOC,0.99978137,287,300,wikisource_vol1_ch4_letter9.txt,San Francisco,W. E. HENLEY,OCTOBER 1879,OCTOBER,,1879.0
ORG,0.874522,366,374,wikisource_vol1_ch4_letter9.txt,P. M. G.,W. E. HENLEY,OCTOBER 1879,OCTOBER,,1879.0
ORG,0.9989644,471,480,wikisource_vol1_ch4_letter9.txt,Athenaeum,W. E. HENLEY,OCTOBER 1879,OCTOBER,,1879.0
PER,0.9433384,563,570,wikisource_vol1_ch4_letter9.txt,Labiche,W. E. HENLEY,OCTOBER 1879,OCTOBER,,1879.0
PER,0.9992878,596,610,wikisource_vol1_ch4_letter9.txt,Jules Simoneau,W. E. HENLEY,OCTOBER 1879,OCTOBER,,1879.0
LOC,0.9997774,612,620,wikisource_vol1_ch4_letter9.txt,Monterey,W. E. HENLEY,OCTOBER 1879,OCTOBER,,1879.0
LOC,0.9954429,622,634,wikisource_vol1_ch4_letter9.txt,Monterey Co.,W. E. HENLEY,OCTOBER 1879,OCTOBER,,1879.0
LOC,0.9998235,636,646,wikisource_vol1_ch4_letter9.txt,California,W. E. HENLEY,OCTOBER 1879,OCTOBER,,1879.0
LOC,0.99985933,791,797,wikisource_vol1_ch4_letter9.txt,France,W. E. HENLEY,OCTOBER 1879,OCTOBER,,1879.0
PER,0.9939488,840,847,wikisource_vol1_ch4_letter9.txt,Labiche,W. E. HENLEY,OCTOBER 1879,OCTOBER,,1879.0
PER,0.9914997,1123,1126,wikisource_vol1_ch4_letter9.txt,Bob,W. E. HENLEY,OCTOBER 1879,OCTOBER,,1879.0
LOC,0.9998697,1170,1176,wikisource_vol1_ch4_letter9.txt,Europe,W. E. HENLEY,OCTOBER 1879,OCTOBER,,1879.0
PER,0.9551247,1788,1793,wikisource_vol1_ch4_letter9.txt,Lynch,W. E. HENLEY,OCTOBER 1879,OCTOBER,,1879.0
PER,0.99968344,12,27,wikisource_vol1_ch5_letter1.txt,A. G. Dew - Smith,A. G. DEW,NOVEMBER 1880,NOVEMBER,,1880.0
LOC,0.9897327,30,45,wikisource_vol1_ch5_letter1.txt,Hotel Belvedere,A. G. DEW,NOVEMBER 1880,NOVEMBER,,1880.0
LOC,0.9994235,47,52,wikisource_vol1_ch5_letter1.txt,Davos,A. G. DEW,NOVEMBER 1880,NOVEMBER,,1880.0
PER,0.9981134,238,241,wikisource_vol1_ch5_letter1.txt,God,A. G. DEW,NOVEMBER 1880,NOVEMBER,,1880.0
PER,0.86535406,574,577,wikisource_vol1_ch5_letter1.txt,Dew,A. G. DEW,NOVEMBER 1880,NOVEMBER,,1880.0
PER,0.99777067,931,934,wikisource_vol1_ch5_letter1.txt,God,A. G. DEW,NOVEMBER 1880,NOVEMBER,,1880.0
PER,0.99883384,1339,1342,wikisource_vol1_ch5_letter1.txt,God,A. G. DEW,NOVEMBER 1880,NOVEMBER,,1880.0
PER,0.9787834,1769,1772,wikisource_vol1_ch5_letter1.txt,Dew,A. G. DEW,NOVEMBER 1880,NOVEMBER,,1880.0
PER,0.9997352,11,27,wikisource_vol1_ch5_letter10.txt,Horatio F. Brown,HORATIO F. BROWN,1881,,,1881.0
LOC,0.7649722,29,31,wikisource_vol1_ch5_letter10.txt,Da,HORATIO F. BROWN,1881,,,1881.0
PER,0.8807578,31,34,wikisource_vol1_ch5_letter10.txt,##vos,HORATIO F. BROWN,1881,,,1881.0
LOC,0.9196209,90,115,wikisource_vol1_ch5_letter10.txt,San Francisco Bouquiniste,HORATIO F. BROWN,1881,,,1881.0
PER,0.99967206,550,565,wikisource_vol1_ch5_letter10.txt,R. L. Stevenson,HORATIO F. BROWN,1881,,,1881.0
PER,0.99965,11,27,wikisource_vol1_ch5_letter11.txt,Horatio F. Brown,HORATIO F. BROWN,1881,,,1881.0
LOC,0.87901926,29,31,wikisource_vol1_ch5_letter11.txt,Da,HORATIO F. BROWN,1881,,,1881.0
PER,0.8350945,31,34,wikisource_vol1_ch5_letter11.txt,##vos,HORATIO F. BROWN,1881,,,1881.0
PER,0.92693543,50,55,wikisource_vol1_ch5_letter11.txt,Brown,HORATIO F. BROWN,1881,,,1881.0
PER,0.9997433,203,207,wikisource_vol1_ch5_letter11.txt,Penn,HORATIO F. BROWN,1881,,,1881.0
LOC,0.99942565,260,273,wikisource_vol1_ch5_letter11.txt,San Francisco,HORATIO F. BROWN,1881,,,1881.0
PER,0.99917716,685,692,wikisource_vol1_ch5_letter11.txt,R. L. S,HORATIO F. BROWN,1881,,,1881.0
PER,0.90225077,11,27,wikisource_vol1_ch5_letter12.txt,Horatio F. Brown,HORATIO F. BROWN,SPRING 1881,SPRING,,1881.0
LOC,0.91577536,35,44,wikisource_vol1_ch5_letter12.txt,Belvedere,HORATIO F. BROWN,SPRING 1881,SPRING,,1881.0
LOC,0.99706364,46,51,wikisource_vol1_ch5_letter12.txt,Davos,HORATIO F. BROWN,SPRING 1881,SPRING,,1881.0
PER,0.827684,74,79,wikisource_vol1_ch5_letter12.txt,Brown,HORATIO F. BROWN,SPRING 1881,SPRING,,1881.0
PER,0.6916775,1068,1073,wikisource_vol1_ch5_letter12.txt,Heard,HORATIO F. BROWN,SPRING 1881,SPRING,,1881.0
PER,0.99898404,1290,1295,wikisource_vol1_ch5_letter12.txt,Brown,HORATIO F. BROWN,SPRING 1881,SPRING,,1881.0
LOC,0.9817286,1389,1394,wikisource_vol1_ch5_letter12.txt,Paris,HORATIO F. BROWN,SPRING 1881,SPRING,,1881.0
PER,0.99825716,1426,1448,wikisource_vol1_ch5_letter12.txt,Robert Louis Stevenson,HORATIO F. BROWN,SPRING 1881,SPRING,,1881.0
LOC,0.9996764,1450,1464,wikisource_vol1_ch5_letter12.txt,Monte Generoso,HORATIO F. BROWN,SPRING 1881,SPRING,,1881.0
PER,0.89243007,24,40,wikisource_vol1_ch5_letter13.txt,Thomas Stevenson,MR. AND MRS. THOMAS STEVENSON,MAY 1 1881,MAY,1.0,1881.0
LOC,0.8742969,42,47,wikisource_vol1_ch5_letter13.txt,Hotel,MR. AND MRS. THOMAS STEVENSON,MAY 1 1881,MAY,1.0,1881.0
LOC,0.76069343,51,68,wikisource_vol1_ch5_letter13.txt,Pavillon Henry Iv,MR. AND MRS. THOMAS STEVENSON,MAY 1 1881,MAY,1.0,1881.0
LOC,0.99582803,71,90,wikisource_vol1_ch5_letter13.txt,St. Germain - En - Laye,MR. AND MRS. THOMAS STEVENSON,MAY 1 1881,MAY,1.0,1881.0
LOC,0.99912685,143,148,wikisource_vol1_ch5_letter13.txt,Paris,MR. AND MRS. THOMAS STEVENSON,MAY 1 1881,MAY,1.0,1881.0
PER,0.999632,231,236,wikisource_vol1_ch5_letter13.txt,Fanny,MR. AND MRS. THOMAS STEVENSON,MAY 1 1881,MAY,1.0,1881.0
ORG,0.80687606,370,385,wikisource_vol1_ch5_letter13.txt,Star and Garter,MR. AND MRS. THOMAS STEVENSON,MAY 1 1881,MAY,1.0,1881.0
LOC,0.99751544,685,692,wikisource_vol1_ch5_letter13.txt,Arcadia,MR. AND MRS. THOMAS STEVENSON,MAY 1 1881,MAY,1.0,1881.0
LOC,0.9986058,1077,1082,wikisource_vol1_ch5_letter13.txt,Paris,MR. AND MRS. THOMAS STEVENSON,MAY 1 1881,MAY,1.0,1881.0
ORG,0.70858,1232,1236,wikisource_vol1_ch5_letter13.txt,Star,MR. AND MRS. THOMAS STEVENSON,MAY 1 1881,MAY,1.0,1881.0
ORG,0.74418354,1241,1247,wikisource_vol1_ch5_letter13.txt,Garter,MR. AND MRS. THOMAS STEVENSON,MAY 1 1881,MAY,1.0,1881.0
PER,0.99942845,1310,1315,wikisource_vol1_ch5_letter13.txt,Fanny,MR. AND MRS. THOMAS STEVENSON,MAY 1 1881,MAY,1.0,1881.0
LOC,0.99953294,1360,1368,wikisource_vol1_ch5_letter13.txt,Scotland,MR. AND MRS. THOMAS STEVENSON,MAY 1 1881,MAY,1.0,1881.0
PER,0.9990719,1494,1501,wikisource_vol1_ch5_letter13.txt,R. L. S,MR. AND MRS. THOMAS STEVENSON,MAY 1 1881,MAY,1.0,1881.0
PER,0.94565934,11,34,wikisource_vol1_ch5_letter14.txt,Edmund Gosse Pitlochry,EDMUND GOSSE,JUNE 6 1881,JUNE,6.0,1881.0
LOC,0.99934244,36,46,wikisource_vol1_ch5_letter14.txt,Perthshire,EDMUND GOSSE,JUNE 6 1881,JUNE,6.0,1881.0
PER,0.9996164,285,292,wikisource_vol1_ch5_letter14.txt,Blackie,EDMUND GOSSE,JUNE 6 1881,JUNE,6.0,1881.0
PER,0.99612474,435,442,wikisource_vol1_ch5_letter14.txt,Blackie,EDMUND GOSSE,JUNE 6 1881,JUNE,6.0,1881.0
LOC,0.99988294,988,994,wikisource_vol1_ch5_letter14.txt,France,EDMUND GOSSE,JUNE 6 1881,JUNE,6.0,1881.0
PER,0.995142,1368,1374,wikisource_vol1_ch5_letter14.txt,Dobson,EDMUND GOSSE,JUNE 6 1881,JUNE,6.0,1881.0
LOC,0.9846271,1376,1386,wikisource_vol1_ch5_letter14.txt,Saintsbury,EDMUND GOSSE,JUNE 6 1881,JUNE,6.0,1881.0
PER,0.999613,1490,1503,wikisource_vol1_ch5_letter14.txt,Jean Cavalier,EDMUND GOSSE,JUNE 6 1881,JUNE,6.0,1881.0
LOC,0.99973935,1526,1533,wikisource_vol1_ch5_letter14.txt,England,EDMUND GOSSE,JUNE 6 1881,JUNE,6.0,1881.0
PER,0.99950856,1717,1732,wikisource_vol1_ch5_letter14.txt,Napoleon Peyrat,EDMUND GOSSE,JUNE 6 1881,JUNE,6.0,1881.0
PER,0.999607,1739,1753,wikisource_vol1_ch5_letter14.txt,Olympe Dunoyer,EDMUND GOSSE,JUNE 6 1881,JUNE,6.0,1881.0
PER,0.9998148,1755,1763,wikisource_vol1_ch5_letter14.txt,Voltaire,EDMUND GOSSE,JUNE 6 1881,JUNE,6.0,1881.0
PER,0.9989417,1777,1786,wikisource_vol1_ch5_letter14.txt,Vacquerie,EDMUND GOSSE,JUNE 6 1881,JUNE,6.0,1881.0
PER,0.99581003,11,24,wikisource_vol1_ch5_letter15.txt,Sidney Colvin,SIDNEY COLVIN,JUNE 1881,JUNE,,1881.0
LOC,0.7545981,26,28,wikisource_vol1_ch5_letter15.txt,Ki,SIDNEY COLVIN,JUNE 1881,JUNE,,1881.0
PER,0.40897158,28,31,wikisource_vol1_ch5_letter15.txt,##nna,SIDNEY COLVIN,JUNE 1881,JUNE,,1881.0
LOC,0.43842036,31,34,wikisource_vol1_ch5_letter15.txt,##ird,SIDNEY COLVIN,JUNE 1881,JUNE,,1881.0
LOC,0.9793511,44,53,wikisource_vol1_ch5_letter15.txt,Pitlochry,SIDNEY COLVIN,JUNE 1881,JUNE,,1881.0
LOC,0.9975412,55,65,wikisource_vol1_ch5_letter15.txt,Perthshire,SIDNEY COLVIN,JUNE 1881,JUNE,,1881.0
PER,0.5956623,86,89,wikisource_vol1_ch5_letter15.txt,Col,SIDNEY COLVIN,JUNE 1881,JUNE,,1881.0
PER,0.9118927,142,157,wikisource_vol1_ch5_letter15.txt,I. Thrawn Janet,SIDNEY COLVIN,JUNE 1881,JUNE,,1881.0
PER,0.99943155,303,310,wikisource_vol1_ch5_letter15.txt,Susanna,SIDNEY COLVIN,JUNE 1881,JUNE,,1881.0
PER,0.9993161,360,365,wikisource_vol1_ch5_letter15.txt,Fanny,SIDNEY COLVIN,JUNE 1881,JUNE,,1881.0
PER,0.9939501,419,426,wikisource_vol1_ch5_letter15.txt,Stephen,SIDNEY COLVIN,JUNE 1881,JUNE,,1881.0
LOC,0.85540915,448,454,wikisource_vol1_ch5_letter15.txt,Scotch,SIDNEY COLVIN,JUNE 1881,JUNE,,1881.0
LOC,0.6662731,889,900,wikisource_vol1_ch5_letter15.txt,Ben Vrackie,SIDNEY COLVIN,JUNE 1881,JUNE,,1881.0
PER,0.99883205,995,998,wikisource_vol1_ch5_letter15.txt,Bob,SIDNEY COLVIN,JUNE 1881,JUNE,,1881.0
PER,0.97072816,1019,1025,wikisource_vol1_ch5_letter15.txt,Landor,SIDNEY COLVIN,JUNE 1881,JUNE,,1881.0
PER,0.985088,1265,1272,wikisource_vol1_ch5_letter15.txt,R. L. S,SIDNEY COLVIN,JUNE 1881,JUNE,,1881.0
PER,0.8923852,21,41,wikisource_vol1_ch5_letter16.txt,Aeneas Mackay Kinna,PROFESSOR AENEAS MACKAY,JUNE 21 1881,JUNE,21.0,1881.0
LOC,0.80422044,41,52,wikisource_vol1_ch5_letter16.txt,##ird Cottage,PROFESSOR AENEAS MACKAY,JUNE 21 1881,JUNE,21.0,1881.0
LOC,0.99777794,54,63,wikisource_vol1_ch5_letter16.txt,Pitlochry,PROFESSOR AENEAS MACKAY,JUNE 21 1881,JUNE,21.0,1881.0
PER,0.99958104,99,105,wikisource_vol1_ch5_letter16.txt,Mackay,PROFESSOR AENEAS MACKAY,JUNE 21 1881,JUNE,21.0,1881.0
PER,0.99979424,790,812,wikisource_vol1_ch5_letter16.txt,Robert Louis Stevenson,PROFESSOR AENEAS MACKAY,JUNE 21 1881,JUNE,21.0,1881.0
PER,0.9652144,21,44,wikisource_vol1_ch5_letter17.txt,Aeneas Mackay Kinnaird,PROFESSOR AENEAS MACKAY,JUNE 1881,JUNE,,1881.0
LOC,0.977294,54,63,wikisource_vol1_ch5_letter17.txt,Pitlochry,PROFESSOR AENEAS MACKAY,JUNE 1881,JUNE,,1881.0
LOC,0.9991083,65,75,wikisource_vol1_ch5_letter17.txt,Perthshire,PROFESSOR AENEAS MACKAY,JUNE 1881,JUNE,,1881.0
PER,0.9994147,97,103,wikisource_vol1_ch5_letter17.txt,Mackay,PROFESSOR AENEAS MACKAY,JUNE 1881,JUNE,,1881.0
PER,0.99976283,1697,1719,wikisource_vol1_ch5_letter17.txt,Robert Louis Stevenson,PROFESSOR AENEAS MACKAY,JUNE 1881,JUNE,,1881.0
PER,0.99952555,11,23,wikisource_vol1_ch5_letter18.txt,Edmund Gosse,EDMUND GOSSE,JUNE 24 1881,JUNE,24.0,1881.0
LOC,0.9172142,25,41,wikisource_vol1_ch5_letter18.txt,Kinnaird Cottage,EDMUND GOSSE,JUNE 24 1881,JUNE,24.0,1881.0
LOC,0.9981503,43,52,wikisource_vol1_ch5_letter18.txt,Pitlochry,EDMUND GOSSE,JUNE 24 1881,JUNE,24.0,1881.0
PER,0.9994925,77,82,wikisource_vol1_ch5_letter18.txt,Gosse,EDMUND GOSSE,JUNE 24 1881,JUNE,24.0,1881.0
LOC,0.99329317,234,243,wikisource_vol1_ch5_letter18.txt,Edinburgh,EDMUND GOSSE,JUNE 24 1881,JUNE,24.0,1881.0
PER,0.9994349,822,844,wikisource_vol1_ch5_letter18.txt,Robert Louis Stevenson,EDMUND GOSSE,JUNE 24 1881,JUNE,24.0,1881.0
PER,0.99936587,11,23,wikisource_vol1_ch5_letter19.txt,Edmund Gosse,EDMUND GOSSE,JULY 1881,JULY,,1881.0
LOC,0.88389426,25,41,wikisource_vol1_ch5_letter19.txt,Kinnaird Cottage,EDMUND GOSSE,JULY 1881,JULY,,1881.0
LOC,0.99647886,43,52,wikisource_vol1_ch5_letter19.txt,Pitlochry,EDMUND GOSSE,JULY 1881,JULY,,1881.0
LOC,0.9974003,1101,1108,wikisource_vol1_ch5_letter19.txt,Braemar,EDMUND GOSSE,JULY 1881,JULY,,1881.0
LOC,0.9974263,1150,1157,wikisource_vol1_ch5_letter19.txt,Braemar,EDMUND GOSSE,JULY 1881,JULY,,1881.0
LOC,0.53767204,1202,1217,wikisource_vol1_ch5_letter19.txt,Sister Kingdoms,EDMUND GOSSE,JULY 1881,JULY,,1881.0
LOC,0.9646975,1220,1228,wikisource_vol1_ch5_letter19.txt,Victoria,EDMUND GOSSE,JULY 1881,JULY,,1881.0
ORG,0.5985531,1237,1240,wikisource_vol1_ch5_letter19.txt,Cai,EDMUND GOSSE,JULY 1881,JULY,,1881.0
LOC,0.61951584,1240,1245,wikisource_vol1_ch5_letter19.txt,##rngor,EDMUND GOSSE,JULY 1881,JULY,,1881.0
ORG,0.68200016,1245,1247,wikisource_vol1_ch5_letter19.txt,##ms,EDMUND GOSSE,JULY 1881,JULY,,1881.0
PER,0.99962324,1339,1345,wikisource_vol1_ch5_letter19.txt,A Bard,EDMUND GOSSE,JULY 1881,JULY,,1881.0
PER,0.99903494,1487,1494,wikisource_vol1_ch5_letter19.txt,Braemar,EDMUND GOSSE,JULY 1881,JULY,,1881.0
PER,0.9635869,1708,1713,wikisource_vol1_ch5_letter19.txt,Gosse,EDMUND GOSSE,JULY 1881,JULY,,1881.0
PER,0.9992405,11,27,wikisource_vol1_ch5_letter2.txt,Thomas Stevenson,THOMAS STEVENSON,DECEMBER 12 1880,DECEMBER,12.0,1880.0
LOC,0.9928088,30,45,wikisource_vol1_ch5_letter2.txt,Hotel Belvedere,THOMAS STEVENSON,DECEMBER 12 1880,DECEMBER,12.0,1880.0
LOC,0.9980817,48,53,wikisource_vol1_ch5_letter2.txt,Davos,THOMAS STEVENSON,DECEMBER 12 1880,DECEMBER,12.0,1880.0
PER,0.9991613,265,272,wikisource_vol1_ch5_letter2.txt,Rob Roy,THOMAS STEVENSON,DECEMBER 12 1880,DECEMBER,12.0,1880.0
PER,0.6315606,331,335,wikisource_vol1_ch5_letter2.txt,Lady,THOMAS STEVENSON,DECEMBER 12 1880,DECEMBER,12.0,1880.0
LOC,0.6559015,336,342,wikisource_vol1_ch5_letter2.txt,Grange,THOMAS STEVENSON,DECEMBER 12 1880,DECEMBER,12.0,1880.0
PER,0.6454046,385,389,wikisource_vol1_ch5_letter2.txt,Wade,THOMAS STEVENSON,DECEMBER 12 1880,DECEMBER,12.0,1880.0
PER,0.9997684,427,440,wikisource_vol1_ch5_letter2.txt,Duncan Forbes,THOMAS STEVENSON,DECEMBER 12 1880,DECEMBER,12.0,1880.0
LOC,0.8926153,444,452,wikisource_vol1_ch5_letter2.txt,Culloden,THOMAS STEVENSON,DECEMBER 12 1880,DECEMBER,12.0,1880.0
PER,0.9998089,458,473,wikisource_vol1_ch5_letter2.txt,Flora Macdonald,THOMAS STEVENSON,DECEMBER 12 1880,DECEMBER,12.0,1880.0
PER,0.99927807,646,653,wikisource_vol1_ch5_letter2.txt,Boswell,THOMAS STEVENSON,DECEMBER 12 1880,DECEMBER,12.0,1880.0
PER,0.9770297,658,665,wikisource_vol1_ch5_letter2.txt,Johnson,THOMAS STEVENSON,DECEMBER 12 1880,DECEMBER,12.0,1880.0
PER,0.99346656,676,681,wikisource_vol1_ch5_letter2.txt,Grant,THOMAS STEVENSON,DECEMBER 12 1880,DECEMBER,12.0,1880.0
LOC,0.9554181,685,691,wikisource_vol1_ch5_letter2.txt,Laggan,THOMAS STEVENSON,DECEMBER 12 1880,DECEMBER,12.0,1880.0
ORG,0.9229835,872,876,wikisource_vol1_ch5_letter2.txt,Kirk,THOMAS STEVENSON,DECEMBER 12 1880,DECEMBER,12.0,1880.0
PER,0.97639084,1061,1065,wikisource_vol1_ch5_letter2.txt,Burt,THOMAS STEVENSON,DECEMBER 12 1880,DECEMBER,12.0,1880.0
PER,0.9608879,1147,1153,wikisource_vol1_ch5_letter2.txt,Wodrow,THOMAS STEVENSON,DECEMBER 12 1880,DECEMBER,12.0,1880.0
PER,0.9989374,1461,1468,wikisource_vol1_ch5_letter2.txt,R. L. S,THOMAS STEVENSON,DECEMBER 12 1880,DECEMBER,12.0,1880.0
PER,0.9880534,11,25,wikisource_vol1_ch5_letter20.txt,P. G. Hamerton,P. G. HAMERTON,JULY 1881,JULY,,1881.0
LOC,0.5507767,32,35,wikisource_vol1_ch5_letter20.txt,##ird,P. G. HAMERTON,JULY 1881,JULY,,1881.0
LOC,0.9903755,45,54,wikisource_vol1_ch5_letter20.txt,Pitlochry,P. G. HAMERTON,JULY 1881,JULY,,1881.0
PER,0.99535716,80,89,wikisource_vol1_ch5_letter20.txt,Hammerton,P. G. HAMERTON,JULY 1881,JULY,,1881.0
PER,0.99964285,801,804,wikisource_vol1_ch5_letter20.txt,God,P. G. HAMERTON,JULY 1881,JULY,,1881.0
LOC,0.99811065,1149,1154,wikisource_vol1_ch5_letter20.txt,Davos,P. G. HAMERTON,JULY 1881,JULY,,1881.0
PER,0.9897709,11,24,wikisource_vol1_ch5_letter21.txt,Sidney Colvin,SIDNEY COLVIN,JULY 1881,JULY,,1881.0
LOC,0.60636806,26,28,wikisource_vol1_ch5_letter21.txt,Ki,SIDNEY COLVIN,JULY 1881,JULY,,1881.0
PER,0.3957271,28,31,wikisource_vol1_ch5_letter21.txt,##nna,SIDNEY COLVIN,JULY 1881,JULY,,1881.0
LOC,0.56658494,31,34,wikisource_vol1_ch5_letter21.txt,##ird,SIDNEY COLVIN,JULY 1881,JULY,,1881.0
LOC,0.99261624,44,53,wikisource_vol1_ch5_letter21.txt,Pitlochry,SIDNEY COLVIN,JULY 1881,JULY,,1881.0
PER,0.9921477,186,190,wikisource_vol1_ch5_letter21.txt,Wogg,SIDNEY COLVIN,JULY 1881,JULY,,1881.0
ORG,0.9986305,300,308,wikisource_vol1_ch5_letter21.txt,Cornhill,SIDNEY COLVIN,JULY 1881,JULY,,1881.0
LOC,0.55602646,445,449,wikisource_vol1_ch5_letter21.txt,Scot,SIDNEY COLVIN,JULY 1881,JULY,,1881.0
PER,0.99683493,468,475,wikisource_vol1_ch5_letter21.txt,Stephen,SIDNEY COLVIN,JULY 1881,JULY,,1881.0
PER,0.9988024,855,860,wikisource_vol1_ch5_letter21.txt,Fanny,SIDNEY COLVIN,JULY 1881,JULY,,1881.0
PER,0.999338,990,1004,wikisource_vol1_ch5_letter21.txt,Wilkie Collins,SIDNEY COLVIN,JULY 1881,JULY,,1881.0
PER,0.9873947,1180,1187,wikisource_vol1_ch5_letter21.txt,Symonds,SIDNEY COLVIN,JULY 1881,JULY,,1881.0
PER,0.99763906,1341,1349,wikisource_vol1_ch5_letter21.txt,Campbell,SIDNEY COLVIN,JULY 1881,JULY,,1881.0
PER,0.99873143,1361,1371,wikisource_vol1_ch5_letter21.txt,Meiklejohn,SIDNEY COLVIN,JULY 1881,JULY,,1881.0
PER,0.99834025,1373,1387,wikisource_vol1_ch5_letter21.txt,Leslie Stephen,SIDNEY COLVIN,JULY 1881,JULY,,1881.0
PER,0.98731637,1389,1393,wikisource_vol1_ch5_letter21.txt,Lang,SIDNEY COLVIN,JULY 1881,JULY,,1881.0
PER,0.98598063,1395,1400,wikisource_vol1_ch5_letter21.txt,Gosse,SIDNEY COLVIN,JULY 1881,JULY,,1881.0
PER,0.9985044,1428,1436,wikisource_vol1_ch5_letter21.txt,Hamerton,SIDNEY COLVIN,JULY 1881,JULY,,1881.0
PER,0.99710363,1438,1443,wikisource_vol1_ch5_letter21.txt,Grant,SIDNEY COLVIN,JULY 1881,JULY,,1881.0
ORG,0.9718895,1501,1508,wikisource_vol1_ch5_letter21.txt,Tulloch,SIDNEY COLVIN,JULY 1881,JULY,,1881.0
PER,0.9341735,1661,1666,wikisource_vol1_ch5_letter21.txt,Cater,SIDNEY COLVIN,JULY 1881,JULY,,1881.0
PER,0.7582648,1691,1692,wikisource_vol1_ch5_letter21.txt,O,SIDNEY COLVIN,JULY 1881,JULY,,1881.0
PER,0.98299253,1764,1770,wikisource_vol1_ch5_letter21.txt,Landor,SIDNEY COLVIN,JULY 1881,JULY,,1881.0
PER,0.7428513,11,32,wikisource_vol1_ch5_letter22.txt,W. E. Henley Kinnair,W. E. HENLEY,JULY 1881,JULY,,1881.0
LOC,0.3838859,32,33,wikisource_vol1_ch5_letter22.txt,##d,W. E. HENLEY,JULY 1881,JULY,,1881.0
LOC,0.9911472,43,52,wikisource_vol1_ch5_letter22.txt,Pitlochry,W. E. HENLEY,JULY 1881,JULY,,1881.0
PER,0.95973676,73,79,wikisource_vol1_ch5_letter22.txt,Henley,W. E. HENLEY,JULY 1881,JULY,,1881.0
LOC,0.99928904,160,167,wikisource_vol1_ch5_letter22.txt,Braemar,W. E. HENLEY,JULY 1881,JULY,,1881.0
PER,0.63159114,188,191,wikisource_vol1_ch5_letter22.txt,Bon,W. E. HENLEY,JULY 1881,JULY,,1881.0
LOC,0.9979457,312,323,wikisource_vol1_ch5_letter22.txt,Eilean Aros,W. E. HENLEY,JULY 1881,JULY,,1881.0
LOC,0.9979811,461,465,wikisource_vol1_ch5_letter22.txt,Aros,W. E. HENLEY,JULY 1881,JULY,,1881.0
LOC,0.9994159,597,607,wikisource_vol1_ch5_letter22.txt,Sandag Bay,W. E. HENLEY,JULY 1881,JULY,,1881.0
ORG,0.97140664,652,658,wikisource_vol1_ch5_letter22.txt,Armada,W. E. HENLEY,JULY 1881,JULY,,1881.0
LOC,0.9906786,674,687,wikisource_vol1_ch5_letter22.txt,Santma Trinid,W. E. HENLEY,JULY 1881,JULY,,1881.0
PER,0.99936026,1035,1040,wikisource_vol1_ch5_letter22.txt,Scott,W. E. HENLEY,JULY 1881,JULY,,1881.0
PER,0.6051962,1043,1049,wikisource_vol1_ch5_letter22.txt,Pirate,W. E. HENLEY,JULY 1881,JULY,,1881.0
PER,0.95917034,1125,1129,wikisource_vol1_ch5_letter22.txt,Aros,W. E. HENLEY,JULY 1881,JULY,,1881.0
LOC,0.62983674,1133,1140,wikisource_vol1_ch5_letter22.txt,Earraid,W. E. HENLEY,JULY 1881,JULY,,1881.0
PER,0.9749551,1171,1175,wikisource_vol1_ch5_letter22.txt,Ross,W. E. HENLEY,JULY 1881,JULY,,1881.0
LOC,0.7572622,1179,1180,wikisource_vol1_ch5_letter22.txt,G,W. E. HENLEY,JULY 1881,JULY,,1881.0
PER,0.7634086,1180,1183,wikisource_vol1_ch5_letter22.txt,##ris,W. E. HENLEY,JULY 1881,JULY,,1881.0
LOC,0.75953335,1183,1187,wikisource_vol1_ch5_letter22.txt,##apol,W. E. HENLEY,JULY 1881,JULY,,1881.0
PER,0.78587264,1195,1207,wikisource_vol1_ch5_letter22.txt,Ross of Mull,W. E. HENLEY,JULY 1881,JULY,,1881.0
PER,0.99910545,1209,1217,wikisource_vol1_ch5_letter22.txt,Ben Ryan,W. E. HENLEY,JULY 1881,JULY,,1881.0
PER,0.9986181,1219,1227,wikisource_vol1_ch5_letter22.txt,Ben More,W. E. HENLEY,JULY 1881,JULY,,1881.0
PER,0.99980956,1607,1612,wikisource_vol1_ch5_letter22.txt,Byron,W. E. HENLEY,JULY 1881,JULY,,1881.0
PER,0.99879247,1624,1631,wikisource_vol1_ch5_letter22.txt,Berlioz,W. E. HENLEY,JULY 1881,JULY,,1881.0
PER,0.86784637,1731,1736,wikisource_vol1_ch5_letter22.txt,Torso,W. E. HENLEY,JULY 1881,JULY,,1881.0
PER,0.9585478,11,28,wikisource_vol1_ch5_letter23.txt,W. E. Henley Pit,W. E. HENLEY,AUGUST 1881,AUGUST,,1881.0
ORG,0.5742903,28,34,wikisource_vol1_ch5_letter23.txt,##lochry,W. E. HENLEY,AUGUST 1881,AUGUST,,1881.0
PER,0.9934669,71,77,wikisource_vol1_ch5_letter23.txt,Henley,W. E. HENLEY,AUGUST 1881,AUGUST,,1881.0
LOC,0.9752207,775,782,wikisource_vol1_ch5_letter23.txt,Lerwick,W. E. HENLEY,AUGUST 1881,AUGUST,,1881.0
PER,0.9965805,1588,1595,wikisource_vol1_ch5_letter23.txt,R. L. S,W. E. HENLEY,AUGUST 1881,AUGUST,,1881.0
PER,0.9555533,11,35,wikisource_vol1_ch5_letter24.txt,Sidney Colvin Pitlochry,SIDNEY COLVIN,AUGUST 1881,AUGUST,,1881.0
LOC,0.88895303,493,511,wikisource_vol1_ch5_letter24.txt,Spital of Glenshee,SIDNEY COLVIN,AUGUST 1881,AUGUST,,1881.0
LOC,0.9985879,523,530,wikisource_vol1_ch5_letter24.txt,Braemar,SIDNEY COLVIN,AUGUST 1881,AUGUST,,1881.0
ORG,0.9301986,547,554,wikisource_vol1_ch5_letter24.txt,Braemar,SIDNEY COLVIN,AUGUST 1881,AUGUST,,1881.0
ORG,0.73477787,596,598,wikisource_vol1_ch5_letter24.txt,Br,SIDNEY COLVIN,AUGUST 1881,AUGUST,,1881.0
LOC,0.6824411,598,603,wikisource_vol1_ch5_letter24.txt,##aemar,SIDNEY COLVIN,AUGUST 1881,AUGUST,,1881.0
LOC,0.9942515,668,678,wikisource_vol1_ch5_letter24.txt,Heriot Row,SIDNEY COLVIN,AUGUST 1881,AUGUST,,1881.0
PER,0.968446,1359,1365,wikisource_vol1_ch5_letter24.txt,Landor,SIDNEY COLVIN,AUGUST 1881,AUGUST,,1881.0
PER,0.99965584,1712,1719,wikisource_vol1_ch5_letter24.txt,Forster,SIDNEY COLVIN,AUGUST 1881,AUGUST,,1881.0
PER,0.96856564,15,37,wikisource_vol1_ch5_letter25.txt,Alexander Japp The Co,DR. ALEXANDER JAPP,AUGUST 1881,AUGUST,,1881.0
LOC,0.87115645,44,64,wikisource_vol1_ch5_letter25.txt,Castleton Of Braemar,DR. ALEXANDER JAPP,AUGUST 1881,AUGUST,,1881.0
LOC,0.9994796,350,359,wikisource_vol1_ch5_letter25.txt,Edinburgh,DR. ALEXANDER JAPP,AUGUST 1881,AUGUST,,1881.0
LOC,0.99942493,374,383,wikisource_vol1_ch5_letter25.txt,Edinburgh,DR. ALEXANDER JAPP,AUGUST 1881,AUGUST,,1881.0
PER,0.9996421,516,523,wikisource_vol1_ch5_letter25.txt,Braemar,DR. ALEXANDER JAPP,AUGUST 1881,AUGUST,,1881.0
PER,0.99961513,840,847,wikisource_vol1_ch5_letter25.txt,Thoreau,DR. ALEXANDER JAPP,AUGUST 1881,AUGUST,,1881.0
PER,0.9996134,1890,1897,wikisource_vol1_ch5_letter25.txt,Thoreau,DR. ALEXANDER JAPP,AUGUST 1881,AUGUST,,1881.0
PER,0.9996336,1987,1994,wikisource_vol1_ch5_letter25.txt,Braemar,DR. ALEXANDER JAPP,AUGUST 1881,AUGUST,,1881.0
PER,0.91535467,16,31,wikisource_vol1_ch5_letter26.txt,Sitwell The Co,MRS. SITWELL,AUGUST 1881,AUGUST,,1881.0
LOC,0.9640238,38,58,wikisource_vol1_ch5_letter26.txt,Castleton Of Braemar,MRS. SITWELL,AUGUST 1881,AUGUST,,1881.0
PER,0.95672077,538,543,wikisource_vol1_ch5_letter26.txt,Queen,MRS. SITWELL,AUGUST 1881,AUGUST,,1881.0
LOC,0.99977857,626,633,wikisource_vol1_ch5_letter26.txt,Britain,MRS. SITWELL,AUGUST 1881,AUGUST,,1881.0
PER,0.99925774,1181,1186,wikisource_vol1_ch5_letter26.txt,Fanny,MRS. SITWELL,AUGUST 1881,AUGUST,,1881.0
PER,0.9994771,1651,1658,wikisource_vol1_ch5_letter26.txt,R. L. S,MRS. SITWELL,AUGUST 1881,AUGUST,,1881.0
PER,0.9996618,11,23,wikisource_vol1_ch5_letter27.txt,Edmund Gosse,EDMUND GOSSE,AUGUST 10 1881,AUGUST,10.0,1881.0
LOC,0.6764548,29,36,wikisource_vol1_ch5_letter27.txt,Cottage,EDMUND GOSSE,AUGUST 10 1881,AUGUST,10.0,1881.0
PER,0.97913796,59,65,wikisource_vol1_ch5_letter27.txt,Gregor,EDMUND GOSSE,AUGUST 10 1881,AUGUST,10.0,1881.0
LOC,0.9862461,70,90,wikisource_vol1_ch5_letter27.txt,Castleton Of Braemar,EDMUND GOSSE,AUGUST 10 1881,AUGUST,10.0,1881.0
PER,0.9990676,117,122,wikisource_vol1_ch5_letter27.txt,Gosse,EDMUND GOSSE,AUGUST 10 1881,AUGUST,10.0,1881.0
LOC,0.99770373,425,432,wikisource_vol1_ch5_letter27.txt,Braemar,EDMUND GOSSE,AUGUST 10 1881,AUGUST,10.0,1881.0
PER,0.95344275,708,717,wikisource_vol1_ch5_letter27.txt,Macgregor,EDMUND GOSSE,AUGUST 10 1881,AUGUST,10.0,1881.0
PER,0.9996144,1070,1092,wikisource_vol1_ch5_letter27.txt,Robert Louis Stevenson,EDMUND GOSSE,AUGUST 10 1881,AUGUST,10.0,1881.0
LOC,0.92202204,1590,1601,wikisource_vol1_ch5_letter27.txt,The Cottage,EDMUND GOSSE,AUGUST 10 1881,AUGUST,10.0,1881.0
LOC,0.9814739,1603,1623,wikisource_vol1_ch5_letter27.txt,Castleton of Braemar,EDMUND GOSSE,AUGUST 10 1881,AUGUST,10.0,1881.0
PER,0.9996935,1637,1649,wikisource_vol1_ch5_letter27.txt,Edmund Gosse,EDMUND GOSSE,AUGUST 10 1881,AUGUST,10.0,1881.0
LOC,0.7531018,0,11,wikisource_vol1_ch5_letter28.txt,The Cottage,,AUGUST 19 1881,AUGUST,19.0,1881.0
LOC,0.9978886,13,33,wikisource_vol1_ch5_letter28.txt,Castleton Of Braemar,,AUGUST 19 1881,AUGUST,19.0,1881.0
LOC,0.998371,110,120,wikisource_vol1_ch5_letter28.txt,North Pole,,AUGUST 19 1881,AUGUST,19.0,1881.0
PER,0.9994928,195,210,wikisource_vol1_ch5_letter28.txt,R. L. Stevenson,,AUGUST 19 1881,AUGUST,19.0,1881.0
PER,0.99975824,11,23,wikisource_vol1_ch5_letter29.txt,Edmund Gosse,EDMUND GOSSE,AUGUST 19 1881,AUGUST,19.0,1881.0
LOC,0.98378783,26,33,wikisource_vol1_ch5_letter29.txt,Braemar,EDMUND GOSSE,AUGUST 19 1881,AUGUST,19.0,1881.0
PER,0.8578447,155,156,wikisource_vol1_ch5_letter29.txt,C,EDMUND GOSSE,AUGUST 19 1881,AUGUST,19.0,1881.0
PER,0.9998381,1008,1030,wikisource_vol1_ch5_letter29.txt,Robert Louis Stevenson,EDMUND GOSSE,AUGUST 19 1881,AUGUST,19.0,1881.0
PER,0.9955301,11,23,wikisource_vol1_ch5_letter3.txt,Edmund Gosse,EDMUND GOSSE,DECEMBER 6 1880,DECEMBER,6.0,1880.0
LOC,0.95102686,31,40,wikisource_vol1_ch5_letter3.txt,Belvedere,EDMUND GOSSE,DECEMBER 6 1880,DECEMBER,6.0,1880.0
LOC,0.99792117,42,53,wikisource_vol1_ch5_letter3.txt,Davos Platz,EDMUND GOSSE,DECEMBER 6 1880,DECEMBER,6.0,1880.0
PER,0.9992522,431,437,wikisource_vol1_ch5_letter3.txt,Dryden,EDMUND GOSSE,DECEMBER 6 1880,DECEMBER,6.0,1880.0
LOC,0.5549767,457,468,wikisource_vol1_ch5_letter3.txt,St. Cecilia,EDMUND GOSSE,DECEMBER 6 1880,DECEMBER,6.0,1880.0
PER,0.9997429,724,731,wikisource_vol1_ch5_letter3.txt,Charles,EDMUND GOSSE,DECEMBER 6 1880,DECEMBER,6.0,1880.0
PER,0.9996848,735,740,wikisource_vol1_ch5_letter3.txt,James,EDMUND GOSSE,DECEMBER 6 1880,DECEMBER,6.0,1880.0
PER,0.99936455,802,809,wikisource_vol1_ch5_letter3.txt,Marvell,EDMUND GOSSE,DECEMBER 6 1880,DECEMBER,6.0,1880.0
PER,0.9997023,937,945,wikisource_vol1_ch5_letter3.txt,Tennyson,EDMUND GOSSE,DECEMBER 6 1880,DECEMBER,6.0,1880.0
PER,0.992414,948,966,wikisource_vol1_ch5_letter3.txt,Duke of Wellington,EDMUND GOSSE,DECEMBER 6 1880,DECEMBER,6.0,1880.0
PER,0.99947864,1006,1013,wikisource_vol1_ch5_letter3.txt,Symonds,EDMUND GOSSE,DECEMBER 6 1880,DECEMBER,6.0,1880.0
PER,0.99966097,1220,1226,wikisource_vol1_ch5_letter3.txt,Nelson,EDMUND GOSSE,DECEMBER 6 1880,DECEMBER,6.0,1880.0
PER,0.7857594,1298,1302,wikisource_vol1_ch5_letter3.txt,Duke,EDMUND GOSSE,DECEMBER 6 1880,DECEMBER,6.0,1880.0
PER,0.9963714,1424,1431,wikisource_vol1_ch5_letter3.txt,R. L. S,EDMUND GOSSE,DECEMBER 6 1880,DECEMBER,6.0,1880.0
PER,0.99949193,11,32,wikisource_vol1_ch5_letter30.txt,W. E. Henley Braemar,W. E. HENLEY,AUGUST 25 1881,AUGUST,25.0,1881.0
PER,0.99735117,60,66,wikisource_vol1_ch5_letter30.txt,Henley,W. E. HENLEY,AUGUST 25 1881,AUGUST,25.0,1881.0
PER,0.9978345,234,238,wikisource_vol1_ch5_letter30.txt,Lang,W. E. HENLEY,AUGUST 25 1881,AUGUST,25.0,1881.0
PER,0.99890816,433,438,wikisource_vol1_ch5_letter30.txt,Lloyd,W. E. HENLEY,AUGUST 25 1881,AUGUST,25.0,1881.0
PER,0.5883275,540,543,wikisource_vol1_ch5_letter30.txt,Sea,W. E. HENLEY,AUGUST 25 1881,AUGUST,25.0,1881.0
LOC,0.9153813,553,568,wikisource_vol1_ch5_letter30.txt,Treasure Island,W. E. HENLEY,AUGUST 25 1881,AUGUST,25.0,1881.0
PER,0.85027105,742,756,wikisource_vol1_ch5_letter30.txt,Admiral Benbow,W. E. HENLEY,AUGUST 25 1881,AUGUST,25.0,1881.0
LOC,0.99955803,773,778,wikisource_vol1_ch5_letter30.txt,Devon,W. E. HENLEY,AUGUST 25 1881,AUGUST,25.0,1881.0
PER,0.96346015,894,910,wikisource_vol1_ch5_letter30.txt,Squire Trelawney,W. E. HENLEY,AUGUST 25 1881,AUGUST,25.0,1881.0
PER,0.9468724,921,924,wikisource_vol1_ch5_letter30.txt,Tre,W. E. HENLEY,AUGUST 25 1881,AUGUST,25.0,1881.0
PER,0.5052398,1233,1238,wikisource_vol1_ch5_letter30.txt,Flint,W. E. HENLEY,AUGUST 25 1881,AUGUST,25.0,1881.0
LOC,0.98898613,1255,1263,wikisource_vol1_ch5_letter30.txt,Key West,W. E. HENLEY,AUGUST 25 1881,AUGUST,25.0,1881.0
PER,0.9917602,1402,1411,wikisource_vol1_ch5_letter30.txt,Routledge,W. E. HENLEY,AUGUST 25 1881,AUGUST,25.0,1881.0
PER,0.9991684,1508,1513,wikisource_vol1_ch5_letter30.txt,Lloyd,W. E. HENLEY,AUGUST 25 1881,AUGUST,25.0,1881.0
PER,0.3537813,1781,1784,wikisource_vol1_ch5_letter30.txt,Sea,W. E. HENLEY,AUGUST 25 1881,AUGUST,25.0,1881.0
PER,0.96240425,1796,1810,wikisource_vol1_ch5_letter30.txt,Admiral Benbow,W. E. HENLEY,AUGUST 25 1881,AUGUST,25.0,1881.0
PER,0.99979544,15,38,wikisource_vol1_ch5_letter31.txt,Alexander Japp Braemar,DR. ALEXANDER JAPP,1881,,,1881.0
PER,0.9662206,58,62,wikisource_vol1_ch5_letter31.txt,Japp,DR. ALEXANDER JAPP,1881,,,1881.0
PER,0.99847883,675,684,wikisource_vol1_ch5_letter31.txt,Henderson,DR. ALEXANDER JAPP,1881,,,1881.0
PER,0.9994794,979,994,wikisource_vol1_ch5_letter31.txt,R. L. Stevenson,DR. ALEXANDER JAPP,1881,,,1881.0
PER,0.9960648,11,32,wikisource_vol1_ch5_letter32.txt,W. E. Henley Braemar,W. E. HENLEY,SEPTEMBER 1881,SEPTEMBER,,1881.0
PER,0.70738477,58,64,wikisource_vol1_ch5_letter32.txt,Henley,W. E. HENLEY,SEPTEMBER 1881,SEPTEMBER,,1881.0
ORG,0.7463544,301,312,wikisource_vol1_ch5_letter32.txt,Young Folks,W. E. HENLEY,SEPTEMBER 1881,SEPTEMBER,,1881.0
ORG,0.8752487,600,611,wikisource_vol1_ch5_letter32.txt,Young Folks,W. E. HENLEY,SEPTEMBER 1881,SEPTEMBER,,1881.0
ORG,0.7128778,622,631,wikisource_vol1_ch5_letter32.txt,Routledge,W. E. HENLEY,SEPTEMBER 1881,SEPTEMBER,,1881.0
PER,0.79054844,735,739,wikisource_vol1_ch5_letter32.txt,Japp,W. E. HENLEY,SEPTEMBER 1881,SEPTEMBER,,1881.0
LOC,0.99984884,851,858,wikisource_vol1_ch5_letter32.txt,England,W. E. HENLEY,SEPTEMBER 1881,SEPTEMBER,,1881.0
LOC,0.99980754,908,914,wikisource_vol1_ch5_letter32.txt,Europe,W. E. HENLEY,SEPTEMBER 1881,SEPTEMBER,,1881.0
LOC,0.9998727,990,998,wikisource_vol1_ch5_letter32.txt,Scotland,W. E. HENLEY,SEPTEMBER 1881,SEPTEMBER,,1881.0
LOC,0.92529446,1088,1100,wikisource_vol1_ch5_letter32.txt,Putney Heath,W. E. HENLEY,SEPTEMBER 1881,SEPTEMBER,,1881.0
PER,0.9984953,1259,1273,wikisource_vol1_ch5_letter32.txt,Jerry Abershaw,W. E. HENLEY,SEPTEMBER 1881,SEPTEMBER,,1881.0
PER,0.9960323,1424,1442,wikisource_vol1_ch5_letter32.txt,Harrison Ainsworth,W. E. HENLEY,SEPTEMBER 1881,SEPTEMBER,,1881.0
PER,0.36159384,1480,1482,wikisource_vol1_ch5_letter32.txt,St,W. E. HENLEY,SEPTEMBER 1881,SEPTEMBER,,1881.0
LOC,0.5219538,1482,1495,wikisource_vol1_ch5_letter32.txt,. Christopher,W. E. HENLEY,SEPTEMBER 1881,SEPTEMBER,,1881.0
PER,0.99905294,1558,1572,wikisource_vol1_ch5_letter32.txt,Jerry Abershaw,W. E. HENLEY,SEPTEMBER 1881,SEPTEMBER,,1881.0
PER,0.99856305,1591,1605,wikisource_vol1_ch5_letter32.txt,Jerry Abershaw,W. E. HENLEY,SEPTEMBER 1881,SEPTEMBER,,1881.0
PER,0.99868387,1771,1785,wikisource_vol1_ch5_letter32.txt,Jerry Abershaw,W. E. HENLEY,SEPTEMBER 1881,SEPTEMBER,,1881.0
PER,0.9995891,11,27,wikisource_vol1_ch5_letter33.txt,Thomas Stevenson,THOMAS STEVENSON,AUTUMN 1881,AUTUMN,,1881.0
LOC,0.65441865,30,33,wikisource_vol1_ch5_letter33.txt,Cha,THOMAS STEVENSON,AUTUMN 1881,AUTUMN,,1881.0
LOC,0.5685273,37,45,wikisource_vol1_ch5_letter33.txt,Am Stein,THOMAS STEVENSON,AUTUMN 1881,AUTUMN,,1881.0
LOC,0.9934299,47,52,wikisource_vol1_ch5_letter33.txt,Davos,THOMAS STEVENSON,AUTUMN 1881,AUTUMN,,1881.0
PER,0.8789481,293,300,wikisource_vol1_ch5_letter33.txt,Roy Rob,THOMAS STEVENSON,AUTUMN 1881,AUTUMN,,1881.0
LOC,0.9984522,317,326,wikisource_vol1_ch5_letter33.txt,Edinburgh,THOMAS STEVENSON,AUTUMN 1881,AUTUMN,,1881.0
ORG,0.986392,359,379,wikisource_vol1_ch5_letter33.txt,Blackwood ' S Magazine,THOMAS STEVENSON,AUTUMN 1881,AUTUMN,,1881.0
PER,0.99951184,404,409,wikisource_vol1_ch5_letter33.txt,Arnot,THOMAS STEVENSON,AUTUMN 1881,AUTUMN,,1881.0
PER,0.9986341,498,511,wikisource_vol1_ch5_letter33.txt,James Stewart,THOMAS STEVENSON,AUTUMN 1881,AUTUMN,,1881.0
LOC,0.99633646,515,520,wikisource_vol1_ch5_letter33.txt,Appin,THOMAS STEVENSON,AUTUMN 1881,AUTUMN,,1881.0
PER,0.9996662,535,543,wikisource_vol1_ch5_letter33.txt,Campbell,THOMAS STEVENSON,AUTUMN 1881,AUTUMN,,1881.0
LOC,0.9476524,547,554,wikisource_vol1_ch5_letter33.txt,Glenure,THOMAS STEVENSON,AUTUMN 1881,AUTUMN,,1881.0
PER,0.99957746,617,623,wikisource_vol1_ch5_letter33.txt,Burton,THOMAS STEVENSON,AUTUMN 1881,AUTUMN,,1881.0
PER,0.9997996,877,884,wikisource_vol1_ch5_letter33.txt,R. L. S,THOMAS STEVENSON,AUTUMN 1881,AUTUMN,,1881.0
PER,0.9950536,11,25,wikisource_vol1_ch5_letter34.txt,P. G. Hamerton,P. G. HAMERTON,AUTUMN 1881,AUTUMN,,1881.0
LOC,0.38631523,37,42,wikisource_vol1_ch5_letter34.txt,Stein,P. G. HAMERTON,AUTUMN 1881,AUTUMN,,1881.0
LOC,0.9956493,44,49,wikisource_vol1_ch5_letter34.txt,Davos,P. G. HAMERTON,AUTUMN 1881,AUTUMN,,1881.0
PER,0.99567986,78,86,wikisource_vol1_ch5_letter34.txt,Hamerton,P. G. HAMERTON,AUTUMN 1881,AUTUMN,,1881.0
PER,0.9977807,624,641,wikisource_vol1_ch5_letter34.txt,Chatto and Windus,P. G. HAMERTON,AUTUMN 1881,AUTUMN,,1881.0
LOC,0.99804944,839,849,wikisource_vol1_ch5_letter34.txt,Davos Thal,P. G. HAMERTON,AUTUMN 1881,AUTUMN,,1881.0
PER,0.99978614,965,978,wikisource_vol1_ch5_letter34.txt,J. A. Symonds,P. G. HAMERTON,AUTUMN 1881,AUTUMN,,1881.0
ORG,0.76805097,1022,1026,wikisource_vol1_ch5_letter34.txt,Hill,P. G. HAMERTON,AUTUMN 1881,AUTUMN,,1881.0
ORG,0.70114243,1074,1089,wikisource_vol1_ch5_letter34.txt,House Beautiful,P. G. HAMERTON,AUTUMN 1881,AUTUMN,,1881.0
PER,0.8719769,1209,1218,wikisource_vol1_ch5_letter34.txt,Confreres,P. G. HAMERTON,AUTUMN 1881,AUTUMN,,1881.0
PER,0.9965844,1780,1787,wikisource_vol1_ch5_letter34.txt,Bentley,P. G. HAMERTON,AUTUMN 1881,AUTUMN,,1881.0
PER,0.9969373,1802,1809,wikisource_vol1_ch5_letter34.txt,Hazlitt,P. G. HAMERTON,AUTUMN 1881,AUTUMN,,1881.0
PER,0.9992849,11,25,wikisource_vol1_ch5_letter35.txt,Charles Baxter,CHARLES BAXTER,DECEMBER 5 1881,DECEMBER,5.0,1881.0
LOC,0.9836358,28,43,wikisource_vol1_ch5_letter35.txt,Chalet Am Stein,CHARLES BAXTER,DECEMBER 5 1881,DECEMBER,5.0,1881.0
LOC,0.9980087,46,51,wikisource_vol1_ch5_letter35.txt,Davos,CHARLES BAXTER,DECEMBER 5 1881,DECEMBER,5.0,1881.0
PER,0.99934036,79,86,wikisource_vol1_ch5_letter35.txt,Charles,CHARLES BAXTER,DECEMBER 5 1881,DECEMBER,5.0,1881.0
PER,0.9985669,175,180,wikisource_vol1_ch5_letter35.txt,Lloyd,CHARLES BAXTER,DECEMBER 5 1881,DECEMBER,5.0,1881.0
LOC,0.99727124,600,609,wikisource_vol1_ch5_letter35.txt,Edinburgh,CHARLES BAXTER,DECEMBER 5 1881,DECEMBER,5.0,1881.0
LOC,0.7092757,621,627,wikisource_vol1_ch5_letter35.txt,Heaven,CHARLES BAXTER,DECEMBER 5 1881,DECEMBER,5.0,1881.0
LOC,0.69585025,792,797,wikisource_vol1_ch5_letter35.txt,Brash,CHARLES BAXTER,DECEMBER 5 1881,DECEMBER,5.0,1881.0
LOC,0.9486197,1058,1067,wikisource_vol1_ch5_letter35.txt,Edinburgh,CHARLES BAXTER,DECEMBER 5 1881,DECEMBER,5.0,1881.0
LOC,0.9977379,1121,1133,wikisource_vol1_ch5_letter35.txt,Lothian Road,CHARLES BAXTER,DECEMBER 5 1881,DECEMBER,5.0,1881.0
LOC,0.91434413,1154,1164,wikisource_vol1_ch5_letter35.txt,Leith Walk,CHARLES BAXTER,DECEMBER 5 1881,DECEMBER,5.0,1881.0
PER,0.9988539,1200,1211,wikisource_vol1_ch5_letter35.txt,Tom Bowling,CHARLES BAXTER,DECEMBER 5 1881,DECEMBER,5.0,1881.0
PER,0.9675646,1318,1323,wikisource_vol1_ch5_letter35.txt,C. B.,CHARLES BAXTER,DECEMBER 5 1881,DECEMBER,5.0,1881.0
LOC,0.98772544,1454,1467,wikisource_vol1_ch5_letter35.txt,George Street,CHARLES BAXTER,DECEMBER 5 1881,DECEMBER,5.0,1881.0
LOC,0.898657,1469,1476,wikisource_vol1_ch5_letter35.txt,Granton,CHARLES BAXTER,DECEMBER 5 1881,DECEMBER,5.0,1881.0
LOC,0.877283,1492,1497,wikisource_vol1_ch5_letter35.txt,Bonny,CHARLES BAXTER,DECEMBER 5 1881,DECEMBER,5.0,1881.0
PER,0.99810225,1629,1636,wikisource_vol1_ch5_letter35.txt,Johnson,CHARLES BAXTER,DECEMBER 5 1881,DECEMBER,5.0,1881.0
PER,0.9969145,1643,1650,wikisource_vol1_ch5_letter35.txt,Thomson,CHARLES BAXTER,DECEMBER 5 1881,DECEMBER,5.0,1881.0
PER,0.5394731,1656,1658,wikisource_vol1_ch5_letter35.txt,er,CHARLES BAXTER,DECEMBER 5 1881,DECEMBER,5.0,1881.0
PER,0.9655124,1711,1725,wikisource_vol1_ch5_letter35.txt,Brash. R. L. S,CHARLES BAXTER,DECEMBER 5 1881,DECEMBER,5.0,1881.0
PER,0.99757683,16,32,wikisource_vol1_ch5_letter36.txt,Thomas Stevenson,MRS. THOMAS STEVENSON,DECEMBER 26 1881,DECEMBER,26.0,1881.0
LOC,0.65276414,34,37,wikisource_vol1_ch5_letter36.txt,Cha,MRS. THOMAS STEVENSON,DECEMBER 26 1881,DECEMBER,26.0,1881.0
PER,0.59508973,37,45,wikisource_vol1_ch5_letter36.txt,##let Buol,MRS. THOMAS STEVENSON,DECEMBER 26 1881,DECEMBER,26.0,1881.0
LOC,0.97424686,47,58,wikisource_vol1_ch5_letter36.txt,Davos - Platz,MRS. THOMAS STEVENSON,DECEMBER 26 1881,DECEMBER,26.0,1881.0
LOC,0.99929684,460,469,wikisource_vol1_ch5_letter36.txt,Prattigau,MRS. THOMAS STEVENSON,DECEMBER 26 1881,DECEMBER,26.0,1881.0
PER,0.9996313,596,601,wikisource_vol1_ch5_letter36.txt,Lloyd,MRS. THOMAS STEVENSON,DECEMBER 26 1881,DECEMBER,26.0,1881.0
PER,0.9998385,876,881,wikisource_vol1_ch5_letter36.txt,Fanny,MRS. THOMAS STEVENSON,DECEMBER 26 1881,DECEMBER,26.0,1881.0
PER,0.60920423,1055,1060,wikisource_vol1_ch5_letter36.txt,Lloyd,MRS. THOMAS STEVENSON,DECEMBER 26 1881,DECEMBER,26.0,1881.0
PER,0.999828,1115,1120,wikisource_vol1_ch5_letter36.txt,Fanny,MRS. THOMAS STEVENSON,DECEMBER 26 1881,DECEMBER,26.0,1881.0
PER,0.9997002,1174,1179,wikisource_vol1_ch5_letter36.txt,Lloyd,MRS. THOMAS STEVENSON,DECEMBER 26 1881,DECEMBER,26.0,1881.0
PER,0.99948514,1346,1353,wikisource_vol1_ch5_letter36.txt,R. L. S,MRS. THOMAS STEVENSON,DECEMBER 26 1881,DECEMBER,26.0,1881.0
PER,0.9998636,11,28,wikisource_vol1_ch5_letter37.txt,Alison Cunningham,ALISON CUNNINGHAM,FEBRUARY 1882,FEBRUARY,,1882.0
LOC,0.83322334,38,46,wikisource_vol1_ch5_letter37.txt,Am Stein,ALISON CUNNINGHAM,FEBRUARY 1882,FEBRUARY,,1882.0
LOC,0.99127483,48,59,wikisource_vol1_ch5_letter37.txt,Davos - Platz,ALISON CUNNINGHAM,FEBRUARY 1882,FEBRUARY,,1882.0
PER,0.9115013,85,90,wikisource_vol1_ch5_letter37.txt,Cummy,ALISON CUNNINGHAM,FEBRUARY 1882,FEBRUARY,,1882.0
PER,0.9937842,339,346,wikisource_vol1_ch5_letter37.txt,Braemar,ALISON CUNNINGHAM,FEBRUARY 1882,FEBRUARY,,1882.0
LOC,0.60258996,835,843,wikisource_vol1_ch5_letter37.txt,Aberdeen,ALISON CUNNINGHAM,FEBRUARY 1882,FEBRUARY,,1882.0
PER,0.9998456,883,886,wikisource_vol1_ch5_letter37.txt,God,ALISON CUNNINGHAM,FEBRUARY 1882,FEBRUARY,,1882.0
PER,0.9983597,906,911,wikisource_vol1_ch5_letter37.txt,Cummy,ALISON CUNNINGHAM,FEBRUARY 1882,FEBRUARY,,1882.0
PER,0.99986637,925,930,wikisource_vol1_ch5_letter37.txt,Fanny,ALISON CUNNINGHAM,FEBRUARY 1882,FEBRUARY,,1882.0
PER,0.99985266,965,987,wikisource_vol1_ch5_letter37.txt,Robert Louis Stevenson,ALISON CUNNINGHAM,FEBRUARY 1882,FEBRUARY,,1882.0
PER,0.99956167,11,25,wikisource_vol1_ch5_letter38.txt,Charles Baxter,CHARLES BAXTER,FEBRUARY 22 1882,FEBRUARY,22.0,1882.0
LOC,0.9948574,28,43,wikisource_vol1_ch5_letter38.txt,Chalet Am Stein,CHARLES BAXTER,FEBRUARY 22 1882,FEBRUARY,22.0,1882.0
LOC,0.99800515,45,50,wikisource_vol1_ch5_letter38.txt,Davos,CHARLES BAXTER,FEBRUARY 22 1882,FEBRUARY,22.0,1882.0
PER,0.99920636,80,87,wikisource_vol1_ch5_letter38.txt,Charles,CHARLES BAXTER,FEBRUARY 22 1882,FEBRUARY,22.0,1882.0
ORG,0.9994817,420,428,wikisource_vol1_ch5_letter38.txt,Cornhill,CHARLES BAXTER,FEBRUARY 22 1882,FEBRUARY,22.0,1882.0
ORG,0.821484,431,447,wikisource_vol1_ch5_letter38.txt,Talk and Talkers,CHARLES BAXTER,FEBRUARY 22 1882,FEBRUARY,22.0,1882.0
PER,0.9997936,503,506,wikisource_vol1_ch5_letter38.txt,Bob,CHARLES BAXTER,FEBRUARY 22 1882,FEBRUARY,22.0,1882.0
PER,0.999491,508,514,wikisource_vol1_ch5_letter38.txt,Henley,CHARLES BAXTER,FEBRUARY 22 1882,FEBRUARY,22.0,1882.0
PER,0.99941754,516,522,wikisource_vol1_ch5_letter38.txt,Jenkin,CHARLES BAXTER,FEBRUARY 22 1882,FEBRUARY,22.0,1882.0
PER,0.9992907,524,531,wikisource_vol1_ch5_letter38.txt,Simpson,CHARLES BAXTER,FEBRUARY 22 1882,FEBRUARY,22.0,1882.0
PER,0.9994073,533,540,wikisource_vol1_ch5_letter38.txt,Symonds,CHARLES BAXTER,FEBRUARY 22 1882,FEBRUARY,22.0,1882.0
PER,0.9994205,546,551,wikisource_vol1_ch5_letter38.txt,Gosse,CHARLES BAXTER,FEBRUARY 22 1882,FEBRUARY,22.0,1882.0
LOC,0.9998186,648,656,wikisource_vol1_ch5_letter38.txt,Scotland,CHARLES BAXTER,FEBRUARY 22 1882,FEBRUARY,22.0,1882.0
PER,0.9978816,893,900,wikisource_vol1_ch5_letter38.txt,R. L. S,CHARLES BAXTER,FEBRUARY 22 1882,FEBRUARY,22.0,1882.0
PER,0.9983613,11,23,wikisource_vol1_ch5_letter39.txt,W. E. Henley,W. E. HENLEY,FEBRUARY 1882,FEBRUARY,,1882.0
LOC,0.8603017,36,41,wikisource_vol1_ch5_letter39.txt,Stein,W. E. HENLEY,FEBRUARY 1882,FEBRUARY,,1882.0
LOC,0.9864944,43,54,wikisource_vol1_ch5_letter39.txt,Davos - Platz,W. E. HENLEY,FEBRUARY 1882,FEBRUARY,,1882.0
PER,0.9917931,80,86,wikisource_vol1_ch5_letter39.txt,Henley,W. E. HENLEY,FEBRUARY 1882,FEBRUARY,,1882.0
PER,0.9984268,190,199,wikisource_vol1_ch5_letter39.txt,Blackmore,W. E. HENLEY,FEBRUARY 1882,FEBRUARY,,1882.0
PER,0.99345183,223,228,wikisource_vol1_ch5_letter39.txt,Fanny,W. E. HENLEY,FEBRUARY 1882,FEBRUARY,,1882.0
PER,0.9819395,251,260,wikisource_vol1_ch5_letter39.txt,Routledge,W. E. HENLEY,FEBRUARY 1882,FEBRUARY,,1882.0
LOC,0.9991747,1359,1372,wikisource_vol1_ch5_letter39.txt,San Francisco,W. E. HENLEY,FEBRUARY 1882,FEBRUARY,,1882.0
PER,0.9997098,11,23,wikisource_vol1_ch5_letter4.txt,Edmund Gosse,EDMUND GOSSE,DECEMBER 19 1880,DECEMBER,19.0,1880.0
LOC,0.9978304,26,41,wikisource_vol1_ch5_letter4.txt,Hotel Belvedere,EDMUND GOSSE,DECEMBER 19 1880,DECEMBER,19.0,1880.0
LOC,0.99857247,44,49,wikisource_vol1_ch5_letter4.txt,Davos,EDMUND GOSSE,DECEMBER 19 1880,DECEMBER,19.0,1880.0
LOC,0.99865836,147,158,wikisource_vol1_ch5_letter4.txt,Davos Platz,EDMUND GOSSE,DECEMBER 19 1880,DECEMBER,19.0,1880.0
PER,0.9989211,262,280,wikisource_vol1_ch5_letter4.txt,Duke of Wellington,EDMUND GOSSE,DECEMBER 19 1880,DECEMBER,19.0,1880.0
PER,0.9981257,312,319,wikisource_vol1_ch5_letter4.txt,Symonds,EDMUND GOSSE,DECEMBER 19 1880,DECEMBER,19.0,1880.0
PER,0.99952996,477,483,wikisource_vol1_ch5_letter4.txt,Dryden,EDMUND GOSSE,DECEMBER 19 1880,DECEMBER,19.0,1880.0
PER,0.999846,617,622,wikisource_vol1_ch5_letter4.txt,Byron,EDMUND GOSSE,DECEMBER 19 1880,DECEMBER,19.0,1880.0
PER,0.9959708,637,647,wikisource_vol1_ch5_letter4.txt,Prometheus,EDMUND GOSSE,DECEMBER 19 1880,DECEMBER,19.0,1880.0
PER,0.99957913,653,660,wikisource_vol1_ch5_letter4.txt,Shelley,EDMUND GOSSE,DECEMBER 19 1880,DECEMBER,19.0,1880.0
LOC,0.998934,692,698,wikisource_vol1_ch5_letter4.txt,Hellas,EDMUND GOSSE,DECEMBER 19 1880,DECEMBER,19.0,1880.0
PER,0.99219847,844,861,wikisource_vol1_ch5_letter4.txt,Herrick. Meddowes,EDMUND GOSSE,DECEMBER 19 1880,DECEMBER,19.0,1880.0
PER,0.9986655,875,882,wikisource_vol1_ch5_letter4.txt,Corinna,EDMUND GOSSE,DECEMBER 19 1880,DECEMBER,19.0,1880.0
PER,0.9880851,899,905,wikisource_vol1_ch5_letter4.txt,Wickes,EDMUND GOSSE,DECEMBER 19 1880,DECEMBER,19.0,1880.0
PER,0.8254055,948,951,wikisource_vol1_ch5_letter4.txt,Con,EDMUND GOSSE,DECEMBER 19 1880,DECEMBER,19.0,1880.0
PER,0.99965394,1027,1033,wikisource_vol1_ch5_letter4.txt,Milton,EDMUND GOSSE,DECEMBER 19 1880,DECEMBER,19.0,1880.0
PER,0.99976796,1288,1296,wikisource_vol1_ch5_letter4.txt,Campbell,EDMUND GOSSE,DECEMBER 19 1880,DECEMBER,19.0,1880.0
PER,0.9997457,1335,1341,wikisource_vol1_ch5_letter4.txt,Clough,EDMUND GOSSE,DECEMBER 19 1880,DECEMBER,19.0,1880.0
PER,0.9997157,1429,1435,wikisource_vol1_ch5_letter4.txt,Dryden,EDMUND GOSSE,DECEMBER 19 1880,DECEMBER,19.0,1880.0
PER,0.99873275,1590,1597,wikisource_vol1_ch5_letter4.txt,Collins,EDMUND GOSSE,DECEMBER 19 1880,DECEMBER,19.0,1880.0
PER,0.9995763,1616,1620,wikisource_vol1_ch5_letter4.txt,Pope,EDMUND GOSSE,DECEMBER 19 1880,DECEMBER,19.0,1880.0
PER,0.6217594,1744,1748,wikisource_vol1_ch5_letter4.txt,Hora,EDMUND GOSSE,DECEMBER 19 1880,DECEMBER,19.0,1880.0
PER,0.9993303,1776,1783,wikisource_vol1_ch5_letter4.txt,Meddowe,EDMUND GOSSE,DECEMBER 19 1880,DECEMBER,19.0,1880.0
PER,0.99805576,11,23,wikisource_vol1_ch5_letter40.txt,W. E. Henley,W. E. HENLEY,MARCH 1882,MARCH,,1882.0
LOC,0.9359094,26,41,wikisource_vol1_ch5_letter40.txt,Chalet Am Stein,W. E. HENLEY,MARCH 1882,MARCH,,1882.0
LOC,0.9986623,43,48,wikisource_vol1_ch5_letter40.txt,Davos,W. E. HENLEY,MARCH 1882,MARCH,,1882.0
PER,0.9896756,71,77,wikisource_vol1_ch5_letter40.txt,Henley,W. E. HENLEY,MARCH 1882,MARCH,,1882.0
PER,0.99653816,139,153,wikisource_vol1_ch5_letter40.txt,John Addington,W. E. HENLEY,MARCH 1882,MARCH,,1882.0
PER,0.99530643,236,237,wikisource_vol1_ch5_letter40.txt,F,W. E. HENLEY,MARCH 1882,MARCH,,1882.0
PER,0.8078991,527,541,wikisource_vol1_ch5_letter40.txt,S. L. Osbourne,W. E. HENLEY,MARCH 1882,MARCH,,1882.0
PER,0.6696446,1382,1386,wikisource_vol1_ch5_letter40.txt,John,W. E. HENLEY,MARCH 1882,MARCH,,1882.0
PER,0.99856,1391,1410,wikisource_vol1_ch5_letter40.txt,William Shakespeare,W. E. HENLEY,MARCH 1882,MARCH,,1882.0
PER,0.9973036,1458,1463,wikisource_vol1_ch5_letter40.txt,David,W. E. HENLEY,MARCH 1882,MARCH,,1882.0
LOC,0.9202503,1473,1479,wikisource_vol1_ch5_letter40.txt,Israel,W. E. HENLEY,MARCH 1882,MARCH,,1882.0
PER,0.9986827,1502,1508,wikisource_vol1_ch5_letter40.txt,Arthur,W. E. HENLEY,MARCH 1882,MARCH,,1882.0
PER,0.76531935,1510,1519,wikisource_vol1_ch5_letter40.txt,Iron Dook,W. E. HENLEY,MARCH 1882,MARCH,,1882.0
LOC,0.67388713,1523,1533,wikisource_vol1_ch5_letter40.txt,Wellington,W. E. HENLEY,MARCH 1882,MARCH,,1882.0
PER,0.9159268,1557,1565,wikisource_vol1_ch5_letter40.txt,Napoleon,W. E. HENLEY,MARCH 1882,MARCH,,1882.0
PER,0.99911535,1606,1619,wikisource_vol1_ch5_letter40.txt,Solomon Crabb,W. E. HENLEY,MARCH 1882,MARCH,,1882.0
PER,0.99963474,1624,1638,wikisource_vol1_ch5_letter40.txt,Henry Fielding,W. E. HENLEY,MARCH 1882,MARCH,,1882.0
PER,0.9915929,1643,1652,wikisource_vol1_ch5_letter40.txt,Stevenson,W. E. HENLEY,MARCH 1882,MARCH,,1882.0
PER,0.99499387,1787,1792,wikisource_vol1_ch5_letter40.txt,Brown,W. E. HENLEY,MARCH 1882,MARCH,,1882.0
PER,0.97442526,1816,1821,wikisource_vol1_ch5_letter40.txt,Jones,W. E. HENLEY,MARCH 1882,MARCH,,1882.0
PER,0.9836791,1849,1857,wikisource_vol1_ch5_letter40.txt,Robinson,W. E. HENLEY,MARCH 1882,MARCH,,1882.0
PER,0.9995147,11,28,wikisource_vol1_ch5_letter41.txt,Alexander Ireland,ALEXANDER IRELAND,MARCH 1882,MARCH,,1882.0
LOC,0.7019403,31,34,wikisource_vol1_ch5_letter41.txt,Cha,ALEXANDER IRELAND,MARCH 1882,MARCH,,1882.0
LOC,0.7598942,38,46,wikisource_vol1_ch5_letter41.txt,Am Stein,ALEXANDER IRELAND,MARCH 1882,MARCH,,1882.0
LOC,0.9981303,48,53,wikisource_vol1_ch5_letter41.txt,Davos,ALEXANDER IRELAND,MARCH 1882,MARCH,,1882.0
LOC,0.99273324,440,446,wikisource_vol1_ch5_letter41.txt,Bowdon,ALEXANDER IRELAND,MARCH 1882,MARCH,,1882.0
LOC,0.9956425,721,726,wikisource_vol1_ch5_letter41.txt,Davos,ALEXANDER IRELAND,MARCH 1882,MARCH,,1882.0
LOC,0.99794436,795,804,wikisource_vol1_ch5_letter41.txt,Pall Mall,ALEXANDER IRELAND,MARCH 1882,MARCH,,1882.0
PER,0.9970049,1031,1044,wikisource_vol1_ch5_letter41.txt,J. A. Symonds,ALEXANDER IRELAND,MARCH 1882,MARCH,,1882.0
LOC,0.99822855,1347,1352,wikisource_vol1_ch5_letter41.txt,Davos,ALEXANDER IRELAND,MARCH 1882,MARCH,,1882.0
PER,0.7997456,1836,1843,wikisource_vol1_ch5_letter41.txt,Bentley,ALEXANDER IRELAND,MARCH 1882,MARCH,,1882.0
PER,0.9997684,11,23,wikisource_vol1_ch5_letter42.txt,Edmund Gosse,EDMUND GOSSE,MARCH 23 1882,MARCH,23.0,1882.0
LOC,0.99606204,26,31,wikisource_vol1_ch5_letter42.txt,Davos,EDMUND GOSSE,MARCH 23 1882,MARCH,23.0,1882.0
PER,0.9996113,109,114,wikisource_vol1_ch5_letter42.txt,Gosse,EDMUND GOSSE,MARCH 23 1882,MARCH,23.0,1882.0
PER,0.99903584,174,179,wikisource_vol1_ch5_letter42.txt,Gosse,EDMUND GOSSE,MARCH 23 1882,MARCH,23.0,1882.0
LOC,0.99781644,182,194,wikisource_vol1_ch5_letter42.txt,Black Canyon,EDMUND GOSSE,MARCH 23 1882,MARCH,23.0,1882.0
PER,0.9376014,305,309,wikisource_vol1_ch5_letter42.txt,Hero,EDMUND GOSSE,MARCH 23 1882,MARCH,23.0,1882.0
PER,0.99941814,346,352,wikisource_vol1_ch5_letter42.txt,Cortez,EDMUND GOSSE,MARCH 23 1882,MARCH,23.0,1882.0
LOC,0.99968994,371,384,wikisource_vol1_ch5_letter42.txt,Pacific Ocean,EDMUND GOSSE,MARCH 23 1882,MARCH,23.0,1882.0
PER,0.99959505,415,420,wikisource_vol1_ch5_letter42.txt,Keats,EDMUND GOSSE,MARCH 23 1882,MARCH,23.0,1882.0
LOC,0.998961,439,445,wikisource_vol1_ch5_letter42.txt,Darien,EDMUND GOSSE,MARCH 23 1882,MARCH,23.0,1882.0
PER,0.76710796,602,605,wikisource_vol1_ch5_letter42.txt,Was,EDMUND GOSSE,MARCH 23 1882,MARCH,23.0,1882.0
PER,0.9996475,855,863,wikisource_vol1_ch5_letter42.txt,Osbourne,EDMUND GOSSE,MARCH 23 1882,MARCH,23.0,1882.0
PER,0.997999,1451,1455,wikisource_vol1_ch5_letter42.txt,Gray,EDMUND GOSSE,MARCH 23 1882,MARCH,23.0,1882.0
PER,0.9979689,1457,1463,wikisource_vol1_ch5_letter42.txt,Colvin,EDMUND GOSSE,MARCH 23 1882,MARCH,23.0,1882.0
PER,0.994886,1473,1478,wikisource_vol1_ch5_letter42.txt,Keats,EDMUND GOSSE,MARCH 23 1882,MARCH,23.0,1882.0
PER,0.99938095,1521,1528,wikisource_vol1_ch5_letter42.txt,R. L. S,EDMUND GOSSE,MARCH 23 1882,MARCH,23.0,1882.0
PER,0.99979156,15,29,wikisource_vol1_ch5_letter43.txt,Alexander Japp,DR. ALEXANDER JAPP,MARCH 1882,MARCH,,1882.0
LOC,0.9919244,32,47,wikisource_vol1_ch5_letter43.txt,Chalet Am Stein,DR. ALEXANDER JAPP,MARCH 1882,MARCH,,1882.0
LOC,0.99745864,49,54,wikisource_vol1_ch5_letter43.txt,Davos,DR. ALEXANDER JAPP,MARCH 1882,MARCH,,1882.0
PER,0.99608684,81,85,wikisource_vol1_ch5_letter43.txt,Japp,DR. ALEXANDER JAPP,MARCH 1882,MARCH,,1882.0
LOC,0.99702364,327,334,wikisource_vol1_ch5_letter43.txt,Braemar,DR. ALEXANDER JAPP,MARCH 1882,MARCH,,1882.0
ORG,0.69671565,355,370,wikisource_vol1_ch5_letter43.txt,Picture Gallery,DR. ALEXANDER JAPP,MARCH 1882,MARCH,,1882.0
PER,0.99975985,510,532,wikisource_vol1_ch5_letter43.txt,Robert Louis Stevenson,DR. ALEXANDER JAPP,MARCH 1882,MARCH,,1882.0
PER,0.993278,15,42,wikisource_vol1_ch5_letter44.txt,Alexander Japp Chalet Buol,DR. ALEXANDER JAPP,APRIL 1 1882,APRIL,1.0,1882.0
LOC,0.9752313,44,49,wikisource_vol1_ch5_letter44.txt,Davos,DR. ALEXANDER JAPP,APRIL 1 1882,APRIL,1.0,1882.0
PER,0.99283576,78,82,wikisource_vol1_ch5_letter44.txt,Japp,DR. ALEXANDER JAPP,APRIL 1 1882,APRIL,1.0,1882.0
PER,0.99056447,738,745,wikisource_vol1_ch5_letter44.txt,Symonds,DR. ALEXANDER JAPP,APRIL 1 1882,APRIL,1.0,1882.0
PER,0.9995061,1107,1116,wikisource_vol1_ch5_letter44.txt,John Knox,DR. ALEXANDER JAPP,APRIL 1 1882,APRIL,1.0,1882.0
ORG,0.99675816,1255,1263,wikisource_vol1_ch5_letter44.txt,Cornhill,DR. ALEXANDER JAPP,APRIL 1 1882,APRIL,1.0,1882.0
PER,0.9508536,1470,1477,wikisource_vol1_ch5_letter44.txt,Symonds,DR. ALEXANDER JAPP,APRIL 1 1882,APRIL,1.0,1882.0
PER,0.9993496,1482,1496,wikisource_vol1_ch5_letter44.txt,Alexander Pope,DR. ALEXANDER JAPP,APRIL 1 1882,APRIL,1.0,1882.0
PER,0.9985851,1720,1725,wikisource_vol1_ch5_letter44.txt,Lloyd,DR. ALEXANDER JAPP,APRIL 1 1882,APRIL,1.0,1882.0
PER,0.9990447,1769,1774,wikisource_vol1_ch5_letter44.txt,Lloyd,DR. ALEXANDER JAPP,APRIL 1 1882,APRIL,1.0,1882.0
PER,0.99966735,1970,1992,wikisource_vol1_ch5_letter44.txt,Robert Louis Stevenson,DR. ALEXANDER JAPP,APRIL 1 1882,APRIL,1.0,1882.0
PER,0.996997,11,23,wikisource_vol1_ch5_letter45.txt,W. E. Henley,W. E. HENLEY,APRIL 1882,APRIL,,1882.0
LOC,0.63218534,26,29,wikisource_vol1_ch5_letter45.txt,Cha,W. E. HENLEY,APRIL 1882,APRIL,,1882.0
LOC,0.54074186,33,41,wikisource_vol1_ch5_letter45.txt,Am Stein,W. E. HENLEY,APRIL 1882,APRIL,,1882.0
LOC,0.99425423,43,48,wikisource_vol1_ch5_letter45.txt,Davos,W. E. HENLEY,APRIL 1882,APRIL,,1882.0
PER,0.99495995,71,77,wikisource_vol1_ch5_letter45.txt,Henley,W. E. HENLEY,APRIL 1882,APRIL,,1882.0
PER,0.82303417,287,293,wikisource_vol1_ch5_letter45.txt,Chatto,W. E. HENLEY,APRIL 1882,APRIL,,1882.0
ORG,0.43130448,298,302,wikisource_vol1_ch5_letter45.txt,Wind,W. E. HENLEY,APRIL 1882,APRIL,,1882.0
PER,0.73356146,302,304,wikisource_vol1_ch5_letter45.txt,##us,W. E. HENLEY,APRIL 1882,APRIL,,1882.0
PER,0.94281816,537,543,wikisource_vol1_ch5_letter45.txt,Chatto,W. E. HENLEY,APRIL 1882,APRIL,,1882.0
LOC,0.9084519,653,668,wikisource_vol1_ch5_letter45.txt,Treasure Island,W. E. HENLEY,APRIL 1882,APRIL,,1882.0
PER,0.9198755,726,731,wikisource_vol1_ch5_letter45.txt,Lloyd,W. E. HENLEY,APRIL 1882,APRIL,,1882.0
PER,0.9126046,768,776,wikisource_vol1_ch5_letter45.txt,W. E. H.,W. E. HENLEY,APRIL 1882,APRIL,,1882.0
PER,0.99814916,778,799,wikisource_vol1_ch5_letter45.txt,William Ernest Henley,W. E. HENLEY,APRIL 1882,APRIL,,1882.0
PER,0.93299204,802,807,wikisource_vol1_ch5_letter45.txt,S. C.,W. E. HENLEY,APRIL 1882,APRIL,,1882.0
PER,0.9983277,809,822,wikisource_vol1_ch5_letter45.txt,Sidney Colvin,W. E. HENLEY,APRIL 1882,APRIL,,1882.0
PER,0.9652525,825,830,wikisource_vol1_ch5_letter45.txt,T. S.,W. E. HENLEY,APRIL 1882,APRIL,,1882.0
PER,0.99941117,832,848,wikisource_vol1_ch5_letter45.txt,Thomas Stevenson,W. E. HENLEY,APRIL 1882,APRIL,,1882.0
PER,0.9591855,862,876,wikisource_vol1_ch5_letter45.txt,Walter Simpson,W. E. HENLEY,APRIL 1882,APRIL,,1882.0
PER,0.9833185,893,898,wikisource_vol1_ch5_letter45.txt,C. B.,W. E. HENLEY,APRIL 1882,APRIL,,1882.0
PER,0.59698164,904,912,wikisource_vol1_ch5_letter45.txt,Williams,W. E. HENLEY,APRIL 1882,APRIL,,1882.0
PER,0.97205365,997,999,wikisource_vol1_ch5_letter45.txt,W.,W. E. HENLEY,APRIL 1882,APRIL,,1882.0
PER,0.69058746,1031,1039,wikisource_vol1_ch5_letter45.txt,Best Man,W. E. HENLEY,APRIL 1882,APRIL,,1882.0
PER,0.9959783,1044,1054,wikisource_vol1_ch5_letter45.txt,Bridesmaid,W. E. HENLEY,APRIL 1882,APRIL,,1882.0
PER,0.953983,1155,1159,wikisource_vol1_ch5_letter45.txt,Otto,W. E. HENLEY,APRIL 1882,APRIL,,1882.0
PER,0.9993809,1190,1205,wikisource_vol1_ch5_letter45.txt,George Meredith,W. E. HENLEY,APRIL 1882,APRIL,,1882.0
PER,0.9996153,1341,1349,wikisource_vol1_ch5_letter45.txt,Meredith,W. E. HENLEY,APRIL 1882,APRIL,,1882.0
PER,0.9993108,1671,1681,wikisource_vol1_ch5_letter45.txt,Willoughby,W. E. HENLEY,APRIL 1882,APRIL,,1882.0
PER,0.99981564,1826,1831,wikisource_vol1_ch5_letter45.txt,Clara,W. E. HENLEY,APRIL 1882,APRIL,,1882.0
PER,0.9996637,1870,1876,wikisource_vol1_ch5_letter45.txt,Vernon,W. E. HENLEY,APRIL 1882,APRIL,,1882.0
PER,0.9971013,16,28,wikisource_vol1_ch5_letter46.txt,T. Stevenson,MRS. THOMAS STEVENSON,APRIL 9 1882,APRIL,9.0,1882.0
LOC,0.78185344,31,34,wikisource_vol1_ch5_letter46.txt,Cha,MRS. THOMAS STEVENSON,APRIL 9 1882,APRIL,9.0,1882.0
LOC,0.7309251,38,46,wikisource_vol1_ch5_letter46.txt,Am Stein,MRS. THOMAS STEVENSON,APRIL 9 1882,APRIL,9.0,1882.0
LOC,0.9946009,48,53,wikisource_vol1_ch5_letter46.txt,Davos,MRS. THOMAS STEVENSON,APRIL 9 1882,APRIL,9.0,1882.0
PER,0.9995461,136,141,wikisource_vol1_ch5_letter46.txt,Fanny,MRS. THOMAS STEVENSON,APRIL 9 1882,APRIL,9.0,1882.0
PER,0.9244879,164,170,wikisource_vol1_ch5_letter46.txt,Jenkin,MRS. THOMAS STEVENSON,APRIL 9 1882,APRIL,9.0,1882.0
PER,0.9976158,176,180,wikisource_vol1_ch5_letter46.txt,Jack,MRS. THOMAS STEVENSON,APRIL 9 1882,APRIL,9.0,1882.0
PER,0.62813944,181,184,wikisource_vol1_ch5_letter46.txt,Bob,MRS. THOMAS STEVENSON,APRIL 9 1882,APRIL,9.0,1882.0
PER,0.62021047,197,203,wikisource_vol1_ch5_letter46.txt,Henley,MRS. THOMAS STEVENSON,APRIL 9 1882,APRIL,9.0,1882.0
PER,0.99850357,212,214,wikisource_vol1_ch5_letter46.txt,At,MRS. THOMAS STEVENSON,APRIL 9 1882,APRIL,9.0,1882.0
PER,0.8757282,214,220,wikisource_vol1_ch5_letter46.txt,##helred,MRS. THOMAS STEVENSON,APRIL 9 1882,APRIL,9.0,1882.0
PER,0.77831936,221,228,wikisource_vol1_ch5_letter46.txt,Simpson,MRS. THOMAS STEVENSON,APRIL 9 1882,APRIL,9.0,1882.0
PER,0.5640579,246,248,wikisource_vol1_ch5_letter46.txt,Sy,MRS. THOMAS STEVENSON,APRIL 9 1882,APRIL,9.0,1882.0
PER,0.74058974,258,259,wikisource_vol1_ch5_letter46.txt,P,MRS. THOMAS STEVENSON,APRIL 9 1882,APRIL,9.0,1882.0
PER,0.7702968,265,270,wikisource_vol1_ch5_letter46.txt,Gosse,MRS. THOMAS STEVENSON,APRIL 9 1882,APRIL,9.0,1882.0
LOC,0.99587584,345,357,wikisource_vol1_ch5_letter46.txt,Innerleithen,MRS. THOMAS STEVENSON,APRIL 9 1882,APRIL,9.0,1882.0
LOC,0.9691336,359,366,wikisource_vol1_ch5_letter46.txt,Cramond,MRS. THOMAS STEVENSON,APRIL 9 1882,APRIL,9.0,1882.0
LOC,0.9901798,368,383,wikisource_vol1_ch5_letter46.txt,Bridge of Allan,MRS. THOMAS STEVENSON,APRIL 9 1882,APRIL,9.0,1882.0
LOC,0.9743339,385,393,wikisource_vol1_ch5_letter46.txt,Dunblane,MRS. THOMAS STEVENSON,APRIL 9 1882,APRIL,9.0,1882.0
LOC,0.9900553,395,402,wikisource_vol1_ch5_letter46.txt,Selkirk,MRS. THOMAS STEVENSON,APRIL 9 1882,APRIL,9.0,1882.0
LOC,0.93447095,414,421,wikisource_vol1_ch5_letter46.txt,Cramond,MRS. THOMAS STEVENSON,APRIL 9 1882,APRIL,9.0,1882.0
LOC,0.8704278,473,478,wikisource_vol1_ch5_letter46.txt,Davos,MRS. THOMAS STEVENSON,APRIL 9 1882,APRIL,9.0,1882.0
PER,0.9996916,757,762,wikisource_vol1_ch5_letter46.txt,Fanny,MRS. THOMAS STEVENSON,APRIL 9 1882,APRIL,9.0,1882.0
LOC,0.67739844,1138,1143,wikisource_vol1_ch5_letter46.txt,Davos,MRS. THOMAS STEVENSON,APRIL 9 1882,APRIL,9.0,1882.0
LOC,0.6663245,1436,1451,wikisource_vol1_ch5_letter46.txt,Treasure Island,MRS. THOMAS STEVENSON,APRIL 9 1882,APRIL,9.0,1882.0
ORG,0.99039906,1604,1612,wikisource_vol1_ch5_letter46.txt,Cornhill,MRS. THOMAS STEVENSON,APRIL 9 1882,APRIL,9.0,1882.0
PER,0.99954283,1695,1710,wikisource_vol1_ch5_letter46.txt,R. L. Stevenson,MRS. THOMAS STEVENSON,APRIL 9 1882,APRIL,9.0,1882.0
PER,0.9996886,11,23,wikisource_vol1_ch5_letter47.txt,Edmund Gosse,EDMUND GOSSE,JUNE 1882,JUNE,,1882.0
LOC,0.9995408,26,35,wikisource_vol1_ch5_letter47.txt,Edinburgh,EDMUND GOSSE,JUNE 1882,JUNE,,1882.0
LOC,0.97751343,178,189,wikisource_vol1_ch5_letter47.txt,Stobo Manse,EDMUND GOSSE,JUNE 1882,JUNE,,1882.0
LOC,0.9996082,191,203,wikisource_vol1_ch5_letter47.txt,Peeblesshire,EDMUND GOSSE,JUNE 1882,JUNE,,1882.0
PER,0.9902287,326,331,wikisource_vol1_ch5_letter47.txt,Stobo,EDMUND GOSSE,JUNE 1882,JUNE,,1882.0
PER,0.9790621,851,857,wikisource_vol1_ch5_letter47.txt,Porpus,EDMUND GOSSE,JUNE 1882,JUNE,,1882.0
LOC,0.8505133,890,892,wikisource_vol1_ch5_letter47.txt,St,EDMUND GOSSE,JUNE 1882,JUNE,,1882.0
PER,0.5958086,892,894,wikisource_vol1_ch5_letter47.txt,##ob,EDMUND GOSSE,JUNE 1882,JUNE,,1882.0
LOC,0.518717,894,895,wikisource_vol1_ch5_letter47.txt,##o,EDMUND GOSSE,JUNE 1882,JUNE,,1882.0
LOC,0.8519173,912,919,wikisource_vol1_ch5_letter47.txt,Peebles,EDMUND GOSSE,JUNE 1882,JUNE,,1882.0
LOC,0.94170123,924,931,wikisource_vol1_ch5_letter47.txt,Selkirk,EDMUND GOSSE,JUNE 1882,JUNE,,1882.0
LOC,0.9543066,973,982,wikisource_vol1_ch5_letter47.txt,Tweeddale,EDMUND GOSSE,JUNE 1882,JUNE,,1882.0
LOC,0.9622483,987,994,wikisource_vol1_ch5_letter47.txt,Ettrick,EDMUND GOSSE,JUNE 1882,JUNE,,1882.0
LOC,0.86956245,1024,1033,wikisource_vol1_ch5_letter47.txt,Tweeddale,EDMUND GOSSE,JUNE 1882,JUNE,,1882.0
LOC,0.5987563,1052,1054,wikisource_vol1_ch5_letter47.txt,Pe,EDMUND GOSSE,JUNE 1882,JUNE,,1882.0
PER,0.721191,1054,1056,wikisource_vol1_ch5_letter47.txt,##eb,EDMUND GOSSE,JUNE 1882,JUNE,,1882.0
LOC,0.69877046,1056,1059,wikisource_vol1_ch5_letter47.txt,##les,EDMUND GOSSE,JUNE 1882,JUNE,,1882.0
PER,0.99965155,1136,1145,wikisource_vol1_ch5_letter47.txt,Stevenson,EDMUND GOSSE,JUNE 1882,JUNE,,1882.0
LOC,0.8774224,1228,1240,wikisource_vol1_ch5_letter47.txt,Peeblesshire,EDMUND GOSSE,JUNE 1882,JUNE,,1882.0
PER,0.9686019,1289,1296,wikisource_vol1_ch5_letter47.txt,R. L. S,EDMUND GOSSE,JUNE 1882,JUNE,,1882.0
PER,0.99978924,11,23,wikisource_vol1_ch5_letter48.txt,Edmund Gosse,EDMUND GOSSE,JULY 1882,JULY,,1882.0
LOC,0.8207678,25,27,wikisource_vol1_ch5_letter48.txt,St,EDMUND GOSSE,JULY 1882,JULY,,1882.0
PER,0.7260762,27,29,wikisource_vol1_ch5_letter48.txt,##ob,EDMUND GOSSE,JULY 1882,JULY,,1882.0
LOC,0.7718148,29,36,wikisource_vol1_ch5_letter48.txt,##o Manse,EDMUND GOSSE,JULY 1882,JULY,,1882.0
LOC,0.9987555,38,50,wikisource_vol1_ch5_letter48.txt,Peeblesshire,EDMUND GOSSE,JULY 1882,JULY,,1882.0
LOC,0.92732286,126,131,wikisource_vol1_ch5_letter48.txt,Stobs,EDMUND GOSSE,JULY 1882,JULY,,1882.0
LOC,0.9480269,137,142,wikisource_vol1_ch5_letter48.txt,Stobo,EDMUND GOSSE,JULY 1882,JULY,,1882.0
PER,0.96560675,172,176,wikisource_vol1_ch5_letter48.txt,Bobo,EDMUND GOSSE,JULY 1882,JULY,,1882.0
PER,0.9983395,207,212,wikisource_vol1_ch5_letter48.txt,Stobo,EDMUND GOSSE,JULY 1882,JULY,,1882.0
PER,0.999433,369,374,wikisource_vol1_ch5_letter48.txt,Stobo,EDMUND GOSSE,JULY 1882,JULY,,1882.0
PER,0.97499746,498,502,wikisource_vol1_ch5_letter48.txt,Gray,EDMUND GOSSE,JULY 1882,JULY,,1882.0
PER,0.99976087,1077,1083,wikisource_vol1_ch5_letter48.txt,R. L S,EDMUND GOSSE,JULY 1882,JULY,,1882.0
PER,0.9988364,11,23,wikisource_vol1_ch5_letter49.txt,W. E. Henley,W. E. HENLEY,JULY 1882,JULY,,1882.0
LOC,0.9974084,26,37,wikisource_vol1_ch5_letter49.txt,Stobo Manse,W. E. HENLEY,JULY 1882,JULY,,1882.0
PER,0.9957294,56,62,wikisource_vol1_ch5_letter49.txt,Henley,W. E. HENLEY,JULY 1882,JULY,,1882.0
PER,0.9994375,206,209,wikisource_vol1_ch5_letter49.txt,God,W. E. HENLEY,JULY 1882,JULY,,1882.0
PER,0.9997287,590,605,wikisource_vol1_ch5_letter49.txt,Pirbright Smith,W. E. HENLEY,JULY 1882,JULY,,1882.0
PER,0.9997527,623,641,wikisource_vol1_ch5_letter49.txt,Pegfurth Bannatyne,W. E. HENLEY,JULY 1882,JULY,,1882.0
LOC,0.9429838,825,833,wikisource_vol1_ch5_letter49.txt,Sanquhar,W. E. HENLEY,JULY 1882,JULY,,1882.0
PER,0.9991837,898,905,wikisource_vol1_ch5_letter49.txt,Hazlitt,W. E. HENLEY,JULY 1882,JULY,,1882.0
PER,0.9997666,1215,1221,wikisource_vol1_ch5_letter49.txt,Borrow,W. E. HENLEY,JULY 1882,JULY,,1882.0
PER,0.99956495,1240,1247,wikisource_vol1_ch5_letter49.txt,Geordie,W. E. HENLEY,JULY 1882,JULY,,1882.0
PER,0.9994638,1313,1323,wikisource_vol1_ch5_letter49.txt,Wordsworth,W. E. HENLEY,JULY 1882,JULY,,1882.0
PER,0.9235442,11,34,wikisource_vol1_ch5_letter5.txt,Charles Warren Stoddard,CHARLES WARREN STODDARD,DECEMBER 1880,DECEMBER,,1880.0
LOC,0.8789134,36,51,wikisource_vol1_ch5_letter5.txt,Hotel Belvedere,CHARLES WARREN STODDARD,DECEMBER 1880,DECEMBER,,1880.0
LOC,0.9979823,53,64,wikisource_vol1_ch5_letter5.txt,Davos Platz,CHARLES WARREN STODDARD,DECEMBER 1880,DECEMBER,,1880.0
LOC,0.999876,66,77,wikisource_vol1_ch5_letter5.txt,Switzerland,CHARLES WARREN STODDARD,DECEMBER 1880,DECEMBER,,1880.0
PER,0.99821156,100,123,wikisource_vol1_ch5_letter5.txt,Charles Warren Stoddard,CHARLES WARREN STODDARD,DECEMBER 1880,DECEMBER,,1880.0
ORG,0.58677423,708,714,wikisource_vol1_ch5_letter5.txt,Custom,CHARLES WARREN STODDARD,DECEMBER 1880,DECEMBER,,1880.0
LOC,0.5679993,715,720,wikisource_vol1_ch5_letter5.txt,House,CHARLES WARREN STODDARD,DECEMBER 1880,DECEMBER,,1880.0
PER,0.99973756,1596,1599,wikisource_vol1_ch5_letter5.txt,God,CHARLES WARREN STODDARD,DECEMBER 1880,DECEMBER,,1880.0
LOC,0.9995202,2000,2010,wikisource_vol1_ch5_letter5.txt,California,CHARLES WARREN STODDARD,DECEMBER 1880,DECEMBER,,1880.0
PER,0.9993336,24,40,wikisource_vol1_ch5_letter6.txt,Thomas Stevenson,MR. AND MRS. THOMAS STEVENSON,DECEMBER 21 1880,DECEMBER,21.0,1880.0
LOC,0.99709284,61,66,wikisource_vol1_ch5_letter6.txt,Davos,MR. AND MRS. THOMAS STEVENSON,DECEMBER 21 1880,DECEMBER,21.0,1880.0
LOC,0.99636316,260,265,wikisource_vol1_ch5_letter6.txt,Davos,MR. AND MRS. THOMAS STEVENSON,DECEMBER 21 1880,DECEMBER,21.0,1880.0
PER,0.99939847,613,623,wikisource_vol1_ch5_letter6.txt,John Brown,MR. AND MRS. THOMAS STEVENSON,DECEMBER 21 1880,DECEMBER,21.0,1880.0
PER,0.9997317,927,932,wikisource_vol1_ch5_letter6.txt,Fanny,MR. AND MRS. THOMAS STEVENSON,DECEMBER 21 1880,DECEMBER,21.0,1880.0
LOC,0.9983554,1076,1081,wikisource_vol1_ch5_letter6.txt,Davos,MR. AND MRS. THOMAS STEVENSON,DECEMBER 21 1880,DECEMBER,21.0,1880.0
PER,0.9996474,1490,1501,wikisource_vol1_ch5_letter6.txt,Hugh Miller,MR. AND MRS. THOMAS STEVENSON,DECEMBER 21 1880,DECEMBER,21.0,1880.0
PER,0.9921279,1686,1693,wikisource_vol1_ch5_letter6.txt,Tulloch,MR. AND MRS. THOMAS STEVENSON,DECEMBER 21 1880,DECEMBER,21.0,1880.0
PER,0.9872984,11,24,wikisource_vol1_ch5_letter7.txt,Sidney Colvin,SIDNEY COLVIN,DECEMBER 25 1880,DECEMBER,25.0,1880.0
LOC,0.99269956,27,42,wikisource_vol1_ch5_letter7.txt,Hotel Belvedere,SIDNEY COLVIN,DECEMBER 25 1880,DECEMBER,25.0,1880.0
LOC,0.9996193,44,49,wikisource_vol1_ch5_letter7.txt,Davos,SIDNEY COLVIN,DECEMBER 25 1880,DECEMBER,25.0,1880.0
LOC,0.999171,967,976,wikisource_vol1_ch5_letter7.txt,Highlands,SIDNEY COLVIN,DECEMBER 25 1880,DECEMBER,25.0,1880.0
PER,0.9990337,1341,1345,wikisource_vol1_ch5_letter7.txt,Burt,SIDNEY COLVIN,DECEMBER 25 1880,DECEMBER,25.0,1880.0
PER,0.9977691,1347,1354,wikisource_vol1_ch5_letter7.txt,Johnson,SIDNEY COLVIN,DECEMBER 25 1880,DECEMBER,25.0,1880.0
PER,0.9953275,1356,1363,wikisource_vol1_ch5_letter7.txt,Boswell,SIDNEY COLVIN,DECEMBER 25 1880,DECEMBER,25.0,1880.0
PER,0.955708,1365,1375,wikisource_vol1_ch5_letter7.txt,Mrs. Grant,SIDNEY COLVIN,DECEMBER 25 1880,DECEMBER,25.0,1880.0
LOC,0.9832686,1379,1382,wikisource_vol1_ch5_letter7.txt,Lag,SIDNEY COLVIN,DECEMBER 25 1880,DECEMBER,25.0,1880.0
PER,0.80196774,1382,1385,wikisource_vol1_ch5_letter7.txt,##gan,SIDNEY COLVIN,DECEMBER 25 1880,DECEMBER,25.0,1880.0
PER,0.94779825,1387,1392,wikisource_vol1_ch5_letter7.txt,Scott,SIDNEY COLVIN,DECEMBER 25 1880,DECEMBER,25.0,1880.0
LOC,0.92672735,1489,1497,wikisource_vol1_ch5_letter7.txt,Highland,SIDNEY COLVIN,DECEMBER 25 1880,DECEMBER,25.0,1880.0
PER,0.9995563,1528,1535,wikisource_vol1_ch5_letter7.txt,Rob Roy,SIDNEY COLVIN,DECEMBER 25 1880,DECEMBER,25.0,1880.0
PER,0.9992569,1537,1552,wikisource_vol1_ch5_letter7.txt,Flora Macdonald,SIDNEY COLVIN,DECEMBER 25 1880,DECEMBER,25.0,1880.0
PER,0.99161243,1575,1586,wikisource_vol1_ch5_letter7.txt,Lady Grange,SIDNEY COLVIN,DECEMBER 25 1880,DECEMBER,25.0,1880.0
LOC,0.9639578,1630,1647,wikisource_vol1_ch5_letter7.txt,Forfeited Estates,SIDNEY COLVIN,DECEMBER 25 1880,DECEMBER,25.0,1880.0
PER,0.9987551,1851,1858,wikisource_vol1_ch5_letter7.txt,R. L. S,SIDNEY COLVIN,DECEMBER 25 1880,DECEMBER,25.0,1880.0
PER,0.9993522,16,32,wikisource_vol1_ch5_letter8.txt,Thomas Stevenson,MRS. THOMAS STEVENSON,DECEMBER 26 1880,DECEMBER,26.0,1880.0
LOC,0.9586156,53,68,wikisource_vol1_ch5_letter8.txt,Hotel Belvedere,MRS. THOMAS STEVENSON,DECEMBER 26 1880,DECEMBER,26.0,1880.0
LOC,0.9996726,70,75,wikisource_vol1_ch5_letter8.txt,Davos,MRS. THOMAS STEVENSON,DECEMBER 26 1880,DECEMBER,26.0,1880.0
PER,0.99974984,821,824,wikisource_vol1_ch5_letter8.txt,God,MRS. THOMAS STEVENSON,DECEMBER 26 1880,DECEMBER,26.0,1880.0
PER,0.99978155,1022,1028,wikisource_vol1_ch5_letter8.txt,Christ,MRS. THOMAS STEVENSON,DECEMBER 26 1880,DECEMBER,26.0,1880.0
PER,0.99978656,1138,1141,wikisource_vol1_ch5_letter8.txt,God,MRS. THOMAS STEVENSON,DECEMBER 26 1880,DECEMBER,26.0,1880.0
PER,0.99971694,1831,1834,wikisource_vol1_ch5_letter8.txt,God,MRS. THOMAS STEVENSON,DECEMBER 26 1880,DECEMBER,26.0,1880.0
PER,0.99968076,1888,1894,wikisource_vol1_ch5_letter8.txt,Christ,MRS. THOMAS STEVENSON,DECEMBER 26 1880,DECEMBER,26.0,1880.0
PER,0.9966871,11,24,wikisource_vol1_ch5_letter9.txt,Sidney Colvin,SIDNEY COLVIN,SPRING 1881,SPRING,,1881.0
LOC,0.9982316,27,42,wikisource_vol1_ch5_letter9.txt,Hotel Belvedere,SIDNEY COLVIN,SPRING 1881,SPRING,,1881.0
LOC,0.9994397,44,49,wikisource_vol1_ch5_letter9.txt,Davos,SIDNEY COLVIN,SPRING 1881,SPRING,,1881.0
LOC,0.9990243,553,558,wikisource_vol1_ch5_letter9.txt,Davos,SIDNEY COLVIN,SPRING 1881,SPRING,,1881.0
PER,0.9957307,967,975,wikisource_vol1_ch5_letter9.txt,F. A. S.,SIDNEY COLVIN,SPRING 1881,SPRING,,1881.0
PER,0.99941206,1818,1825,wikisource_vol1_ch5_letter9.txt,Carlyle,SIDNEY COLVIN,SPRING 1881,SPRING,,1881.0
PER,0.9922327,1832,1834,wikisource_vol1_ch5_letter9.txt,F.,SIDNEY COLVIN,SPRING 1881,SPRING,,1881.0
ORG,0.99549,31,47,wikisource_vol1_ch6_letter1.txt,New York Tribune,THE EDITOR OF THE 'NEW YORK TRIBUNE',OCTOBER 16 1882,OCTOBER,16.0,1882.0
LOC,0.9839788,50,64,wikisource_vol1_ch6_letter1.txt,Terminus Hotel,THE EDITOR OF THE 'NEW YORK TRIBUNE',OCTOBER 16 1882,OCTOBER,16.0,1882.0
LOC,0.9995759,66,76,wikisource_vol1_ch6_letter1.txt,Marseilles,THE EDITOR OF THE 'NEW YORK TRIBUNE',OCTOBER 16 1882,OCTOBER,16.0,1882.0
LOC,0.9997155,826,833,wikisource_vol1_ch6_letter1.txt,America,THE EDITOR OF THE 'NEW YORK TRIBUNE',OCTOBER 16 1882,OCTOBER,16.0,1882.0
LOC,0.9997558,838,845,wikisource_vol1_ch6_letter1.txt,England,THE EDITOR OF THE 'NEW YORK TRIBUNE',OCTOBER 16 1882,OCTOBER,16.0,1882.0
PER,0.9964679,1105,1115,wikisource_vol1_ch6_letter1.txt,James Payn,THE EDITOR OF THE 'NEW YORK TRIBUNE',OCTOBER 16 1882,OCTOBER,16.0,1882.0
PER,0.99962044,1490,1500,wikisource_vol1_ch6_letter1.txt,James Payn,THE EDITOR OF THE 'NEW YORK TRIBUNE',OCTOBER 16 1882,OCTOBER,16.0,1882.0
LOC,0.99955994,1624,1632,wikisource_vol1_ch6_letter1.txt,Atlantic,THE EDITOR OF THE 'NEW YORK TRIBUNE',OCTOBER 16 1882,OCTOBER,16.0,1882.0
LOC,0.99962294,2029,2035,wikisource_vol1_ch6_letter1.txt,London,THE EDITOR OF THE 'NEW YORK TRIBUNE',OCTOBER 16 1882,OCTOBER,16.0,1882.0
PER,0.9655108,16,31,wikisource_vol1_ch6_letter10.txt,Sitwell Chalet,MRS. SITWELL,APRIL 1883,APRIL,,1883.0
LOC,0.9979012,45,51,wikisource_vol1_ch6_letter10.txt,Hyeres,MRS. SITWELL,APRIL 1883,APRIL,,1883.0
ORG,0.9605027,488,496,wikisource_vol1_ch6_letter10.txt,Cornhill,MRS. SITWELL,APRIL 1883,APRIL,,1883.0
PER,0.99836737,552,556,wikisource_vol1_ch6_letter10.txt,Otto,MRS. SITWELL,APRIL 1883,APRIL,,1883.0
PER,0.9978124,1424,1429,wikisource_vol1_ch6_letter10.txt,Fanny,MRS. SITWELL,APRIL 1883,APRIL,,1883.0
LOC,0.94866735,1842,1846,wikisource_vol1_ch6_letter10.txt,Eden,MRS. SITWELL,APRIL 1883,APRIL,,1883.0
LOC,0.74160874,1855,1859,wikisource_vol1_ch6_letter10.txt,Eden,MRS. SITWELL,APRIL 1883,APRIL,,1883.0
PER,0.793372,1864,1870,wikisource_vol1_ch6_letter10.txt,Beulah,MRS. SITWELL,APRIL 1883,APRIL,,1883.0
PER,0.9985778,11,23,wikisource_vol1_ch6_letter11.txt,Edmund Gosse,EDMUND GOSSE,APRIL 1883,APRIL,,1883.0
LOC,0.9945189,45,51,wikisource_vol1_ch6_letter11.txt,Hyeres,EDMUND GOSSE,APRIL 1883,APRIL,,1883.0
PER,0.96938133,75,80,wikisource_vol1_ch6_letter11.txt,Gosse,EDMUND GOSSE,APRIL 1883,APRIL,,1883.0
PER,0.8939427,853,859,wikisource_vol1_ch6_letter11.txt,Gilder,EDMUND GOSSE,APRIL 1883,APRIL,,1883.0
PER,0.931273,1209,1215,wikisource_vol1_ch6_letter11.txt,Gilder,EDMUND GOSSE,APRIL 1883,APRIL,,1883.0
PER,0.8546131,1425,1430,wikisource_vol1_ch6_letter11.txt,R. L.,EDMUND GOSSE,APRIL 1883,APRIL,,1883.0
PER,0.9956166,24,40,wikisource_vol1_ch6_letter12.txt,Thomas Stevenson,MR. AND MRS. THOMAS STEVENSON,MAY 5 1883,MAY,5.0,1883.0
LOC,0.99794036,156,171,wikisource_vol1_ch6_letter12.txt,Treasure Island,MR. AND MRS. THOMAS STEVENSON,MAY 5 1883,MAY,5.0,1883.0
PER,0.9996094,694,699,wikisource_vol1_ch6_letter12.txt,Fanny,MR. AND MRS. THOMAS STEVENSON,MAY 5 1883,MAY,5.0,1883.0
PER,0.9929197,906,911,wikisource_vol1_ch6_letter12.txt,Cummy,MR. AND MRS. THOMAS STEVENSON,MAY 5 1883,MAY,5.0,1883.0
PER,0.9998554,1110,1113,wikisource_vol1_ch6_letter12.txt,God,MR. AND MRS. THOMAS STEVENSON,MAY 5 1883,MAY,5.0,1883.0
PER,0.99957466,1435,1450,wikisource_vol1_ch6_letter12.txt,Treesure Eilaan,MR. AND MRS. THOMAS STEVENSON,MAY 5 1883,MAY,5.0,1883.0
LOC,0.99079406,1473,1488,wikisource_vol1_ch6_letter12.txt,Treasure Island,MR. AND MRS. THOMAS STEVENSON,MAY 5 1883,MAY,5.0,1883.0
PER,0.9973444,24,40,wikisource_vol1_ch6_letter13.txt,Thomas Stevenson,MR. AND MRS. THOMAS STEVENSON,MAY 8 1883,MAY,8.0,1883.0
LOC,0.99833584,55,61,wikisource_vol1_ch6_letter13.txt,Hyeres,MR. AND MRS. THOMAS STEVENSON,MAY 8 1883,MAY,8.0,1883.0
PER,0.9992785,446,451,wikisource_vol1_ch6_letter13.txt,Lloyd,MR. AND MRS. THOMAS STEVENSON,MAY 8 1883,MAY,8.0,1883.0
PER,0.9995799,507,519,wikisource_vol1_ch6_letter13.txt,Louis Robert,MR. AND MRS. THOMAS STEVENSON,MAY 8 1883,MAY,8.0,1883.0
PER,0.9988361,641,646,wikisource_vol1_ch6_letter13.txt,Lloyd,MR. AND MRS. THOMAS STEVENSON,MAY 8 1883,MAY,8.0,1883.0
PER,0.999757,1740,1747,wikisource_vol1_ch6_letter13.txt,R. L. S,MR. AND MRS. THOMAS STEVENSON,MAY 8 1883,MAY,8.0,1883.0
PER,0.9997088,11,23,wikisource_vol1_ch6_letter14.txt,Edmund Gosse,EDMUND GOSSE,MAY 20 1883,MAY,20.0,1883.0
LOC,0.9939502,38,57,wikisource_vol1_ch6_letter14.txt,Hyeres - Les - Palmiers,EDMUND GOSSE,MAY 20 1883,MAY,20.0,1883.0
LOC,0.9997527,59,62,wikisource_vol1_ch6_letter14.txt,Var,EDMUND GOSSE,MAY 20 1883,MAY,20.0,1883.0
PER,0.9868832,88,93,wikisource_vol1_ch6_letter14.txt,Gosse,EDMUND GOSSE,MAY 20 1883,MAY,20.0,1883.0
PER,0.97655904,298,304,wikisource_vol1_ch6_letter14.txt,Henley,EDMUND GOSSE,MAY 20 1883,MAY,20.0,1883.0
PER,0.9973473,670,675,wikisource_vol1_ch6_letter14.txt,Pepys,EDMUND GOSSE,MAY 20 1883,MAY,20.0,1883.0
PER,0.9948339,753,757,wikisource_vol1_ch6_letter14.txt,D. T.,EDMUND GOSSE,MAY 20 1883,MAY,20.0,1883.0
PER,0.9996918,1081,1087,wikisource_vol1_ch6_letter14.txt,Bunyan,EDMUND GOSSE,MAY 20 1883,MAY,20.0,1883.0
LOC,0.96610206,1141,1147,wikisource_vol1_ch6_letter14.txt,Heaven,EDMUND GOSSE,MAY 20 1883,MAY,20.0,1883.0
PER,0.9906882,1303,1309,wikisource_vol1_ch6_letter14.txt,Apollo,EDMUND GOSSE,MAY 20 1883,MAY,20.0,1883.0
PER,0.9902817,1324,1328,wikisource_vol1_ch6_letter14.txt,Zeus,EDMUND GOSSE,MAY 20 1883,MAY,20.0,1883.0
PER,0.9996009,1506,1521,wikisource_vol1_ch6_letter14.txt,R. L. Stevenson,EDMUND GOSSE,MAY 20 1883,MAY,20.0,1883.0
PER,0.9995971,11,23,wikisource_vol1_ch6_letter15.txt,Edmund Gosse,EDMUND GOSSE,MAY 21 1883,MAY,21.0,1883.0
LOC,0.99343663,38,57,wikisource_vol1_ch6_letter15.txt,Hyeres - Les - Palmiers,EDMUND GOSSE,MAY 21 1883,MAY,21.0,1883.0
LOC,0.99984396,59,62,wikisource_vol1_ch6_letter15.txt,Var,EDMUND GOSSE,MAY 21 1883,MAY,21.0,1883.0
LOC,0.99989367,64,70,wikisource_vol1_ch6_letter15.txt,France,EDMUND GOSSE,MAY 21 1883,MAY,21.0,1883.0
PER,0.9987484,94,99,wikisource_vol1_ch6_letter15.txt,Gosse,EDMUND GOSSE,MAY 21 1883,MAY,21.0,1883.0
PER,0.9925307,200,206,wikisource_vol1_ch6_letter15.txt,Gilder,EDMUND GOSSE,MAY 21 1883,MAY,21.0,1883.0
ORG,0.895481,580,583,wikisource_vol1_ch6_letter15.txt,##man,EDMUND GOSSE,MAY 21 1883,MAY,21.0,1883.0
PER,0.99946547,1019,1026,wikisource_vol1_ch6_letter15.txt,Nemesis,EDMUND GOSSE,MAY 21 1883,MAY,21.0,1883.0
PER,0.7576495,1113,1120,wikisource_vol1_ch6_letter15.txt,Nemesis,EDMUND GOSSE,MAY 21 1883,MAY,21.0,1883.0
PER,0.98644125,1567,1574,wikisource_vol1_ch6_letter15.txt,R. L. S,EDMUND GOSSE,MAY 21 1883,MAY,21.0,1883.0
PER,0.99944276,11,23,wikisource_vol1_ch6_letter16.txt,W. E. Henley,W. E. HENLEY,MAY 1883,MAY,,1883.0
LOC,0.9941043,26,32,wikisource_vol1_ch6_letter16.txt,Hyeres,W. E. HENLEY,MAY 1883,MAY,,1883.0
PER,0.91392004,142,150,wikisource_vol1_ch6_letter16.txt,Red Lion,W. E. HENLEY,MAY 1883,MAY,,1883.0
PER,0.8687969,238,245,wikisource_vol1_ch6_letter16.txt,Tushery,W. E. HENLEY,MAY 1883,MAY,,1883.0
LOC,0.5075394,420,424,wikisource_vol1_ch6_letter16.txt,##stal,W. E. HENLEY,MAY 1883,MAY,,1883.0
LOC,0.9988501,471,486,wikisource_vol1_ch6_letter16.txt,Treasure Island,W. E. HENLEY,MAY 1883,MAY,,1883.0
PER,0.9997115,621,632,wikisource_vol1_ch6_letter16.txt,John Silver,W. E. HENLEY,MAY 1883,MAY,,1883.0
LOC,0.9987336,636,651,wikisource_vol1_ch6_letter16.txt,Treasure Island,W. E. HENLEY,MAY 1883,MAY,,1883.0
PER,0.9998989,820,824,wikisource_vol1_ch6_letter16.txt,Otto,W. E. HENLEY,MAY 1883,MAY,,1883.0
PER,0.99199027,11,23,wikisource_vol1_ch6_letter17.txt,W. E. Henley,W. E. HENLEY,MAY 1883,MAY,,1883.0
LOC,0.9829488,38,57,wikisource_vol1_ch6_letter17.txt,Hyeres - Les - Palmiers,W. E. HENLEY,MAY 1883,MAY,,1883.0
LOC,0.99772424,485,498,wikisource_vol1_ch6_letter17.txt,Fontainebleau,W. E. HENLEY,MAY 1883,MAY,,1883.0
PER,0.90498,639,646,wikisource_vol1_ch6_letter17.txt,Hokusai,W. E. HENLEY,MAY 1883,MAY,,1883.0
LOC,0.99481,676,689,wikisource_vol1_ch6_letter17.txt,Fontainebleau,W. E. HENLEY,MAY 1883,MAY,,1883.0
PER,0.97734123,760,765,wikisource_vol1_ch6_letter17.txt,Crane,W. E. HENLEY,MAY 1883,MAY,,1883.0
PER,0.9961898,769,778,wikisource_vol1_ch6_letter17.txt,Greenaway,W. E. HENLEY,MAY 1883,MAY,,1883.0
PER,0.9911822,784,789,wikisource_vol1_ch6_letter17.txt,Crane,W. E. HENLEY,MAY 1883,MAY,,1883.0
PER,0.9922111,1212,1221,wikisource_vol1_ch6_letter17.txt,A. Tusher,W. E. HENLEY,MAY 1883,MAY,,1883.0
PER,0.9995204,1586,1589,wikisource_vol1_ch6_letter17.txt,God,W. E. HENLEY,MAY 1883,MAY,,1883.0
PER,0.9994276,11,23,wikisource_vol1_ch6_letter18.txt,W. E. Henley,W. E. HENLEY,MAY 1883,MAY,,1883.0
LOC,0.42693186,36,39,wikisource_vol1_ch6_letter18.txt,Sol,W. E. HENLEY,MAY 1883,MAY,,1883.0
LOC,0.999151,46,52,wikisource_vol1_ch6_letter18.txt,Hyeres,W. E. HENLEY,MAY 1883,MAY,,1883.0
PER,0.9996401,70,76,wikisource_vol1_ch6_letter18.txt,Henley,W. E. HENLEY,MAY 1883,MAY,,1883.0
PER,0.9989034,282,289,wikisource_vol1_ch6_letter18.txt,Pollock,W. E. HENLEY,MAY 1883,MAY,,1883.0
PER,0.99946505,291,296,wikisource_vol1_ch6_letter18.txt,Gosse,W. E. HENLEY,MAY 1883,MAY,,1883.0
PER,0.94264233,507,514,wikisource_vol1_ch6_letter18.txt,Herrick,W. E. HENLEY,MAY 1883,MAY,,1883.0
PER,0.99642736,587,594,wikisource_vol1_ch6_letter18.txt,R. L. S,W. E. HENLEY,MAY 1883,MAY,,1883.0
PER,0.9991966,11,31,wikisource_vol1_ch6_letter19.txt,W. E. Henley Hyeres,W. E. HENLEY,JUNE 1883,JUNE,,1883.0
PER,0.6033464,104,109,wikisource_vol1_ch6_letter19.txt,Bravo,W. E. HENLEY,JUNE 1883,JUNE,,1883.0
ORG,0.9987057,703,727,wikisource_vol1_ch6_letter19.txt,Bulk Delights Publishers,W. E. HENLEY,JUNE 1883,JUNE,,1883.0
PER,0.99974704,1261,1283,wikisource_vol1_ch6_letter19.txt,Robert Louis Stevenson,W. E. HENLEY,JUNE 1883,JUNE,,1883.0
ORG,0.88931215,11,29,wikisource_vol1_ch6_letter2.txt,R. A. M. Stevenson,R. A. M. STEVENSON,OCTOBER 1882,OCTOBER,,1882.0
LOC,0.9874041,31,45,wikisource_vol1_ch6_letter2.txt,Terminus Hotel,R. A. M. STEVENSON,OCTOBER 1882,OCTOBER,,1882.0
LOC,0.9998456,47,56,wikisource_vol1_ch6_letter2.txt,Marseille,R. A. M. STEVENSON,OCTOBER 1882,OCTOBER,,1882.0
PER,0.996944,91,94,wikisource_vol1_ch6_letter2.txt,Bob,R. A. M. STEVENSON,OCTOBER 1882,OCTOBER,,1882.0
LOC,0.99831355,126,138,wikisource_vol1_ch6_letter2.txt,Saint Marcel,R. A. M. STEVENSON,OCTOBER 1882,OCTOBER,,1882.0
LOC,0.9997508,140,161,wikisource_vol1_ch6_letter2.txt,Banlieue de Marseille,R. A. M. STEVENSON,OCTOBER 1882,OCTOBER,,1882.0
PER,0.9253095,524,530,wikisource_vol1_ch6_letter2.txt,Paysan,R. A. M. STEVENSON,OCTOBER 1882,OCTOBER,,1882.0
LOC,0.9992848,652,661,wikisource_vol1_ch6_letter2.txt,Marseille,R. A. M. STEVENSON,OCTOBER 1882,OCTOBER,,1882.0
PER,0.99744284,892,894,wikisource_vol1_ch6_letter2.txt,F.,R. A. M. STEVENSON,OCTOBER 1882,OCTOBER,,1882.0
PER,0.9993458,1083,1090,wikisource_vol1_ch6_letter2.txt,R. L. S,R. A. M. STEVENSON,OCTOBER 1882,OCTOBER,,1882.0
PER,0.9937395,11,23,wikisource_vol1_ch6_letter20.txt,W. E. Henley,W. E. HENLEY,SUMMER 1883,SUMMER,,1883.0
LOC,0.95024604,38,44,wikisource_vol1_ch6_letter20.txt,Hyeres,W. E. HENLEY,SUMMER 1883,SUMMER,,1883.0
LOC,0.9870576,86,99,wikisource_vol1_ch6_letter20.txt,Fontainebleau,W. E. HENLEY,SUMMER 1883,SUMMER,,1883.0
PER,0.9485133,304,311,wikisource_vol1_ch6_letter20.txt,Hokusai,W. E. HENLEY,SUMMER 1883,SUMMER,,1883.0
PER,0.9996687,401,413,wikisource_vol1_ch6_letter20.txt,Charles Lamb,W. E. HENLEY,SUMMER 1883,SUMMER,,1883.0
PER,0.9923819,622,629,wikisource_vol1_ch6_letter20.txt,Macbeth,W. E. HENLEY,SUMMER 1883,SUMMER,,1883.0
PER,0.9997752,645,659,wikisource_vol1_ch6_letter20.txt,Therese Raquin,W. E. HENLEY,SUMMER 1883,SUMMER,,1883.0
PER,0.9444645,1217,1224,wikisource_vol1_ch6_letter20.txt,R. L. S,W. E. HENLEY,SUMMER 1883,SUMMER,,1883.0
PER,0.9991573,11,28,wikisource_vol1_ch6_letter21.txt,Alison Cunningham,ALISON CUNNINGHAM,SUMMER 1883,SUMMER,,1883.0
LOC,0.98425555,43,49,wikisource_vol1_ch6_letter21.txt,Hyeres,ALISON CUNNINGHAM,SUMMER 1883,SUMMER,,1883.0
PER,0.6456453,73,76,wikisource_vol1_ch6_letter21.txt,Cum,ALISON CUNNINGHAM,SUMMER 1883,SUMMER,,1883.0
LOC,0.99555546,829,842,wikisource_vol1_ch6_letter21.txt,Mount Chessie,ALISON CUNNINGHAM,SUMMER 1883,SUMMER,,1883.0
LOC,0.9952853,1007,1016,wikisource_vol1_ch6_letter21.txt,Warriston,ALISON CUNNINGHAM,SUMMER 1883,SUMMER,,1883.0
PER,0.9991203,1194,1197,wikisource_vol1_ch6_letter21.txt,Bob,ALISON CUNNINGHAM,SUMMER 1883,SUMMER,,1883.0
PER,0.99848413,1199,1206,wikisource_vol1_ch6_letter21.txt,Cramond,ALISON CUNNINGHAM,SUMMER 1883,SUMMER,,1883.0
PER,0.99022955,1208,1213,wikisource_vol1_ch6_letter21.txt,Delhi,ALISON CUNNINGHAM,SUMMER 1883,SUMMER,,1883.0
PER,0.99838233,1215,1221,wikisource_vol1_ch6_letter21.txt,Minnie,ALISON CUNNINGHAM,SUMMER 1883,SUMMER,,1883.0
PER,0.9982855,1227,1236,wikisource_vol1_ch6_letter21.txt,Henrietta,ALISON CUNNINGHAM,SUMMER 1883,SUMMER,,1883.0
PER,0.9875833,11,23,wikisource_vol1_ch6_letter22.txt,W. E. Henley,W. E. HENLEY,SUMMER 1883,SUMMER,,1883.0
LOC,0.98948866,38,44,wikisource_vol1_ch6_letter22.txt,Hyeres,W. E. HENLEY,SUMMER 1883,SUMMER,,1883.0
PER,0.9915208,174,178,wikisource_vol1_ch6_letter22.txt,Otto,W. E. HENLEY,SUMMER 1883,SUMMER,,1883.0
LOC,0.988397,657,672,wikisource_vol1_ch6_letter22.txt,Treasure Island,W. E. HENLEY,SUMMER 1883,SUMMER,,1883.0
LOC,0.65497416,975,984,wikisource_vol1_ch6_letter22.txt,##edificium,W. E. HENLEY,SUMMER 1883,SUMMER,,1883.0
ORG,0.89347917,1298,1305,wikisource_vol1_ch6_letter22.txt,Lloyd ' s,W. E. HENLEY,SUMMER 1883,SUMMER,,1883.0
PER,0.9219358,1344,1349,wikisource_vol1_ch6_letter22.txt,Death,W. E. HENLEY,SUMMER 1883,SUMMER,,1883.0
PER,0.9996093,11,23,wikisource_vol1_ch6_letter23.txt,Edmund Gosse,EDMUND GOSSE,SUMMER 1883,SUMMER,,1883.0
LOC,0.5302409,38,40,wikisource_vol1_ch6_letter23.txt,Hy,EDMUND GOSSE,SUMMER 1883,SUMMER,,1883.0
PER,0.99571854,68,73,wikisource_vol1_ch6_letter23.txt,Gosse,EDMUND GOSSE,SUMMER 1883,SUMMER,,1883.0
PER,0.6972598,280,281,wikisource_vol1_ch6_letter23.txt,##y,EDMUND GOSSE,SUMMER 1883,SUMMER,,1883.0
PER,0.93546045,389,396,wikisource_vol1_ch6_letter23.txt,Webster,EDMUND GOSSE,SUMMER 1883,SUMMER,,1883.0
PER,0.9608228,407,414,wikisource_vol1_ch6_letter23.txt,Webster,EDMUND GOSSE,SUMMER 1883,SUMMER,,1883.0
PER,0.9874127,425,432,wikisource_vol1_ch6_letter23.txt,Herrick,EDMUND GOSSE,SUMMER 1883,SUMMER,,1883.0
PER,0.9875761,436,443,wikisource_vol1_ch6_letter23.txt,Herrick,EDMUND GOSSE,SUMMER 1883,SUMMER,,1883.0
PER,0.94216985,584,591,wikisource_vol1_ch6_letter23.txt,Herrick,EDMUND GOSSE,SUMMER 1883,SUMMER,,1883.0
PER,0.99655277,1443,1450,wikisource_vol1_ch6_letter23.txt,R. L. S,EDMUND GOSSE,SUMMER 1883,SUMMER,,1883.0
PER,0.9615134,11,23,wikisource_vol1_ch6_letter24.txt,W. E. Henley,W. E. HENLEY,SEPTEMBER 19 1883,SEPTEMBER,19.0,1883.0
LOC,0.96517897,38,57,wikisource_vol1_ch6_letter24.txt,Hyeres - Les - Palmiers,W. E. HENLEY,SEPTEMBER 19 1883,SEPTEMBER,19.0,1883.0
LOC,0.9996847,59,62,wikisource_vol1_ch6_letter24.txt,Var,W. E. HENLEY,SEPTEMBER 19 1883,SEPTEMBER,19.0,1883.0
PER,0.99835914,168,174,wikisource_vol1_ch6_letter24.txt,Coggie,W. E. HENLEY,SEPTEMBER 19 1883,SEPTEMBER,19.0,1883.0
PER,0.9996082,176,179,wikisource_vol1_ch6_letter24.txt,God,W. E. HENLEY,SEPTEMBER 19 1883,SEPTEMBER,19.0,1883.0
PER,0.9954652,365,368,wikisource_vol1_ch6_letter24.txt,Bob,W. E. HENLEY,SEPTEMBER 19 1883,SEPTEMBER,19.0,1883.0
PER,0.9986233,405,417,wikisource_vol1_ch6_letter24.txt,James Walter,W. E. HENLEY,SEPTEMBER 19 1883,SEPTEMBER,19.0,1883.0
PER,0.99959654,528,531,wikisource_vol1_ch6_letter24.txt,God,W. E. HENLEY,SEPTEMBER 19 1883,SEPTEMBER,19.0,1883.0
PER,0.99861026,565,571,wikisource_vol1_ch6_letter24.txt,Baxter,W. E. HENLEY,SEPTEMBER 19 1883,SEPTEMBER,19.0,1883.0
PER,0.99934536,601,607,wikisource_vol1_ch6_letter24.txt,Walter,W. E. HENLEY,SEPTEMBER 19 1883,SEPTEMBER,19.0,1883.0
ORG,0.39036113,627,628,wikisource_vol1_ch6_letter24.txt,W,W. E. HENLEY,SEPTEMBER 19 1883,SEPTEMBER,19.0,1883.0
LOC,0.7795113,673,685,wikisource_vol1_ch6_letter24.txt,Academy Lane,W. E. HENLEY,SEPTEMBER 19 1883,SEPTEMBER,19.0,1883.0
PER,0.99924433,755,762,wikisource_vol1_ch6_letter24.txt,Simpson,W. E. HENLEY,SEPTEMBER 19 1883,SEPTEMBER,19.0,1883.0
PER,0.99948573,824,830,wikisource_vol1_ch6_letter24.txt,Jenkin,W. E. HENLEY,SEPTEMBER 19 1883,SEPTEMBER,19.0,1883.0
PER,0.9994221,842,848,wikisource_vol1_ch6_letter24.txt,Colvin,W. E. HENLEY,SEPTEMBER 19 1883,SEPTEMBER,19.0,1883.0
PER,0.9972786,889,903,wikisource_vol1_ch6_letter24.txt,Leslie Stephen,W. E. HENLEY,SEPTEMBER 19 1883,SEPTEMBER,19.0,1883.0
PER,0.999503,1497,1503,wikisource_vol1_ch6_letter24.txt,Walter,W. E. HENLEY,SEPTEMBER 19 1883,SEPTEMBER,19.0,1883.0
PER,0.9984696,11,23,wikisource_vol1_ch6_letter25.txt,Edmund Gosse,EDMUND GOSSE,SEPTEMBER 26 1883,SEPTEMBER,26.0,1883.0
LOC,0.9911009,38,57,wikisource_vol1_ch6_letter25.txt,Hyeres - Les - Palmiers,EDMUND GOSSE,SEPTEMBER 26 1883,SEPTEMBER,26.0,1883.0
PER,0.99492294,88,93,wikisource_vol1_ch6_letter25.txt,Gosse,EDMUND GOSSE,SEPTEMBER 26 1883,SEPTEMBER,26.0,1883.0
PER,0.99813783,1547,1550,wikisource_vol1_ch6_letter25.txt,God,EDMUND GOSSE,SEPTEMBER 26 1883,SEPTEMBER,26.0,1883.0
LOC,0.9256607,1553,1559,wikisource_vol1_ch6_letter25.txt,Heaven,EDMUND GOSSE,SEPTEMBER 26 1883,SEPTEMBER,26.0,1883.0
PER,0.83392,11,24,wikisource_vol1_ch6_letter26.txt,Sidney Colvin,SIDNEY COLVIN,OCTOBER 1883,OCTOBER,,1883.0
LOC,0.98961246,39,58,wikisource_vol1_ch6_letter26.txt,Hyeres - Les - Palmiers,SIDNEY COLVIN,OCTOBER 1883,OCTOBER,,1883.0
LOC,0.99845123,60,63,wikisource_vol1_ch6_letter26.txt,Var,SIDNEY COLVIN,OCTOBER 1883,OCTOBER,,1883.0
LOC,0.5848024,88,91,wikisource_vol1_ch6_letter26.txt,Col,SIDNEY COLVIN,OCTOBER 1883,OCTOBER,,1883.0
LOC,0.8351351,96,99,wikisource_vol1_ch6_letter26.txt,Col,SIDNEY COLVIN,OCTOBER 1883,OCTOBER,,1883.0
PER,0.84180176,147,158,wikisource_vol1_ch6_letter26.txt,P. Whistles,SIDNEY COLVIN,OCTOBER 1883,OCTOBER,,1883.0
PER,0.81871885,447,453,wikisource_vol1_ch6_letter26.txt,Miller,SIDNEY COLVIN,OCTOBER 1883,OCTOBER,,1883.0
PER,0.81112957,1116,1121,wikisource_vol1_ch6_letter26.txt,Penny,SIDNEY COLVIN,OCTOBER 1883,OCTOBER,,1883.0
LOC,0.9461125,1150,1156,wikisource_vol1_ch6_letter26.txt,Henley,SIDNEY COLVIN,OCTOBER 1883,OCTOBER,,1883.0
PER,0.9925683,1375,1384,wikisource_vol1_ch6_letter26.txt,Crookback,SIDNEY COLVIN,OCTOBER 1883,OCTOBER,,1883.0
PER,0.99986804,1460,1471,wikisource_vol1_ch6_letter26.txt,Shakespeare,SIDNEY COLVIN,OCTOBER 1883,OCTOBER,,1883.0
PER,0.8546557,1742,1748,wikisource_vol1_ch6_letter26.txt,Dick o,SIDNEY COLVIN,OCTOBER 1883,OCTOBER,,1883.0
LOC,0.6633093,1750,1760,wikisource_vol1_ch6_letter26.txt,Gloucester,SIDNEY COLVIN,OCTOBER 1883,OCTOBER,,1883.0
PER,0.9864334,11,20,wikisource_vol1_ch6_letter27.txt,W. H. Low,W. H. LOW,OCTOBER 1883,OCTOBER,,1883.0
LOC,0.99451727,35,41,wikisource_vol1_ch6_letter27.txt,Hyeres,W. H. LOW,OCTOBER 1883,OCTOBER,,1883.0
PER,0.9976185,102,109,wikisource_vol1_ch6_letter27.txt,Cassell,W. H. LOW,OCTOBER 1883,OCTOBER,,1883.0
PER,0.9957596,287,302,wikisource_vol1_ch6_letter27.txt,R. L. Stevenson,W. H. LOW,OCTOBER 1883,OCTOBER,,1883.0
LOC,0.9993013,351,360,wikisource_vol1_ch6_letter27.txt,Manhattan,W. H. LOW,OCTOBER 1883,OCTOBER,,1883.0
LOC,0.99844897,1340,1348,wikisource_vol1_ch6_letter27.txt,Paradise,W. H. LOW,OCTOBER 1883,OCTOBER,,1883.0
PER,0.97523403,1526,1531,wikisource_vol1_ch6_letter27.txt,Dagon,W. H. LOW,OCTOBER 1883,OCTOBER,,1883.0
PER,0.9959176,1762,1766,wikisource_vol1_ch6_letter27.txt,Muse,W. H. LOW,OCTOBER 1883,OCTOBER,,1883.0
PER,0.99967706,1809,1815,wikisource_vol1_ch6_letter27.txt,Apollo,W. H. LOW,OCTOBER 1883,OCTOBER,,1883.0
LOC,0.99959296,1848,1854,wikisource_vol1_ch6_letter27.txt,Europe,W. H. LOW,OCTOBER 1883,OCTOBER,,1883.0
PER,0.99752647,11,29,wikisource_vol1_ch6_letter28.txt,R. A. M. Stevenson,R. A. M. STEVENSON,OCTOBER 1883,OCTOBER,,1883.0
LOC,0.9148391,44,63,wikisource_vol1_ch6_letter28.txt,Hyeres - Les - Palmiers,R. A. M. STEVENSON,OCTOBER 1883,OCTOBER,,1883.0
PER,0.9859832,88,91,wikisource_vol1_ch6_letter28.txt,Bob,R. A. M. STEVENSON,OCTOBER 1883,OCTOBER,,1883.0
LOC,0.9988142,127,132,wikisource_vol1_ch6_letter28.txt,Lyons,R. A. M. STEVENSON,OCTOBER 1883,OCTOBER,,1883.0
PER,0.9536651,203,205,wikisource_vol1_ch6_letter28.txt,Fe,R. A. M. STEVENSON,OCTOBER 1883,OCTOBER,,1883.0
LOC,0.96235985,284,288,wikisource_vol1_ch6_letter28.txt,Nice,R. A. M. STEVENSON,OCTOBER 1883,OCTOBER,,1883.0
PER,0.9992761,300,308,wikisource_vol1_ch6_letter28.txt,Williams,R. A. M. STEVENSON,OCTOBER 1883,OCTOBER,,1883.0
PER,0.9937862,390,396,wikisource_vol1_ch6_letter28.txt,Henley,R. A. M. STEVENSON,OCTOBER 1883,OCTOBER,,1883.0
PER,0.99958736,1652,1658,wikisource_vol1_ch6_letter28.txt,Balzac,R. A. M. STEVENSON,OCTOBER 1883,OCTOBER,,1883.0
PER,0.99964166,1781,1792,wikisource_vol1_ch6_letter28.txt,Shakespeare,R. A. M. STEVENSON,OCTOBER 1883,OCTOBER,,1883.0
PER,0.9997082,11,27,wikisource_vol1_ch6_letter29.txt,Thomas Stevenson,THOMAS STEVENSON,OCTOBER 12 1883,OCTOBER,12.0,1883.0
LOC,0.99463177,42,61,wikisource_vol1_ch6_letter29.txt,Hyeres - Les - Palmiers,THOMAS STEVENSON,OCTOBER 12 1883,OCTOBER,12.0,1883.0
LOC,0.9998568,63,66,wikisource_vol1_ch6_letter29.txt,Var,THOMAS STEVENSON,OCTOBER 12 1883,OCTOBER,12.0,1883.0
PER,0.9997546,484,493,wikisource_vol1_ch6_letter29.txt,Stevenson,THOMAS STEVENSON,OCTOBER 12 1883,OCTOBER,12.0,1883.0
PER,0.99978834,750,753,wikisource_vol1_ch6_letter29.txt,God,THOMAS STEVENSON,OCTOBER 12 1883,OCTOBER,12.0,1883.0
PER,0.9984823,1739,1746,wikisource_vol1_ch6_letter29.txt,Ferrier,THOMAS STEVENSON,OCTOBER 12 1883,OCTOBER,12.0,1883.0
PER,0.99751735,1799,1806,wikisource_vol1_ch6_letter29.txt,Ferrier,THOMAS STEVENSON,OCTOBER 12 1883,OCTOBER,12.0,1883.0
LOC,0.95889276,11,43,wikisource_vol1_ch6_letter3.txt,Thomas Stevenson Terminus Hotel,THOMAS STEVENSON,OCTOBER 17 1882,OCTOBER,17.0,1882.0
LOC,0.99983454,45,54,wikisource_vol1_ch6_letter3.txt,Marseille,THOMAS STEVENSON,OCTOBER 17 1882,OCTOBER,17.0,1882.0
LOC,0.99955297,186,196,wikisource_vol1_ch6_letter3.txt,Marseilles,THOMAS STEVENSON,OCTOBER 17 1882,OCTOBER,17.0,1882.0
LOC,0.7619191,317,321,wikisource_vol1_ch6_letter3.txt,Alps,THOMAS STEVENSON,OCTOBER 17 1882,OCTOBER,17.0,1882.0
LOC,0.99964017,539,553,wikisource_vol1_ch6_letter3.txt,Campagne Defli,THOMAS STEVENSON,OCTOBER 17 1882,OCTOBER,17.0,1882.0
ORG,0.99970084,650,666,wikisource_vol1_ch6_letter3.txt,New York Tribune,THOMAS STEVENSON,OCTOBER 17 1882,OCTOBER,17.0,1882.0
ORG,0.9997769,675,684,wikisource_vol1_ch6_letter3.txt,Athenaeum,THOMAS STEVENSON,OCTOBER 17 1882,OCTOBER,17.0,1882.0
PER,0.9991498,686,690,wikisource_vol1_ch6_letter3.txt,Payn,THOMAS STEVENSON,OCTOBER 17 1882,OCTOBER,17.0,1882.0
PER,0.9998021,824,839,wikisource_vol1_ch6_letter3.txt,R. L. Stevenson,THOMAS STEVENSON,OCTOBER 17 1882,OCTOBER,17.0,1882.0
PER,0.95228326,858,869,wikisource_vol1_ch6_letter3.txt,Muckle Hash,THOMAS STEVENSON,OCTOBER 17 1882,OCTOBER,17.0,1882.0
LOC,0.9978378,41,47,wikisource_vol1_ch6_letter30.txt,Hyeres,W. H. LOW,OCTOBER 23 1883,OCTOBER,23.0,1883.0
PER,0.7917137,249,251,wikisource_vol1_ch6_letter30.txt,La,W. H. LOW,OCTOBER 23 1883,OCTOBER,23.0,1883.0
PER,0.98824745,297,303,wikisource_vol1_ch6_letter30.txt,Fleury,W. H. LOW,OCTOBER 23 1883,OCTOBER,23.0,1883.0
PER,0.99980915,662,668,wikisource_vol1_ch6_letter30.txt,Gilder,W. H. LOW,OCTOBER 23 1883,OCTOBER,23.0,1883.0
PER,0.999845,736,742,wikisource_vol1_ch6_letter30.txt,Bunner,W. H. LOW,OCTOBER 23 1883,OCTOBER,23.0,1883.0
LOC,0.9988048,938,944,wikisource_vol1_ch6_letter30.txt,States,W. H. LOW,OCTOBER 23 1883,OCTOBER,23.0,1883.0
PER,0.9994686,1130,1146,wikisource_vol1_ch6_letter30.txt,R. L. Stephenson,W. H. LOW,OCTOBER 23 1883,OCTOBER,23.0,1883.0
PER,0.9998599,1344,1354,wikisource_vol1_ch6_letter30.txt,Stephenson,W. H. LOW,OCTOBER 23 1883,OCTOBER,23.0,1883.0
LOC,0.6854688,1596,1609,wikisource_vol1_ch6_letter30.txt,Mediterranean,W. H. LOW,OCTOBER 23 1883,OCTOBER,23.0,1883.0
PER,0.9918073,1723,1729,wikisource_vol1_ch6_letter30.txt,Fleury,W. H. LOW,OCTOBER 23 1883,OCTOBER,23.0,1883.0
PER,0.99937135,11,23,wikisource_vol1_ch6_letter31.txt,W. E. Henley,W. E. HENLEY,NOVEMBER 1883,NOVEMBER,,1883.0
LOC,0.9976406,26,32,wikisource_vol1_ch6_letter31.txt,Hyeres,W. E. HENLEY,NOVEMBER 1883,NOVEMBER,,1883.0
PER,0.99852175,287,295,wikisource_vol1_ch6_letter31.txt,Runciman,W. E. HENLEY,NOVEMBER 1883,NOVEMBER,,1883.0
PER,0.9041715,525,528,wikisource_vol1_ch6_letter31.txt,I. E,W. E. HENLEY,NOVEMBER 1883,NOVEMBER,,1883.0
PER,0.9985019,874,878,wikisource_vol1_ch6_letter31.txt,Otto,W. E. HENLEY,NOVEMBER 1883,NOVEMBER,,1883.0
PER,0.819674,1027,1028,wikisource_vol1_ch6_letter31.txt,S,W. E. HENLEY,NOVEMBER 1883,NOVEMBER,,1883.0
PER,0.9983197,1038,1041,wikisource_vol1_ch6_letter31.txt,God,W. E. HENLEY,NOVEMBER 1883,NOVEMBER,,1883.0
PER,0.9994899,1673,1677,wikisource_vol1_ch6_letter31.txt,Otto,W. E. HENLEY,NOVEMBER 1883,NOVEMBER,,1883.0
PER,0.99980456,1802,1806,wikisource_vol1_ch6_letter31.txt,Otto,W. E. HENLEY,NOVEMBER 1883,NOVEMBER,,1883.0
PER,0.99781823,16,32,wikisource_vol1_ch6_letter32.txt,Thomas Stevenson,MRS. THOMAS STEVENSON,NOVEMBER 1883,NOVEMBER,,1883.0
LOC,0.99311876,47,53,wikisource_vol1_ch6_letter32.txt,Hyeres,MRS. THOMAS STEVENSON,NOVEMBER 1883,NOVEMBER,,1883.0
PER,0.9749771,224,228,wikisource_vol1_ch6_letter32.txt,Otto,MRS. THOMAS STEVENSON,NOVEMBER 1883,NOVEMBER,,1883.0
LOC,0.6807307,238,247,wikisource_vol1_ch6_letter32.txt,Silverado,MRS. THOMAS STEVENSON,NOVEMBER 1883,NOVEMBER,,1883.0
LOC,0.8970963,1181,1190,wikisource_vol1_ch6_letter32.txt,Silverado,MRS. THOMAS STEVENSON,NOVEMBER 1883,NOVEMBER,,1883.0
LOC,0.9976566,1391,1406,wikisource_vol1_ch6_letter32.txt,Treasure Island,MRS. THOMAS STEVENSON,NOVEMBER 1883,NOVEMBER,,1883.0
ORG,0.9990637,1447,1464,wikisource_vol1_ch6_letter32.txt,Henley ' s Magazine,MRS. THOMAS STEVENSON,NOVEMBER 1883,NOVEMBER,,1883.0
PER,0.9542039,1572,1576,wikisource_vol1_ch6_letter32.txt,Lang,MRS. THOMAS STEVENSON,NOVEMBER 1883,NOVEMBER,,1883.0
LOC,0.99656546,1586,1601,wikisource_vol1_ch6_letter32.txt,Treasure Island,MRS. THOMAS STEVENSON,NOVEMBER 1883,NOVEMBER,,1883.0
PER,0.811327,1611,1621,wikisource_vol1_ch6_letter32.txt,Tom Sawyer,MRS. THOMAS STEVENSON,NOVEMBER 1883,NOVEMBER,,1883.0
PER,0.9990637,1928,1935,wikisource_vol1_ch6_letter32.txt,R. L. S,MRS. THOMAS STEVENSON,NOVEMBER 1883,NOVEMBER,,1883.0
PER,0.9978829,11,24,wikisource_vol1_ch6_letter33.txt,Sidney Colvin,SIDNEY COLVIN,NOVEMBER 1883,NOVEMBER,,1883.0
LOC,0.9868186,39,58,wikisource_vol1_ch6_letter33.txt,Hyeres - Les - Palmiers,SIDNEY COLVIN,NOVEMBER 1883,NOVEMBER,,1883.0
LOC,0.9996648,60,63,wikisource_vol1_ch6_letter33.txt,Var,SIDNEY COLVIN,NOVEMBER 1883,NOVEMBER,,1883.0
PER,0.98333055,90,96,wikisource_vol1_ch6_letter33.txt,Colvin,SIDNEY COLVIN,NOVEMBER 1883,NOVEMBER,,1883.0
PER,0.99832153,390,397,wikisource_vol1_ch6_letter33.txt,Ferrier,SIDNEY COLVIN,NOVEMBER 1883,NOVEMBER,,1883.0
PER,0.9996306,432,435,wikisource_vol1_ch6_letter33.txt,Bob,SIDNEY COLVIN,NOVEMBER 1883,NOVEMBER,,1883.0
PER,0.9996813,750,772,wikisource_vol1_ch6_letter33.txt,Robert Louis Stevenson,SIDNEY COLVIN,NOVEMBER 1883,NOVEMBER,,1883.0
PER,0.997885,1058,1064,wikisource_vol1_ch6_letter33.txt,Hyeres,SIDNEY COLVIN,NOVEMBER 1883,NOVEMBER,,1883.0
PER,0.83596027,1232,1233,wikisource_vol1_ch6_letter33.txt,R,SIDNEY COLVIN,NOVEMBER 1883,NOVEMBER,,1883.0
PER,0.8616838,1235,1236,wikisource_vol1_ch6_letter33.txt,L,SIDNEY COLVIN,NOVEMBER 1883,NOVEMBER,,1883.0
PER,0.55710125,1238,1239,wikisource_vol1_ch6_letter33.txt,S,SIDNEY COLVIN,NOVEMBER 1883,NOVEMBER,,1883.0
PER,0.8221226,16,21,wikisource_vol1_ch6_letter34.txt,Milne,MRS. MILNE,NOVEMBER 1883,NOVEMBER,,1883.0
LOC,0.99305475,36,42,wikisource_vol1_ch6_letter34.txt,Hyeres,MRS. MILNE,NOVEMBER 1883,NOVEMBER,,1883.0
PER,0.91255915,69,78,wikisource_vol1_ch6_letter34.txt,Henrietta,MRS. MILNE,NOVEMBER 1883,NOVEMBER,,1883.0
PER,0.9106041,262,268,wikisource_vol1_ch6_letter34.txt,Alfred,MRS. MILNE,NOVEMBER 1883,NOVEMBER,,1883.0
PER,0.9997439,274,280,wikisource_vol1_ch6_letter34.txt,Willie,MRS. MILNE,NOVEMBER 1883,NOVEMBER,,1883.0
PER,0.8888013,311,326,wikisource_vol1_ch6_letter34.txt,Prince of Wales,MRS. MILNE,NOVEMBER 1883,NOVEMBER,,1883.0
ORG,0.99722403,428,443,wikisource_vol1_ch6_letter34.txt,Pirate Squadron,MRS. MILNE,NOVEMBER 1883,NOVEMBER,,1883.0
PER,0.99588704,623,635,wikisource_vol1_ch6_letter34.txt,Giant Bunker,MRS. MILNE,NOVEMBER 1883,NOVEMBER,,1883.0
LOC,0.9987944,831,846,wikisource_vol1_ch6_letter34.txt,Bridge of Allan,MRS. MILNE,NOVEMBER 1883,NOVEMBER,,1883.0
LOC,0.9971453,983,991,wikisource_vol1_ch6_letter34.txt,B. of A.,MRS. MILNE,NOVEMBER 1883,NOVEMBER,,1883.0
LOC,0.99889404,1037,1044,wikisource_vol1_ch6_letter34.txt,Glasgow,MRS. MILNE,NOVEMBER 1883,NOVEMBER,,1883.0
PER,0.9998381,1340,1346,wikisource_vol1_ch6_letter34.txt,Willie,MRS. MILNE,NOVEMBER 1883,NOVEMBER,,1883.0
PER,0.99975306,1384,1390,wikisource_vol1_ch6_letter34.txt,Willie,MRS. MILNE,NOVEMBER 1883,NOVEMBER,,1883.0
LOC,0.9994455,1656,1664,wikisource_vol1_ch6_letter34.txt,Scotland,MRS. MILNE,NOVEMBER 1883,NOVEMBER,,1883.0
PER,0.938925,16,21,wikisource_vol1_ch6_letter35.txt,Ferri,MISS FERRIER,NOVEMBER 22 1883,NOVEMBER,22.0,1883.0
LOC,0.9975915,38,44,wikisource_vol1_ch6_letter35.txt,Hyeres,MISS FERRIER,NOVEMBER 22 1883,NOVEMBER,22.0,1883.0
LOC,0.99964666,46,49,wikisource_vol1_ch6_letter35.txt,Var,MISS FERRIER,NOVEMBER 22 1883,NOVEMBER,22.0,1883.0
PER,0.81868464,80,87,wikisource_vol1_ch6_letter35.txt,Ferrier,MISS FERRIER,NOVEMBER 22 1883,NOVEMBER,22.0,1883.0
PER,0.99958605,237,243,wikisource_vol1_ch6_letter35.txt,Walter,MISS FERRIER,NOVEMBER 22 1883,NOVEMBER,22.0,1883.0
LOC,0.9993547,734,741,wikisource_vol1_ch6_letter35.txt,Malvern,MISS FERRIER,NOVEMBER 22 1883,NOVEMBER,22.0,1883.0
PER,0.9994856,784,790,wikisource_vol1_ch6_letter35.txt,Walter,MISS FERRIER,NOVEMBER 22 1883,NOVEMBER,22.0,1883.0
PER,0.99962366,1062,1070,wikisource_vol1_ch6_letter35.txt,Schiller,MISS FERRIER,NOVEMBER 22 1883,NOVEMBER,22.0,1883.0
PER,0.9966011,1146,1151,wikisource_vol1_ch6_letter35.txt,Faust,MISS FERRIER,NOVEMBER 22 1883,NOVEMBER,22.0,1883.0
LOC,0.99384886,1156,1173,wikisource_vol1_ch6_letter35.txt,Gladstone Terrace,MISS FERRIER,NOVEMBER 22 1883,NOVEMBER,22.0,1883.0
PER,0.9994085,1921,1924,wikisource_vol1_ch6_letter35.txt,God,MISS FERRIER,NOVEMBER 22 1883,NOVEMBER,22.0,1883.0
PER,0.9975236,1996,2005,wikisource_vol1_ch6_letter35.txt,Alexander,MISS FERRIER,NOVEMBER 22 1883,NOVEMBER,22.0,1883.0
PER,0.73166835,2015,2020,wikisource_vol1_ch6_letter35.txt,Grant,MISS FERRIER,NOVEMBER 22 1883,NOVEMBER,22.0,1883.0
PER,0.99349654,11,20,wikisource_vol1_ch6_letter36.txt,W. H. Low,W. H. LOW,DECEMBER 13 1883,DECEMBER,13.0,1883.0
LOC,0.99765044,35,41,wikisource_vol1_ch6_letter36.txt,Hyeres,W. H. LOW,DECEMBER 13 1883,DECEMBER,13.0,1883.0
LOC,0.9995684,43,46,wikisource_vol1_ch6_letter36.txt,Var,W. H. LOW,DECEMBER 13 1883,DECEMBER,13.0,1883.0
PER,0.99973816,343,346,wikisource_vol1_ch6_letter36.txt,God,W. H. LOW,DECEMBER 13 1883,DECEMBER,13.0,1883.0
PER,0.9997719,518,525,wikisource_vol1_ch6_letter36.txt,Roberts,W. H. LOW,DECEMBER 13 1883,DECEMBER,13.0,1883.0
PER,0.65084493,652,663,wikisource_vol1_ch6_letter36.txt,Prince Otto,W. H. LOW,DECEMBER 13 1883,DECEMBER,13.0,1883.0
PER,0.9994722,1580,1583,wikisource_vol1_ch6_letter36.txt,Low,W. H. LOW,DECEMBER 13 1883,DECEMBER,13.0,1883.0
PER,0.99968046,1623,1645,wikisource_vol1_ch6_letter36.txt,Robert Louis Stevenson,W. H. LOW,DECEMBER 13 1883,DECEMBER,13.0,1883.0
PER,0.9985033,11,27,wikisource_vol1_ch6_letter37.txt,Thomas Stevenson,THOMAS STEVENSON,DECEMBER 20 1883,DECEMBER,20.0,1883.0
PER,0.99722135,467,475,wikisource_vol1_ch6_letter37.txt,Lockhart,THOMAS STEVENSON,DECEMBER 20 1883,DECEMBER,20.0,1883.0
PER,0.9998227,478,483,wikisource_vol1_ch6_letter37.txt,Scott,THOMAS STEVENSON,DECEMBER 20 1883,DECEMBER,20.0,1883.0
PER,0.6306565,726,734,wikisource_vol1_ch6_letter37.txt,Waverley,THOMAS STEVENSON,DECEMBER 20 1883,DECEMBER,20.0,1883.0
PER,0.99869657,822,830,wikisource_vol1_ch6_letter37.txt,Lockhart,THOMAS STEVENSON,DECEMBER 20 1883,DECEMBER,20.0,1883.0
PER,0.7742355,867,875,wikisource_vol1_ch6_letter37.txt,Waverley,THOMAS STEVENSON,DECEMBER 20 1883,DECEMBER,20.0,1883.0
PER,0.99983084,1490,1495,wikisource_vol1_ch6_letter37.txt,Hegel,THOMAS STEVENSON,DECEMBER 20 1883,DECEMBER,20.0,1883.0
PER,0.99971265,1988,1995,wikisource_vol1_ch6_letter37.txt,R. L. S,THOMAS STEVENSON,DECEMBER 20 1883,DECEMBER,20.0,1883.0
PER,0.9936248,24,40,wikisource_vol1_ch6_letter38.txt,Thomas Stevenson,MR. AND MRS. THOMAS STEVENSON,DECEMBER 25 1883,DECEMBER,25.0,1883.0
PER,0.9996061,186,191,wikisource_vol1_ch6_letter38.txt,Lloyd,MR. AND MRS. THOMAS STEVENSON,DECEMBER 25 1883,DECEMBER,25.0,1883.0
PER,0.9997781,280,285,wikisource_vol1_ch6_letter38.txt,Fanny,MR. AND MRS. THOMAS STEVENSON,DECEMBER 25 1883,DECEMBER,25.0,1883.0
LOC,0.9985107,826,838,wikisource_vol1_ch6_letter38.txt,India Street,MR. AND MRS. THOMAS STEVENSON,DECEMBER 25 1883,DECEMBER,25.0,1883.0
LOC,0.9966052,859,872,wikisource_vol1_ch6_letter38.txt,Dundas Street,MR. AND MRS. THOMAS STEVENSON,DECEMBER 25 1883,DECEMBER,25.0,1883.0
PER,0.99434876,951,959,wikisource_vol1_ch6_letter38.txt,Joculari,MR. AND MRS. THOMAS STEVENSON,DECEMBER 25 1883,DECEMBER,25.0,1883.0
PER,0.6729695,1116,1118,wikisource_vol1_ch6_letter38.txt,De,MR. AND MRS. THOMAS STEVENSON,DECEMBER 25 1883,DECEMBER,25.0,1883.0
PER,0.99980634,1214,1219,wikisource_vol1_ch6_letter38.txt,Tommy,MR. AND MRS. THOMAS STEVENSON,DECEMBER 25 1883,DECEMBER,25.0,1883.0
PER,0.9974294,1224,1229,wikisource_vol1_ch6_letter38.txt,Bogue,MR. AND MRS. THOMAS STEVENSON,DECEMBER 25 1883,DECEMBER,25.0,1883.0
LOC,0.5695596,1300,1307,wikisource_vol1_ch6_letter38.txt,Baxter.,MR. AND MRS. THOMAS STEVENSON,DECEMBER 25 1883,DECEMBER,25.0,1883.0
ORG,0.5398951,1308,1315,wikisource_vol1_ch6_letter38.txt,R. L. S,MR. AND MRS. THOMAS STEVENSON,DECEMBER 25 1883,DECEMBER,25.0,1883.0
PER,0.9962101,16,32,wikisource_vol1_ch6_letter39.txt,Thomas Stevenson,MRS. THOMAS STEVENSON,DECEMBER 30 1883,DECEMBER,30.0,1883.0
LOC,0.63951856,48,54,wikisource_vol1_ch6_letter39.txt,Hyeres,MRS. THOMAS STEVENSON,DECEMBER 30 1883,DECEMBER,30.0,1883.0
ORG,0.99634075,1037,1044,wikisource_vol1_ch6_letter39.txt,Lloyd ' s,MRS. THOMAS STEVENSON,DECEMBER 30 1883,DECEMBER,30.0,1883.0
PER,0.99974346,1247,1255,wikisource_vol1_ch6_letter39.txt,Smeoroch,MRS. THOMAS STEVENSON,DECEMBER 30 1883,DECEMBER,30.0,1883.0
PER,0.9995883,1455,1461,wikisource_vol1_ch6_letter39.txt,Martha,MRS. THOMAS STEVENSON,DECEMBER 30 1883,DECEMBER,30.0,1883.0
PER,0.999466,1463,1469,wikisource_vol1_ch6_letter39.txt,Martha,MRS. THOMAS STEVENSON,DECEMBER 30 1883,DECEMBER,30.0,1883.0
PER,0.9995844,1513,1517,wikisource_vol1_ch6_letter39.txt,Mary,MRS. THOMAS STEVENSON,DECEMBER 30 1883,DECEMBER,30.0,1883.0
PER,0.9997644,1820,1823,wikisource_vol1_ch6_letter39.txt,God,MRS. THOMAS STEVENSON,DECEMBER 30 1883,DECEMBER,30.0,1883.0
PER,0.9995635,1872,1879,wikisource_vol1_ch6_letter39.txt,Dullard,MRS. THOMAS STEVENSON,DECEMBER 30 1883,DECEMBER,30.0,1883.0
PER,0.99149626,16,48,wikisource_vol1_ch6_letter4.txt,Thomas Stevenson Campagne Defli,MRS. THOMAS STEVENSON,NOVEMBER 13 1882,NOVEMBER,13.0,1882.0
LOC,0.99921536,50,60,wikisource_vol1_ch6_letter4.txt,St. Marcel,MRS. THOMAS STEVENSON,NOVEMBER 13 1882,NOVEMBER,13.0,1882.0
LOC,0.99466217,62,83,wikisource_vol1_ch6_letter4.txt,Banlieue De Marseille,MRS. THOMAS STEVENSON,NOVEMBER 13 1882,NOVEMBER,13.0,1882.0
PER,0.9995271,242,247,wikisource_vol1_ch6_letter4.txt,Fanny,MRS. THOMAS STEVENSON,NOVEMBER 13 1882,NOVEMBER,13.0,1882.0
PER,0.9916901,689,697,wikisource_vol1_ch6_letter4.txt,Patience,MRS. THOMAS STEVENSON,NOVEMBER 13 1882,NOVEMBER,13.0,1882.0
LOC,0.9965685,1065,1076,wikisource_vol1_ch6_letter4.txt,Prestonpans,MRS. THOMAS STEVENSON,NOVEMBER 13 1882,NOVEMBER,13.0,1882.0
LOC,0.99943936,1171,1184,wikisource_vol1_ch6_letter4.txt,San Francisco,MRS. THOMAS STEVENSON,NOVEMBER 13 1882,NOVEMBER,13.0,1882.0
PER,0.97859585,1371,1376,wikisource_vol1_ch6_letter4.txt,Cummy,MRS. THOMAS STEVENSON,NOVEMBER 13 1882,NOVEMBER,13.0,1882.0
PER,0.9979697,1390,1395,wikisource_vol1_ch6_letter4.txt,Fanny,MRS. THOMAS STEVENSON,NOVEMBER 13 1882,NOVEMBER,13.0,1882.0
PER,0.9966639,1400,1413,wikisource_vol1_ch6_letter4.txt,Wogg. R. L. S,MRS. THOMAS STEVENSON,NOVEMBER 13 1882,NOVEMBER,13.0,1882.0
PER,0.9915453,24,40,wikisource_vol1_ch6_letter40.txt,Thomas Stevenson,MR. AND MRS. THOMAS STEVENSON,JANUARY 1 1884,JANUARY,1.0,1884.0
LOC,0.94615513,55,74,wikisource_vol1_ch6_letter40.txt,Hyeres - Les - Palmiers,MR. AND MRS. THOMAS STEVENSON,JANUARY 1 1884,JANUARY,1.0,1884.0
LOC,0.9995443,76,79,wikisource_vol1_ch6_letter40.txt,Var,MR. AND MRS. THOMAS STEVENSON,JANUARY 1 1884,JANUARY,1.0,1884.0
PER,0.799012,478,487,wikisource_vol1_ch6_letter40.txt,George Bo,MR. AND MRS. THOMAS STEVENSON,JANUARY 1 1884,JANUARY,1.0,1884.0
LOC,0.99579805,505,510,wikisource_vol1_ch6_letter40.txt,Wales,MR. AND MRS. THOMAS STEVENSON,JANUARY 1 1884,JANUARY,1.0,1884.0
LOC,0.793147,540,547,wikisource_vol1_ch6_letter40.txt,Holland,MR. AND MRS. THOMAS STEVENSON,JANUARY 1 1884,JANUARY,1.0,1884.0
LOC,0.5221485,765,769,wikisource_vol1_ch6_letter40.txt,Nice,MR. AND MRS. THOMAS STEVENSON,JANUARY 1 1884,JANUARY,1.0,1884.0
PER,0.87648845,825,829,wikisource_vol1_ch6_letter40.txt,Lord,MR. AND MRS. THOMAS STEVENSON,JANUARY 1 1884,JANUARY,1.0,1884.0
PER,0.9996946,1284,1287,wikisource_vol1_ch6_letter40.txt,God,MR. AND MRS. THOMAS STEVENSON,JANUARY 1 1884,JANUARY,1.0,1884.0
PER,0.9309401,1639,1643,wikisource_vol1_ch6_letter40.txt,John,MR. AND MRS. THOMAS STEVENSON,JANUARY 1 1884,JANUARY,1.0,1884.0
PER,0.9856278,1714,1718,wikisource_vol1_ch6_letter40.txt,John,MR. AND MRS. THOMAS STEVENSON,JANUARY 1 1884,JANUARY,1.0,1884.0
PER,0.979743,11,24,wikisource_vol1_ch6_letter41.txt,Sidney Colvin,SIDNEY COLVIN,MARCH 9 1884,MARCH,9.0,1884.0
LOC,0.9804192,39,58,wikisource_vol1_ch6_letter41.txt,Hyeres - Les - Palmiers,SIDNEY COLVIN,MARCH 9 1884,MARCH,9.0,1884.0
LOC,0.99979573,60,63,wikisource_vol1_ch6_letter41.txt,Var,SIDNEY COLVIN,MARCH 9 1884,MARCH,9.0,1884.0
PER,0.81204647,89,90,wikisource_vol1_ch6_letter41.txt,S,SIDNEY COLVIN,MARCH 9 1884,MARCH,9.0,1884.0
PER,0.8773774,92,93,wikisource_vol1_ch6_letter41.txt,C,SIDNEY COLVIN,MARCH 9 1884,MARCH,9.0,1884.0
PER,0.99899757,357,364,wikisource_vol1_ch6_letter41.txt,Grahame,SIDNEY COLVIN,MARCH 9 1884,MARCH,9.0,1884.0
PER,0.9995772,501,509,wikisource_vol1_ch6_letter41.txt,Wolseley,SIDNEY COLVIN,MARCH 9 1884,MARCH,9.0,1884.0
PER,0.99936444,514,521,wikisource_vol1_ch6_letter41.txt,Roberts,SIDNEY COLVIN,MARCH 9 1884,MARCH,9.0,1884.0
PER,0.9990011,540,545,wikisource_vol1_ch6_letter41.txt,Woods,SIDNEY COLVIN,MARCH 9 1884,MARCH,9.0,1884.0
PER,0.99206454,547,554,wikisource_vol1_ch6_letter41.txt,Stewart,SIDNEY COLVIN,MARCH 9 1884,MARCH,9.0,1884.0
PER,0.9865025,557,563,wikisource_vol1_ch6_letter41.txt,Alison,SIDNEY COLVIN,MARCH 9 1884,MARCH,9.0,1884.0
PER,0.9735249,566,574,wikisource_vol1_ch6_letter41.txt,Grahames,SIDNEY COLVIN,MARCH 9 1884,MARCH,9.0,1884.0
PER,0.99987566,657,661,wikisource_vol1_ch6_letter41.txt,Otto,SIDNEY COLVIN,MARCH 9 1884,MARCH,9.0,1884.0
PER,0.99159366,1680,1685,wikisource_vol1_ch6_letter41.txt,Mudie,SIDNEY COLVIN,MARCH 9 1884,MARCH,9.0,1884.0
PER,0.9993617,1894,1899,wikisource_vol1_ch6_letter41.txt,Fanny,SIDNEY COLVIN,MARCH 9 1884,MARCH,9.0,1884.0
PER,0.9907555,15,19,wikisource_vol1_ch6_letter42.txt,Dick,MR. DICK,MARCH 12 1884,MARCH,12.0,1884.0
LOC,0.9989698,34,40,wikisource_vol1_ch6_letter42.txt,Hyeres,MR. DICK,MARCH 12 1884,MARCH,12.0,1884.0
LOC,0.9995388,42,45,wikisource_vol1_ch6_letter42.txt,Var,MR. DICK,MARCH 12 1884,MARCH,12.0,1884.0
PER,0.9950068,76,80,wikisource_vol1_ch6_letter42.txt,Dick,MR. DICK,MARCH 12 1884,MARCH,12.0,1884.0
PER,0.995057,351,357,wikisource_vol1_ch6_letter42.txt,Murdie,MR. DICK,MARCH 12 1884,MARCH,12.0,1884.0
PER,0.9996568,995,1000,wikisource_vol1_ch6_letter42.txt,Bacon,MR. DICK,MARCH 12 1884,MARCH,12.0,1884.0
PER,0.99159884,1509,1514,wikisource_vol1_ch6_letter42.txt,Scott,MR. DICK,MARCH 12 1884,MARCH,12.0,1884.0
PER,0.9992822,1836,1842,wikisource_vol1_ch6_letter42.txt,Walter,MR. DICK,MARCH 12 1884,MARCH,12.0,1884.0
PER,0.99478674,11,26,wikisource_vol1_ch6_letter43.txt,Cosmo Monkhouse,COSMO MONKHOUSE,MARCH 16 1884,MARCH,16.0,1884.0
LOC,0.98561627,41,60,wikisource_vol1_ch6_letter43.txt,Hyeres - Les - Palmiers,COSMO MONKHOUSE,MARCH 16 1884,MARCH,16.0,1884.0
LOC,0.99982375,62,65,wikisource_vol1_ch6_letter43.txt,Var,COSMO MONKHOUSE,MARCH 16 1884,MARCH,16.0,1884.0
LOC,0.99948716,335,340,wikisource_vol1_ch6_letter43.txt,Dover,COSMO MONKHOUSE,MARCH 16 1884,MARCH,16.0,1884.0
LOC,0.9996136,545,550,wikisource_vol1_ch6_letter43.txt,Dover,COSMO MONKHOUSE,MARCH 16 1884,MARCH,16.0,1884.0
LOC,0.9996574,620,625,wikisource_vol1_ch6_letter43.txt,Dover,COSMO MONKHOUSE,MARCH 16 1884,MARCH,16.0,1884.0
LOC,0.9995839,889,896,wikisource_vol1_ch6_letter43.txt,Britain,COSMO MONKHOUSE,MARCH 16 1884,MARCH,16.0,1884.0
PER,0.99446404,1718,1727,wikisource_vol1_ch6_letter43.txt,Monkhouse,COSMO MONKHOUSE,MARCH 16 1884,MARCH,16.0,1884.0
PER,0.9993224,11,23,wikisource_vol1_ch6_letter44.txt,Edmund Gosse,EDMUND GOSSE,MARCH 17 1884,MARCH,17.0,1884.0
LOC,0.9884823,38,57,wikisource_vol1_ch6_letter44.txt,Hyeres - Les - Palmiers,EDMUND GOSSE,MARCH 17 1884,MARCH,17.0,1884.0
LOC,0.9998227,59,62,wikisource_vol1_ch6_letter44.txt,Var,EDMUND GOSSE,MARCH 17 1884,MARCH,17.0,1884.0
PER,0.9986118,88,93,wikisource_vol1_ch6_letter44.txt,Gosse,EDMUND GOSSE,MARCH 17 1884,MARCH,17.0,1884.0
PER,0.9407816,190,195,wikisource_vol1_ch6_letter44.txt,Pepys,EDMUND GOSSE,MARCH 17 1884,MARCH,17.0,1884.0
LOC,0.9742206,1125,1135,wikisource_vol1_ch6_letter44.txt,St. Paul ' s,EDMUND GOSSE,MARCH 17 1884,MARCH,17.0,1884.0
LOC,0.7310493,1178,1191,wikisource_vol1_ch6_letter44.txt,London Per Se,EDMUND GOSSE,MARCH 17 1884,MARCH,17.0,1884.0
LOC,0.92227966,1321,1333,wikisource_vol1_ch6_letter44.txt,Pater - Noster,EDMUND GOSSE,MARCH 17 1884,MARCH,17.0,1884.0
PER,0.9996325,1528,1531,wikisource_vol1_ch6_letter44.txt,God,EDMUND GOSSE,MARCH 17 1884,MARCH,17.0,1884.0
PER,0.90097326,16,23,wikisource_vol1_ch6_letter45.txt,Ferrier,MISS FERRIER,MARCH 22 1884,MARCH,22.0,1884.0
LOC,0.9953637,38,57,wikisource_vol1_ch6_letter45.txt,Hyeres - Les - Palmiers,MISS FERRIER,MARCH 22 1884,MARCH,22.0,1884.0
LOC,0.99984133,59,62,wikisource_vol1_ch6_letter45.txt,Var,MISS FERRIER,MARCH 22 1884,MARCH,22.0,1884.0
PER,0.98086816,95,102,wikisource_vol1_ch6_letter45.txt,Ferrier,MISS FERRIER,MARCH 22 1884,MARCH,22.0,1884.0
PER,0.897823,326,330,wikisource_vol1_ch6_letter45.txt,Burn,MISS FERRIER,MARCH 22 1884,MARCH,22.0,1884.0
LOC,0.9995907,562,566,wikisource_vol1_ch6_letter45.txt,East,MISS FERRIER,MARCH 22 1884,MARCH,22.0,1884.0
LOC,0.99933404,569,572,wikisource_vol1_ch6_letter45.txt,Var,MISS FERRIER,MARCH 22 1884,MARCH,22.0,1884.0
LOC,0.9998691,961,967,wikisource_vol1_ch6_letter45.txt,France,MISS FERRIER,MARCH 22 1884,MARCH,22.0,1884.0
PER,0.89574236,1271,1277,wikisource_vol1_ch6_letter45.txt,Kennst,MISS FERRIER,MARCH 22 1884,MARCH,22.0,1884.0
LOC,0.7775402,1281,1289,wikisource_vol1_ch6_letter45.txt,Das Land,MISS FERRIER,MARCH 22 1884,MARCH,22.0,1884.0
PER,0.99942774,1324,1346,wikisource_vol1_ch6_letter45.txt,Robert Louis Stevenson,MISS FERRIER,MARCH 22 1884,MARCH,22.0,1884.0
PER,0.9988316,11,20,wikisource_vol1_ch6_letter46.txt,W. H. Low,W. H. LOW,APRIL 1884,APRIL,,1884.0
LOC,0.9218747,35,54,wikisource_vol1_ch6_letter46.txt,Hyeres - Les - Palmiers,W. H. LOW,APRIL 1884,APRIL,,1884.0
LOC,0.9996301,56,59,wikisource_vol1_ch6_letter46.txt,Var,W. H. LOW,APRIL 1884,APRIL,,1884.0
LOC,0.9997135,273,280,wikisource_vol1_ch6_letter46.txt,England,W. H. LOW,APRIL 1884,APRIL,,1884.0
PER,0.9991472,371,374,wikisource_vol1_ch6_letter46.txt,Bob,W. H. LOW,APRIL 1884,APRIL,,1884.0
LOC,0.9618308,525,534,wikisource_vol1_ch6_letter46.txt,Manhattan,W. H. LOW,APRIL 1884,APRIL,,1884.0
LOC,0.85403824,777,786,wikisource_vol1_ch6_letter46.txt,Manhattan,W. H. LOW,APRIL 1884,APRIL,,1884.0
PER,0.6179744,788,795,wikisource_vol1_ch6_letter46.txt,Century,W. H. LOW,APRIL 1884,APRIL,,1884.0
PER,0.96553457,800,810,wikisource_vol1_ch6_letter46.txt,Lippincott,W. H. LOW,APRIL 1884,APRIL,,1884.0
PER,0.9967564,1084,1092,wikisource_vol1_ch6_letter46.txt,Cormoran,W. H. LOW,APRIL 1884,APRIL,,1884.0
PER,0.99086404,1094,1103,wikisource_vol1_ch6_letter46.txt,Gargantua,W. H. LOW,APRIL 1884,APRIL,,1884.0
PER,0.9961007,1108,1114,wikisource_vol1_ch6_letter46.txt,Nimrod,W. H. LOW,APRIL 1884,APRIL,,1884.0
PER,0.9191858,1149,1157,wikisource_vol1_ch6_letter46.txt,R. L. S.,W. H. LOW,APRIL 1884,APRIL,,1884.0
PER,0.99872196,11,27,wikisource_vol1_ch6_letter47.txt,Thomas Stevenson,THOMAS STEVENSON,APRIL 19 1884,APRIL,19.0,1884.0
PER,0.96620893,200,212,wikisource_vol1_ch6_letter47.txt,Miss Ferrier,THOMAS STEVENSON,APRIL 19 1884,APRIL,19.0,1884.0
ORG,0.7527703,543,550,wikisource_vol1_ch6_letter47.txt,Council,THOMAS STEVENSON,APRIL 19 1884,APRIL,19.0,1884.0
PER,0.98527414,642,649,wikisource_vol1_ch6_letter47.txt,Ferrier,THOMAS STEVENSON,APRIL 19 1884,APRIL,19.0,1884.0
LOC,0.99951637,991,998,wikisource_vol1_ch6_letter47.txt,America,THOMAS STEVENSON,APRIL 19 1884,APRIL,19.0,1884.0
PER,0.9910687,1076,1081,wikisource_vol1_ch6_letter47.txt,Davie,THOMAS STEVENSON,APRIL 19 1884,APRIL,19.0,1884.0
PER,0.99923974,1093,1106,wikisource_vol1_ch6_letter47.txt,Guy Mannering,THOMAS STEVENSON,APRIL 19 1884,APRIL,19.0,1884.0
PER,0.9995432,1108,1115,wikisource_vol1_ch6_letter47.txt,Rob Roy,THOMAS STEVENSON,APRIL 19 1884,APRIL,19.0,1884.0
PER,0.79737914,1164,1172,wikisource_vol1_ch6_letter47.txt,Waverley,THOMAS STEVENSON,APRIL 19 1884,APRIL,19.0,1884.0
PER,0.9994376,1183,1193,wikisource_vol1_ch6_letter47.txt,Kenilworth,THOMAS STEVENSON,APRIL 19 1884,APRIL,19.0,1884.0
PER,0.99835646,1206,1214,wikisource_vol1_ch6_letter47.txt,Waverley,THOMAS STEVENSON,APRIL 19 1884,APRIL,19.0,1884.0
PER,0.99932456,1216,1221,wikisource_vol1_ch6_letter47.txt,Nigel,THOMAS STEVENSON,APRIL 19 1884,APRIL,19.0,1884.0
PER,0.9997571,1232,1247,wikisource_vol1_ch6_letter47.txt,Quentin Durward,THOMAS STEVENSON,APRIL 19 1884,APRIL,19.0,1884.0
PER,0.9983911,1310,1318,wikisource_vol1_ch6_letter47.txt,Waverley,THOMAS STEVENSON,APRIL 19 1884,APRIL,19.0,1884.0
PER,0.99977154,1514,1519,wikisource_vol1_ch6_letter47.txt,Scott,THOMAS STEVENSON,APRIL 19 1884,APRIL,19.0,1884.0
PER,0.99701905,1599,1601,wikisource_vol1_ch6_letter47.txt,D.,THOMAS STEVENSON,APRIL 19 1884,APRIL,19.0,1884.0
PER,0.9996654,1643,1657,wikisource_vol1_ch6_letter47.txt,Patrick Walker,THOMAS STEVENSON,APRIL 19 1884,APRIL,19.0,1884.0
PER,0.98120886,1713,1719,wikisource_vol1_ch6_letter47.txt,Simson,THOMAS STEVENSON,APRIL 19 1884,APRIL,19.0,1884.0
PER,0.70645815,1737,1741,wikisource_vol1_ch6_letter47.txt,P. W,THOMAS STEVENSON,APRIL 19 1884,APRIL,19.0,1884.0
PER,0.99978787,1779,1786,wikisource_vol1_ch6_letter47.txt,Patrick,THOMAS STEVENSON,APRIL 19 1884,APRIL,19.0,1884.0
PER,0.9967371,1831,1833,wikisource_vol1_ch6_letter47.txt,D.,THOMAS STEVENSON,APRIL 19 1884,APRIL,19.0,1884.0
PER,0.9998266,1880,1885,wikisource_vol1_ch6_letter47.txt,Scott,THOMAS STEVENSON,APRIL 19 1884,APRIL,19.0,1884.0
PER,0.9946554,11,26,wikisource_vol1_ch6_letter48.txt,Cosmo Monkhouse,COSMO MONKHOUSE,APRIL 24 1884,APRIL,24.0,1884.0
LOC,0.9988303,41,47,wikisource_vol1_ch6_letter48.txt,Hyeres,COSMO MONKHOUSE,APRIL 24 1884,APRIL,24.0,1884.0
PER,0.8599821,76,81,wikisource_vol1_ch6_letter48.txt,##house,COSMO MONKHOUSE,APRIL 24 1884,APRIL,24.0,1884.0
PER,0.9968378,959,974,wikisource_vol1_ch6_letter48.txt,Cosmo Stevenson,COSMO MONKHOUSE,APRIL 24 1884,APRIL,24.0,1884.0
PER,0.9992092,983,998,wikisource_vol1_ch6_letter48.txt,R. L. Monkhouse,COSMO MONKHOUSE,APRIL 24 1884,APRIL,24.0,1884.0
LOC,0.9988971,1007,1013,wikisource_vol1_ch6_letter48.txt,Hyeres,COSMO MONKHOUSE,APRIL 24 1884,APRIL,24.0,1884.0
LOC,0.9996524,1020,1026,wikisource_vol1_ch6_letter48.txt,London,COSMO MONKHOUSE,APRIL 24 1884,APRIL,24.0,1884.0
LOC,0.99920624,1224,1230,wikisource_vol1_ch6_letter48.txt,London,COSMO MONKHOUSE,APRIL 24 1884,APRIL,24.0,1884.0
LOC,0.9589116,1515,1525,wikisource_vol1_ch6_letter48.txt,Corinthian,COSMO MONKHOUSE,APRIL 24 1884,APRIL,24.0,1884.0
PER,0.99516577,11,31,wikisource_vol1_ch6_letter49.txt,W. E. Henley Hyeres,W. E. HENLEY,MAY 1884,MAY,,1884.0
PER,0.9808869,98,104,wikisource_vol1_ch6_letter49.txt,Coggie,W. E. HENLEY,MAY 1884,MAY,,1884.0
PER,0.97495645,554,561,wikisource_vol1_ch6_letter49.txt,Moliere,W. E. HENLEY,MAY 1884,MAY,,1884.0
LOC,0.9925551,826,835,wikisource_vol1_ch6_letter49.txt,Carmosine,W. E. HENLEY,MAY 1884,MAY,,1884.0
LOC,0.8174763,843,851,wikisource_vol1_ch6_letter49.txt,Fantasio,W. E. HENLEY,MAY 1884,MAY,,1884.0
ORG,0.84309435,868,882,wikisource_vol1_ch6_letter49.txt,La Derniere Al,W. E. HENLEY,MAY 1884,MAY,,1884.0
PER,0.9995353,955,963,wikisource_vol1_ch6_letter49.txt,Meredith,W. E. HENLEY,MAY 1884,MAY,,1884.0
PER,0.99890447,975,979,wikisource_vol1_ch6_letter49.txt,Evan,W. E. HENLEY,MAY 1884,MAY,,1884.0
PER,0.9992077,1000,1004,wikisource_vol1_ch6_letter49.txt,Evan,W. E. HENLEY,MAY 1884,MAY,,1884.0
PER,0.9992866,1009,1013,wikisource_vol1_ch6_letter49.txt,Rose,W. E. HENLEY,MAY 1884,MAY,,1884.0
PER,0.9992398,1015,1020,wikisource_vol1_ch6_letter49.txt,Harry,W. E. HENLEY,MAY 1884,MAY,,1884.0
LOC,0.99931204,1024,1031,wikisource_vol1_ch6_letter49.txt,Germany,W. E. HENLEY,MAY 1884,MAY,,1884.0
PER,0.99869835,1121,1124,wikisource_vol1_ch6_letter49.txt,God,W. E. HENLEY,MAY 1884,MAY,,1884.0
PER,0.9866503,1776,1783,wikisource_vol1_ch6_letter49.txt,R. L. S,W. E. HENLEY,MAY 1884,MAY,,1884.0
PER,0.7956158,11,25,wikisource_vol1_ch6_letter5.txt,Charles Baxter,CHARLES BAXTER,JANUARY 12 1883,JANUARY,12.0,1883.0
LOC,0.71976733,27,38,wikisource_vol1_ch6_letter5.txt,Grand Hotel,CHARLES BAXTER,JANUARY 12 1883,JANUARY,12.0,1883.0
LOC,0.99921274,40,44,wikisource_vol1_ch6_letter5.txt,Nice,CHARLES BAXTER,JANUARY 12 1883,JANUARY,12.0,1883.0
PER,0.9981183,69,76,wikisource_vol1_ch6_letter5.txt,Charles,CHARLES BAXTER,JANUARY 12 1883,JANUARY,12.0,1883.0
PER,0.99948287,126,129,wikisource_vol1_ch6_letter5.txt,God,CHARLES BAXTER,JANUARY 12 1883,JANUARY,12.0,1883.0
PER,0.99741626,166,174,wikisource_vol1_ch6_letter5.txt,Stevison,CHARLES BAXTER,JANUARY 12 1883,JANUARY,12.0,1883.0
PER,0.8957499,324,332,wikisource_vol1_ch6_letter5.txt,Maecenas,CHARLES BAXTER,JANUARY 12 1883,JANUARY,12.0,1883.0
PER,0.99896157,371,377,wikisource_vol1_ch6_letter5.txt,Horace,CHARLES BAXTER,JANUARY 12 1883,JANUARY,12.0,1883.0
PER,0.9983535,447,453,wikisource_vol1_ch6_letter5.txt,Horace,CHARLES BAXTER,JANUARY 12 1883,JANUARY,12.0,1883.0
PER,0.9657161,499,501,wikisource_vol1_ch6_letter5.txt,St,CHARLES BAXTER,JANUARY 12 1883,JANUARY,12.0,1883.0
PER,0.99575657,641,649,wikisource_vol1_ch6_letter5.txt,Stevison,CHARLES BAXTER,JANUARY 12 1883,JANUARY,12.0,1883.0
PER,0.9989662,869,876,wikisource_vol1_ch6_letter5.txt,Johnson,CHARLES BAXTER,JANUARY 12 1883,JANUARY,12.0,1883.0
ORG,0.80043745,1169,1176,wikisource_vol1_ch6_letter5.txt,Liberys,CHARLES BAXTER,JANUARY 12 1883,JANUARY,12.0,1883.0
LOC,0.9933918,1200,1204,wikisource_vol1_ch6_letter5.txt,Nice,CHARLES BAXTER,JANUARY 12 1883,JANUARY,12.0,1883.0
LOC,0.96953154,1261,1266,wikisource_vol1_ch6_letter5.txt,Nesty,CHARLES BAXTER,JANUARY 12 1883,JANUARY,12.0,1883.0
LOC,0.9944282,1324,1327,wikisource_vol1_ch6_letter5.txt,Tay,CHARLES BAXTER,JANUARY 12 1883,JANUARY,12.0,1883.0
LOC,0.99806625,1331,1336,wikisource_vol1_ch6_letter5.txt,Perth,CHARLES BAXTER,JANUARY 12 1883,JANUARY,12.0,1883.0
LOC,0.99195707,1366,1374,wikisource_vol1_ch6_letter5.txt,Greenock,CHARLES BAXTER,JANUARY 12 1883,JANUARY,12.0,1883.0
LOC,0.9368529,1436,1446,wikisource_vol1_ch6_letter5.txt,Muttonhole,CHARLES BAXTER,JANUARY 12 1883,JANUARY,12.0,1883.0
PER,0.998877,1507,1514,wikisource_vol1_ch6_letter5.txt,Thomson,CHARLES BAXTER,JANUARY 12 1883,JANUARY,12.0,1883.0
PER,0.9996952,11,23,wikisource_vol1_ch6_letter50.txt,Edmund Gosse,EDMUND GOSSE,MAY 29 1884,MAY,29.0,1884.0
PER,0.99909675,57,62,wikisource_vol1_ch6_letter50.txt,Gosse,EDMUND GOSSE,MAY 29 1884,MAY,29.0,1884.0
ORG,0.96431214,82,94,wikisource_vol1_ch6_letter50.txt,Professorate,EDMUND GOSSE,MAY 29 1884,MAY,29.0,1884.0
PER,0.90184546,622,628,wikisource_vol1_ch6_letter50.txt,Gilder,EDMUND GOSSE,MAY 29 1884,MAY,29.0,1884.0
LOC,0.9403225,645,650,wikisource_vol1_ch6_letter50.txt,Rhone,EDMUND GOSSE,MAY 29 1884,MAY,29.0,1884.0
PER,0.9963015,969,976,wikisource_vol1_ch6_letter50.txt,R. L. S,EDMUND GOSSE,MAY 29 1884,MAY,29.0,1884.0
LOC,0.9986323,1003,1008,wikisource_vol1_ch6_letter50.txt,Royat,EDMUND GOSSE,MAY 29 1884,MAY,29.0,1884.0
PER,0.9975752,1103,1110,wikisource_vol1_ch6_letter50.txt,Ferrier,EDMUND GOSSE,MAY 29 1884,MAY,29.0,1884.0
PER,0.86247087,1155,1159,wikisource_vol1_ch6_letter50.txt,Viol,EDMUND GOSSE,MAY 29 1884,MAY,29.0,1884.0
PER,0.5358155,1166,1169,wikisource_vol1_ch6_letter50.txt,##ute,EDMUND GOSSE,MAY 29 1884,MAY,29.0,1884.0
PER,0.9376154,24,40,wikisource_vol1_ch6_letter51.txt,Thomas Stevenson,MR. AND MRS. THOMAS STEVENSON,JULY 1884,JULY,,1884.0
LOC,0.9986435,48,59,wikisource_vol1_ch6_letter51.txt,Chabassiere,MR. AND MRS. THOMAS STEVENSON,JULY 1884,JULY,,1884.0
LOC,0.9988917,61,66,wikisource_vol1_ch6_letter51.txt,Royat,MR. AND MRS. THOMAS STEVENSON,JULY 1884,JULY,,1884.0
LOC,0.99951935,423,432,wikisource_vol1_ch6_letter51.txt,Edinburgh,MR. AND MRS. THOMAS STEVENSON,JULY 1884,JULY,,1884.0
LOC,0.9986378,511,522,wikisource_vol1_ch6_letter51.txt,Howe Street,MR. AND MRS. THOMAS STEVENSON,JULY 1884,JULY,,1884.0
LOC,0.99807656,590,601,wikisource_vol1_ch6_letter51.txt,Howe Street,MR. AND MRS. THOMAS STEVENSON,JULY 1884,JULY,,1884.0
PER,0.99231845,637,649,wikisource_vol1_ch6_letter51.txt,Miss Graemes,MR. AND MRS. THOMAS STEVENSON,JULY 1884,JULY,,1884.0
LOC,0.9766715,1176,1183,wikisource_vol1_ch6_letter51.txt,Queen ' s,MR. AND MRS. THOMAS STEVENSON,JULY 1884,JULY,,1884.0
LOC,0.99686646,1188,1206,wikisource_vol1_ch6_letter51.txt,Frederick ' s Street,MR. AND MRS. THOMAS STEVENSON,JULY 1884,JULY,,1884.0
LOC,0.9387908,1528,1541,wikisource_vol1_ch6_letter51.txt,Chabassiere ' s,MR. AND MRS. THOMAS STEVENSON,JULY 1884,JULY,,1884.0
PER,0.9858193,1695,1700,wikisource_vol1_ch6_letter51.txt,Cummy,MR. AND MRS. THOMAS STEVENSON,JULY 1884,JULY,,1884.0
PER,0.99797094,1810,1817,wikisource_vol1_ch6_letter51.txt,R. L. S,MR. AND MRS. THOMAS STEVENSON,JULY 1884,JULY,,1884.0
PER,0.9997938,11,24,wikisource_vol1_ch6_letter52.txt,Sidney Colvin,SIDNEY COLVIN,JULY 1884,JULY,,1884.0
LOC,0.99685895,27,32,wikisource_vol1_ch6_letter52.txt,Royat,SIDNEY COLVIN,JULY 1884,JULY,,1884.0
PER,0.9973151,88,96,wikisource_vol1_ch6_letter52.txt,Robinson,SIDNEY COLVIN,JULY 1884,JULY,,1884.0
PER,0.6383388,106,110,wikisource_vol1_ch6_letter52.txt,Jack,SIDNEY COLVIN,JULY 1884,JULY,,1884.0
PER,0.9900005,112,125,wikisource_vol1_ch6_letter52.txt,Moll Flanders,SIDNEY COLVIN,JULY 1884,JULY,,1884.0
LOC,0.57128865,201,214,wikisource_vol1_ch6_letter52.txt,Scotch Church,SIDNEY COLVIN,JULY 1884,JULY,,1884.0
PER,0.99986553,252,257,wikisource_vol1_ch6_letter52.txt,Defoe,SIDNEY COLVIN,JULY 1884,JULY,,1884.0
LOC,0.9960122,314,326,wikisource_vol1_ch6_letter52.txt,Peterborough,SIDNEY COLVIN,JULY 1884,JULY,,1884.0
LOC,0.9997664,330,335,wikisource_vol1_ch6_letter52.txt,Spain,SIDNEY COLVIN,JULY 1884,JULY,,1884.0
PER,0.9998773,343,348,wikisource_vol1_ch6_letter52.txt,Defoe,SIDNEY COLVIN,JULY 1884,JULY,,1884.0
PER,0.99928516,438,443,wikisource_vol1_ch6_letter52.txt,B. J.,SIDNEY COLVIN,JULY 1884,JULY,,1884.0
ORG,0.55123776,489,497,wikisource_vol1_ch6_letter52.txt,Scottish,SIDNEY COLVIN,JULY 1884,JULY,,1884.0
LOC,0.68359643,498,504,wikisource_vol1_ch6_letter52.txt,Church,SIDNEY COLVIN,JULY 1884,JULY,,1884.0
PER,0.9088834,620,637,wikisource_vol1_ch6_letter52.txt,Captain Singleton,SIDNEY COLVIN,JULY 1884,JULY,,1884.0
LOC,0.9971435,672,687,wikisource_vol1_ch6_letter52.txt,Treasure Island,SIDNEY COLVIN,JULY 1884,JULY,,1884.0
PER,0.9967282,853,858,wikisource_vol1_ch6_letter52.txt,T. I.,SIDNEY COLVIN,JULY 1884,JULY,,1884.0
LOC,0.5990418,871,879,wikisource_vol1_ch6_letter52.txt,Kingsley,SIDNEY COLVIN,JULY 1884,JULY,,1884.0
PER,0.9267244,979,986,wikisource_vol1_ch6_letter52.txt,Johnson,SIDNEY COLVIN,JULY 1884,JULY,,1884.0
PER,0.9984139,1067,1071,wikisource_vol1_ch6_letter52.txt,Chic,SIDNEY COLVIN,JULY 1884,JULY,,1884.0
PER,0.9997387,1143,1158,wikisource_vol1_ch6_letter52.txt,R. L. Stevenson,SIDNEY COLVIN,JULY 1884,JULY,,1884.0
PER,0.842652,1178,1187,wikisource_vol1_ch6_letter52.txt,Singleton,SIDNEY COLVIN,JULY 1884,JULY,,1884.0
PER,0.999843,11,28,wikisource_vol1_ch6_letter6.txt,Alison Cunningham,ALISON CUNNINGHAM,FEBRUARY 1883,FEBRUARY,,1883.0
LOC,0.5769181,31,35,wikisource_vol1_ch6_letter6.txt,Nice,ALISON CUNNINGHAM,FEBRUARY 1883,FEBRUARY,,1883.0
LOC,0.98467606,395,399,wikisource_vol1_ch6_letter6.txt,Nice,ALISON CUNNINGHAM,FEBRUARY 1883,FEBRUARY,,1883.0
PER,0.99986506,716,733,wikisource_vol1_ch6_letter6.txt,Alison Cunningham,ALISON CUNNINGHAM,FEBRUARY 1883,FEBRUARY,,1883.0
PER,0.99978113,2039,2046,wikisource_vol1_ch6_letter6.txt,R. L. S,ALISON CUNNINGHAM,FEBRUARY 1883,FEBRUARY,,1883.0
PER,0.999032,11,23,wikisource_vol1_ch6_letter7.txt,W. E. Henley,W. E. HENLEY,MARCH 1883,MARCH,,1883.0
LOC,0.9875981,26,30,wikisource_vol1_ch6_letter7.txt,Nice,W. E. HENLEY,MARCH 1883,MARCH,,1883.0
PER,0.988081,1511,1516,wikisource_vol1_ch6_letter7.txt,Heine,W. E. HENLEY,MARCH 1883,MARCH,,1883.0
PER,0.93101835,16,32,wikisource_vol1_ch6_letter8.txt,Thomas Stevenson,MRS. THOMAS STEVENSON,MARCH 2 1883,MARCH,2.0,1883.0
LOC,0.92929274,40,53,wikisource_vol1_ch6_letter8.txt,Des Iles D ' Or,MRS. THOMAS STEVENSON,MARCH 2 1883,MARCH,2.0,1883.0
LOC,0.9993149,55,61,wikisource_vol1_ch6_letter8.txt,Hyeres,MRS. THOMAS STEVENSON,MARCH 2 1883,MARCH,2.0,1883.0
LOC,0.999861,63,66,wikisource_vol1_ch6_letter8.txt,Var,MRS. THOMAS STEVENSON,MARCH 2 1883,MARCH,2.0,1883.0
PER,0.9948398,209,214,wikisource_vol1_ch6_letter8.txt,Cummy,MRS. THOMAS STEVENSON,MARCH 2 1883,MARCH,2.0,1883.0
PER,0.9991043,365,370,wikisource_vol1_ch6_letter8.txt,Fanny,MRS. THOMAS STEVENSON,MARCH 2 1883,MARCH,2.0,1883.0
LOC,0.9911483,959,978,wikisource_vol1_ch6_letter8.txt,Hyeres - les - Palmiers,MRS. THOMAS STEVENSON,MARCH 2 1883,MARCH,2.0,1883.0
LOC,0.9998561,980,983,wikisource_vol1_ch6_letter8.txt,Var,MRS. THOMAS STEVENSON,MARCH 2 1883,MARCH,2.0,1883.0
PER,0.9992833,1385,1400,wikisource_vol1_ch6_letter8.txt,R. L. Stevenson,MRS. THOMAS STEVENSON,MARCH 2 1883,MARCH,2.0,1883.0
PER,0.94532,11,27,wikisource_vol1_ch6_letter9.txt,Thomas Stevenson,THOMAS STEVENSON,MARCH 17 1883,MARCH,17.0,1883.0
LOC,0.9215701,29,48,wikisource_vol1_ch6_letter9.txt,Hotel Des Iles D ' Or,THOMAS STEVENSON,MARCH 17 1883,MARCH,17.0,1883.0
LOC,0.9611767,93,111,wikisource_vol1_ch6_letter9.txt,Hyeres - Le - Palmiers,THOMAS STEVENSON,MARCH 17 1883,MARCH,17.0,1883.0
LOC,0.9996991,113,116,wikisource_vol1_ch6_letter9.txt,Var,THOMAS STEVENSON,MARCH 17 1883,MARCH,17.0,1883.0
LOC,0.9998764,118,124,wikisource_vol1_ch6_letter9.txt,France,THOMAS STEVENSON,MARCH 17 1883,MARCH,17.0,1883.0
LOC,0.99955,179,189,wikisource_vol1_ch6_letter9.txt,Eastbourne,THOMAS STEVENSON,MARCH 17 1883,MARCH,17.0,1883.0
PER,0.99976605,444,453,wikisource_vol1_ch6_letter9.txt,Cassandra,THOMAS STEVENSON,MARCH 17 1883,MARCH,17.0,1883.0
PER,0.999715,473,477,wikisource_vol1_ch6_letter9.txt,Wogg,THOMAS STEVENSON,MARCH 17 1883,MARCH,17.0,1883.0
PER,0.99977916,897,904,wikisource_vol1_ch6_letter9.txt,Dickens,THOMAS STEVENSON,MARCH 17 1883,MARCH,17.0,1883.0
PER,0.9997918,1509,1516,wikisource_vol1_ch6_letter9.txt,Dickens,THOMAS STEVENSON,MARCH 17 1883,MARCH,17.0,1883.0
PER,0.9997795,1952,1959,wikisource_vol1_ch6_letter9.txt,Dickens,THOMAS STEVENSON,MARCH 17 1883,MARCH,17.0,1883.0
PER,0.999055,25,41,wikisource_vol1_ch7_letter1.txt,Thomas Stevenson,MR. AND MRS. THOMAS STEVENSON,SEPTEMBER 28 1884,SEPTEMBER,28.0,1884.0
LOC,0.98824465,43,46,wikisource_vol1_ch7_letter1.txt,Wen,MR. AND MRS. THOMAS STEVENSON,SEPTEMBER 28 1884,SEPTEMBER,28.0,1884.0
PER,0.61606497,46,50,wikisource_vol1_ch7_letter1.txt,##sley,MR. AND MRS. THOMAS STEVENSON,SEPTEMBER 28 1884,SEPTEMBER,28.0,1884.0
LOC,0.78285795,50,54,wikisource_vol1_ch7_letter1.txt,##dale,MR. AND MRS. THOMAS STEVENSON,SEPTEMBER 28 1884,SEPTEMBER,28.0,1884.0
LOC,0.9987153,56,67,wikisource_vol1_ch7_letter1.txt,Bournemouth,MR. AND MRS. THOMAS STEVENSON,SEPTEMBER 28 1884,SEPTEMBER,28.0,1884.0
LOC,0.96565354,445,454,wikisource_vol1_ch7_letter1.txt,Old Harry,MR. AND MRS. THOMAS STEVENSON,SEPTEMBER 28 1884,SEPTEMBER,28.0,1884.0
ORG,0.8164135,497,503,wikisource_vol1_ch7_letter1.txt,Henley,MR. AND MRS. THOMAS STEVENSON,SEPTEMBER 28 1884,SEPTEMBER,28.0,1884.0
PER,0.9991749,621,628,wikisource_vol1_ch7_letter1.txt,R. L. S,MR. AND MRS. THOMAS STEVENSON,SEPTEMBER 28 1884,SEPTEMBER,28.0,1884.0
PER,0.99455214,11,35,wikisource_vol1_ch7_letter10.txt,Charles Baxter Postmark,CHARLES BAXTER,NOVEMBER 13 1884,NOVEMBER,13.0,1884.0
LOC,0.9995294,37,48,wikisource_vol1_ch7_letter10.txt,Bournemouth,CHARLES BAXTER,NOVEMBER 13 1884,NOVEMBER,13.0,1884.0
PER,0.99769384,78,85,wikisource_vol1_ch7_letter10.txt,Thomson,CHARLES BAXTER,NOVEMBER 13 1884,NOVEMBER,13.0,1884.0
PER,0.9996532,433,440,wikisource_vol1_ch7_letter10.txt,Thomson,CHARLES BAXTER,NOVEMBER 13 1884,NOVEMBER,13.0,1884.0
ORG,0.9900004,477,488,wikisource_vol1_ch7_letter10.txt,Proavidence,CHARLES BAXTER,NOVEMBER 13 1884,NOVEMBER,13.0,1884.0
ORG,0.99113846,545,556,wikisource_vol1_ch7_letter10.txt,Proavidence,CHARLES BAXTER,NOVEMBER 13 1884,NOVEMBER,13.0,1884.0
ORG,0.9580596,593,604,wikisource_vol1_ch7_letter10.txt,Proavidence,CHARLES BAXTER,NOVEMBER 13 1884,NOVEMBER,13.0,1884.0
ORG,0.9944853,645,656,wikisource_vol1_ch7_letter10.txt,Proavidence,CHARLES BAXTER,NOVEMBER 13 1884,NOVEMBER,13.0,1884.0
ORG,0.9953816,703,714,wikisource_vol1_ch7_letter10.txt,Proavidence,CHARLES BAXTER,NOVEMBER 13 1884,NOVEMBER,13.0,1884.0
LOC,0.9810591,898,918,wikisource_vol1_ch7_letter10.txt,Hole - And - Corner Wark,CHARLES BAXTER,NOVEMBER 13 1884,NOVEMBER,13.0,1884.0
ORG,0.99800056,977,988,wikisource_vol1_ch7_letter10.txt,Proavidence,CHARLES BAXTER,NOVEMBER 13 1884,NOVEMBER,13.0,1884.0
PER,0.9542505,16,40,wikisource_vol1_ch7_letter11.txt,Ferrier Bonallie Towers,MISS FERRIER,NOVEMBER 12 1884,NOVEMBER,12.0,1884.0
LOC,0.9976876,42,53,wikisource_vol1_ch7_letter11.txt,Bournemouth,MISS FERRIER,NOVEMBER 12 1884,NOVEMBER,12.0,1884.0
LOC,0.99875486,187,196,wikisource_vol1_ch7_letter11.txt,Bell Rock,MISS FERRIER,NOVEMBER 12 1884,NOVEMBER,12.0,1884.0
ORG,0.61179274,355,360,wikisource_vol1_ch7_letter11.txt,Te De,MISS FERRIER,NOVEMBER 12 1884,NOVEMBER,12.0,1884.0
PER,0.9973036,429,437,wikisource_vol1_ch7_letter11.txt,Campbell,MISS FERRIER,NOVEMBER 12 1884,NOVEMBER,12.0,1884.0
PER,0.993177,1149,1158,wikisource_vol1_ch7_letter11.txt,Perfessor,MISS FERRIER,NOVEMBER 12 1884,NOVEMBER,12.0,1884.0
PER,0.99822706,1181,1191,wikisource_vol1_ch7_letter11.txt,Prinshiple,MISS FERRIER,NOVEMBER 12 1884,NOVEMBER,12.0,1884.0
LOC,0.9965288,1201,1210,wikisource_vol1_ch7_letter11.txt,Bell Rock,MISS FERRIER,NOVEMBER 12 1884,NOVEMBER,12.0,1884.0
PER,0.9976764,1267,1274,wikisource_vol1_ch7_letter11.txt,R. L. S,MISS FERRIER,NOVEMBER 12 1884,NOVEMBER,12.0,1884.0
PER,0.99972165,11,23,wikisource_vol1_ch7_letter12.txt,Edmund Gosse,EDMUND GOSSE,NOVEMBER 15 1884,NOVEMBER,15.0,1884.0
LOC,0.92837214,25,40,wikisource_vol1_ch7_letter12.txt,Bonallie Towers,EDMUND GOSSE,NOVEMBER 15 1884,NOVEMBER,15.0,1884.0
LOC,0.9974547,42,56,wikisource_vol1_ch7_letter12.txt,Branksome Park,EDMUND GOSSE,NOVEMBER 15 1884,NOVEMBER,15.0,1884.0
LOC,0.9991796,58,69,wikisource_vol1_ch7_letter12.txt,Bournemouth,EDMUND GOSSE,NOVEMBER 15 1884,NOVEMBER,15.0,1884.0
PER,0.99954695,94,99,wikisource_vol1_ch7_letter12.txt,Gosse,EDMUND GOSSE,NOVEMBER 15 1884,NOVEMBER,15.0,1884.0
PER,0.9996692,112,118,wikisource_vol1_ch7_letter12.txt,Morley,EDMUND GOSSE,NOVEMBER 15 1884,NOVEMBER,15.0,1884.0
LOC,0.99948007,261,270,wikisource_vol1_ch7_letter12.txt,Gladstone,EDMUND GOSSE,NOVEMBER 15 1884,NOVEMBER,15.0,1884.0
LOC,0.9995555,289,293,wikisource_vol1_ch7_letter12.txt,Troy,EDMUND GOSSE,NOVEMBER 15 1884,NOVEMBER,15.0,1884.0
PER,0.9997645,560,577,wikisource_vol1_ch7_letter12.txt,Frank R. Stockton,EDMUND GOSSE,NOVEMBER 15 1884,NOVEMBER,15.0,1884.0
PER,0.9032522,632,640,wikisource_vol1_ch7_letter12.txt,Stockton,EDMUND GOSSE,NOVEMBER 15 1884,NOVEMBER,15.0,1884.0
PER,0.5231912,721,723,wikisource_vol1_ch7_letter12.txt,Hy,EDMUND GOSSE,NOVEMBER 15 1884,NOVEMBER,15.0,1884.0
LOC,0.9988586,829,838,wikisource_vol1_ch7_letter12.txt,Cambridge,EDMUND GOSSE,NOVEMBER 15 1884,NOVEMBER,15.0,1884.0
LOC,0.72268957,886,891,wikisource_vol1_ch7_letter12.txt,Green,EDMUND GOSSE,NOVEMBER 15 1884,NOVEMBER,15.0,1884.0
PER,0.6721679,892,896,wikisource_vol1_ch7_letter12.txt,Corn,EDMUND GOSSE,NOVEMBER 15 1884,NOVEMBER,15.0,1884.0
PER,0.99984413,1031,1053,wikisource_vol1_ch7_letter12.txt,Robert Louis Stevenson,EDMUND GOSSE,NOVEMBER 15 1884,NOVEMBER,15.0,1884.0
PER,0.99663025,11,24,wikisource_vol1_ch7_letter13.txt,Austin Dobson,AUSTIN DOBSON,DECEMBER 1884,DECEMBER,,1884.0
LOC,0.6419547,26,32,wikisource_vol1_ch7_letter13.txt,Bonall,AUSTIN DOBSON,DECEMBER 1884,DECEMBER,,1884.0
PER,0.6873154,32,41,wikisource_vol1_ch7_letter13.txt,##ie Towers,AUSTIN DOBSON,DECEMBER 1884,DECEMBER,,1884.0
LOC,0.99712515,43,54,wikisource_vol1_ch7_letter13.txt,Bournemouth,AUSTIN DOBSON,DECEMBER 1884,DECEMBER,,1884.0
PER,0.98801184,78,84,wikisource_vol1_ch7_letter13.txt,Dobson,AUSTIN DOBSON,DECEMBER 1884,DECEMBER,,1884.0
PER,0.8011377,564,570,wikisource_vol1_ch7_letter13.txt,Esther,AUSTIN DOBSON,DECEMBER 1884,DECEMBER,,1884.0
PER,0.9997,1447,1469,wikisource_vol1_ch7_letter13.txt,Robert Louis Stevenson,AUSTIN DOBSON,DECEMBER 1884,DECEMBER,,1884.0
PER,0.9653161,11,39,wikisource_vol1_ch7_letter14.txt,Henry James Bonallie Towers,HENRY JAMES,DECEMBER 8 1884,DECEMBER,8.0,1884.0
LOC,0.9963389,41,55,wikisource_vol1_ch7_letter14.txt,Branksome Park,HENRY JAMES,DECEMBER 8 1884,DECEMBER,8.0,1884.0
LOC,0.9990412,57,68,wikisource_vol1_ch7_letter14.txt,Bournemouth,HENRY JAMES,DECEMBER 8 1884,DECEMBER,8.0,1884.0
PER,0.9997654,96,107,wikisource_vol1_ch7_letter14.txt,Henry James,HENRY JAMES,DECEMBER 8 1884,DECEMBER,8.0,1884.0
PER,0.9997495,563,574,wikisource_vol1_ch7_letter14.txt,Shakespeare,HENRY JAMES,DECEMBER 8 1884,DECEMBER,8.0,1884.0
PER,0.60028106,1809,1823,wikisource_vol1_ch7_letter14.txt,Lady Barberina,HENRY JAMES,DECEMBER 8 1884,DECEMBER,8.0,1884.0
PER,0.9993896,24,40,wikisource_vol1_ch7_letter15.txt,Thomas Stevenson,MR. AND MRS. THOMAS STEVENSON,DECEMBER 9 1884,DECEMBER,9.0,1884.0
LOC,0.98004043,42,57,wikisource_vol1_ch7_letter15.txt,Bonallie Towers,MR. AND MRS. THOMAS STEVENSON,DECEMBER 9 1884,DECEMBER,9.0,1884.0
LOC,0.9992337,59,70,wikisource_vol1_ch7_letter15.txt,Bournemouth,MR. AND MRS. THOMAS STEVENSON,DECEMBER 9 1884,DECEMBER,9.0,1884.0
LOC,0.9933324,136,145,wikisource_vol1_ch7_letter15.txt,Pall Mall,MR. AND MRS. THOMAS STEVENSON,DECEMBER 9 1884,DECEMBER,9.0,1884.0
PER,0.9976261,339,347,wikisource_vol1_ch7_letter15.txt,Kinnaird,MR. AND MRS. THOMAS STEVENSON,DECEMBER 9 1884,DECEMBER,9.0,1884.0
PER,0.9882806,410,419,wikisource_vol1_ch7_letter15.txt,Montaigne,MR. AND MRS. THOMAS STEVENSON,DECEMBER 9 1884,DECEMBER,9.0,1884.0
PER,0.99571663,464,470,wikisource_vol1_ch7_letter15.txt,Milton,MR. AND MRS. THOMAS STEVENSON,DECEMBER 9 1884,DECEMBER,9.0,1884.0
PER,0.9132558,508,519,wikisource_vol1_ch7_letter15.txt,Shakespeare,MR. AND MRS. THOMAS STEVENSON,DECEMBER 9 1884,DECEMBER,9.0,1884.0
PER,0.9995532,525,534,wikisource_vol1_ch7_letter15.txt,Babington,MR. AND MRS. THOMAS STEVENSON,DECEMBER 9 1884,DECEMBER,9.0,1884.0
PER,0.9951864,567,574,wikisource_vol1_ch7_letter15.txt,Hazlitt,MR. AND MRS. THOMAS STEVENSON,DECEMBER 9 1884,DECEMBER,9.0,1884.0
PER,0.9991129,646,653,wikisource_vol1_ch7_letter15.txt,Douglas,MR. AND MRS. THOMAS STEVENSON,DECEMBER 9 1884,DECEMBER,9.0,1884.0
PER,0.9962499,658,664,wikisource_vol1_ch7_letter15.txt,Foulis,MR. AND MRS. THOMAS STEVENSON,DECEMBER 9 1884,DECEMBER,9.0,1884.0
PER,0.97576535,718,726,wikisource_vol1_ch7_letter15.txt,Napoleon,MR. AND MRS. THOMAS STEVENSON,DECEMBER 9 1884,DECEMBER,9.0,1884.0
PER,0.7886353,739,747,wikisource_vol1_ch7_letter15.txt,Henry Iv,MR. AND MRS. THOMAS STEVENSON,DECEMBER 9 1884,DECEMBER,9.0,1884.0
PER,0.88367987,750,754,wikisource_vol1_ch7_letter15.txt,Lang,MR. AND MRS. THOMAS STEVENSON,DECEMBER 9 1884,DECEMBER,9.0,1884.0
PER,0.9997588,818,829,wikisource_vol1_ch7_letter15.txt,Henry James,MR. AND MRS. THOMAS STEVENSON,DECEMBER 9 1884,DECEMBER,9.0,1884.0
ORG,0.9910294,839,846,wikisource_vol1_ch7_letter15.txt,Longman,MR. AND MRS. THOMAS STEVENSON,DECEMBER 9 1884,DECEMBER,9.0,1884.0
PER,0.9986278,1581,1586,wikisource_vol1_ch7_letter15.txt,Fanny,MR. AND MRS. THOMAS STEVENSON,DECEMBER 9 1884,DECEMBER,9.0,1884.0
PER,0.9543718,1610,1615,wikisource_vol1_ch7_letter15.txt,Bogue,MR. AND MRS. THOMAS STEVENSON,DECEMBER 9 1884,DECEMBER,9.0,1884.0
PER,0.9992639,1702,1709,wikisource_vol1_ch7_letter15.txt,R. L. S,MR. AND MRS. THOMAS STEVENSON,DECEMBER 9 1884,DECEMBER,9.0,1884.0
PER,0.98384583,11,23,wikisource_vol1_ch7_letter16.txt,W. E. Henley,W. E. HENLEY,DECEMBER 1884,DECEMBER,,1884.0
ORG,0.6838317,25,40,wikisource_vol1_ch7_letter16.txt,Bonallie Towers,W. E. HENLEY,DECEMBER 1884,DECEMBER,,1884.0
LOC,0.9977833,42,53,wikisource_vol1_ch7_letter16.txt,Bournemouth,W. E. HENLEY,DECEMBER 1884,DECEMBER,,1884.0
ORG,0.53767973,662,666,wikisource_vol1_ch7_letter16.txt,Pepy,W. E. HENLEY,DECEMBER 1884,DECEMBER,,1884.0
PER,0.9986621,898,901,wikisource_vol1_ch7_letter16.txt,God,W. E. HENLEY,DECEMBER 1884,DECEMBER,,1884.0
ORG,0.8628653,1381,1385,wikisource_vol1_ch7_letter16.txt,Beam,W. E. HENLEY,DECEMBER 1884,DECEMBER,,1884.0
PER,0.82184184,1442,1447,wikisource_vol1_ch7_letter16.txt,Satan,W. E. HENLEY,DECEMBER 1884,DECEMBER,,1884.0
ORG,0.9577037,1796,1815,wikisource_vol1_ch7_letter16.txt,The Roaring R. L. S,W. E. HENLEY,DECEMBER 1884,DECEMBER,,1884.0
PER,0.867378,11,40,wikisource_vol1_ch7_letter17.txt,W. E. Henley Bonallie Towers,W. E. HENLEY,WINTER 1884,WINTER,,1884.0
LOC,0.9955861,42,53,wikisource_vol1_ch7_letter17.txt,Bournemouth,W. E. HENLEY,WINTER 1884,WINTER,,1884.0
PER,0.99981886,290,295,wikisource_vol1_ch7_letter17.txt,Bogue,W. E. HENLEY,WINTER 1884,WINTER,,1884.0
PER,0.99980426,469,474,wikisource_vol1_ch7_letter17.txt,Bogue,W. E. HENLEY,WINTER 1884,WINTER,,1884.0
PER,0.9998231,513,518,wikisource_vol1_ch7_letter17.txt,Bogue,W. E. HENLEY,WINTER 1884,WINTER,,1884.0
PER,0.99953073,1007,1012,wikisource_vol1_ch7_letter17.txt,S. C.,W. E. HENLEY,WINTER 1884,WINTER,,1884.0
PER,0.9997584,1039,1044,wikisource_vol1_ch7_letter17.txt,James,W. E. HENLEY,WINTER 1884,WINTER,,1884.0
PER,0.99978775,1087,1094,wikisource_vol1_ch7_letter17.txt,Johnnie,W. E. HENLEY,WINTER 1884,WINTER,,1884.0
PER,0.99926215,1381,1388,wikisource_vol1_ch7_letter17.txt,R. L. S,W. E. HENLEY,WINTER 1884,WINTER,,1884.0
PER,0.999317,11,22,wikisource_vol1_ch7_letter18.txt,H. A. Jones,H. A. JONES,DECEMBER 30 1884,DECEMBER,30.0,1884.0
LOC,0.97903574,24,39,wikisource_vol1_ch7_letter18.txt,Bonallie Towers,H. A. JONES,DECEMBER 30 1884,DECEMBER,30.0,1884.0
LOC,0.99809897,41,55,wikisource_vol1_ch7_letter18.txt,Branksome Park,H. A. JONES,DECEMBER 30 1884,DECEMBER,30.0,1884.0
LOC,0.99933696,57,68,wikisource_vol1_ch7_letter18.txt,Bournemouth,H. A. JONES,DECEMBER 30 1884,DECEMBER,30.0,1884.0
PER,0.999846,272,277,wikisource_vol1_ch7_letter18.txt,James,H. A. JONES,DECEMBER 30 1884,DECEMBER,30.0,1884.0
ORG,0.6900141,295,302,wikisource_vol1_ch7_letter18.txt,Longman,H. A. JONES,DECEMBER 30 1884,DECEMBER,30.0,1884.0
PER,0.99968934,574,596,wikisource_vol1_ch7_letter18.txt,Robert Louis Stevenson,H. A. JONES,DECEMBER 30 1884,DECEMBER,30.0,1884.0
PER,0.96831065,11,41,wikisource_vol1_ch7_letter19.txt,Sidney Colvin Bonallie Towers,SIDNEY COLVIN,JANUARY 4 1885,JANUARY,4.0,1885.0
LOC,0.9913129,43,57,wikisource_vol1_ch7_letter19.txt,Branksome Park,SIDNEY COLVIN,JANUARY 4 1885,JANUARY,4.0,1885.0
LOC,0.9977371,59,70,wikisource_vol1_ch7_letter19.txt,Bournemouth,SIDNEY COLVIN,JANUARY 4 1885,JANUARY,4.0,1885.0
PER,0.93848217,91,96,wikisource_vol1_ch7_letter19.txt,S. C.,SIDNEY COLVIN,JANUARY 4 1885,JANUARY,4.0,1885.0
PER,0.5198781,157,161,wikisource_vol1_ch7_letter19.txt,Iron,SIDNEY COLVIN,JANUARY 4 1885,JANUARY,4.0,1885.0
ORG,0.9877237,288,295,wikisource_vol1_ch7_letter19.txt,Longman,SIDNEY COLVIN,JANUARY 4 1885,JANUARY,4.0,1885.0
PER,0.9995031,326,333,wikisource_vol1_ch7_letter19.txt,A. Lang,SIDNEY COLVIN,JANUARY 4 1885,JANUARY,4.0,1885.0
ORG,0.97765636,395,405,wikisource_vol1_ch7_letter19.txt,Despatches,SIDNEY COLVIN,JANUARY 4 1885,JANUARY,4.0,1885.0
PER,0.9393237,533,537,wikisource_vol1_ch7_letter19.txt,Bain,SIDNEY COLVIN,JANUARY 4 1885,JANUARY,4.0,1885.0
PER,0.98140633,884,891,wikisource_vol1_ch7_letter19.txt,Marmont,SIDNEY COLVIN,JANUARY 4 1885,JANUARY,4.0,1885.0
LOC,0.55476826,897,901,wikisource_vol1_ch7_letter19.txt,Mare,SIDNEY COLVIN,JANUARY 4 1885,JANUARY,4.0,1885.0
PER,0.8963935,901,905,wikisource_vol1_ch7_letter19.txt,##chal,SIDNEY COLVIN,JANUARY 4 1885,JANUARY,4.0,1885.0
PER,0.9898813,908,915,wikisource_vol1_ch7_letter19.txt,Marmont,SIDNEY COLVIN,JANUARY 4 1885,JANUARY,4.0,1885.0
PER,0.98321086,927,935,wikisource_vol1_ch7_letter19.txt,Greville,SIDNEY COLVIN,JANUARY 4 1885,JANUARY,4.0,1885.0
PER,0.97120696,947,951,wikisource_vol1_ch7_letter19.txt,Peel,SIDNEY COLVIN,JANUARY 4 1885,JANUARY,4.0,1885.0
PER,0.987457,963,969,wikisource_vol1_ch7_letter19.txt,Napier,SIDNEY COLVIN,JANUARY 4 1885,JANUARY,4.0,1885.0
LOC,0.9994073,999,1006,wikisource_vol1_ch7_letter19.txt,England,SIDNEY COLVIN,JANUARY 4 1885,JANUARY,4.0,1885.0
PER,0.92215335,1025,1031,wikisource_vol1_ch7_letter19.txt,Hamley,SIDNEY COLVIN,JANUARY 4 1885,JANUARY,4.0,1885.0
LOC,0.79168284,1034,1042,wikisource_vol1_ch7_letter19.txt,Waterloo,SIDNEY COLVIN,JANUARY 4 1885,JANUARY,4.0,1885.0
PER,0.75821334,1073,1079,wikisource_vol1_ch7_letter19.txt,Thiers,SIDNEY COLVIN,JANUARY 4 1885,JANUARY,4.0,1885.0
PER,0.77711666,1086,1092,wikisource_vol1_ch7_letter19.txt,Thiers,SIDNEY COLVIN,JANUARY 4 1885,JANUARY,4.0,1885.0
PER,0.9992545,1348,1351,wikisource_vol1_ch7_letter19.txt,God,SIDNEY COLVIN,JANUARY 4 1885,JANUARY,4.0,1885.0
PER,0.9988801,1404,1420,wikisource_vol1_ch7_letter19.txt,Arthur Wellesley,SIDNEY COLVIN,JANUARY 4 1885,JANUARY,4.0,1885.0
PER,0.99924517,1479,1494,wikisource_vol1_ch7_letter19.txt,R. L. Stevenson,SIDNEY COLVIN,JANUARY 4 1885,JANUARY,4.0,1885.0
PER,0.9990382,11,23,wikisource_vol1_ch7_letter2.txt,W. E. Henley,W. E. HENLEY,OCTOBER 1884,OCTOBER,,1884.0
LOC,0.9958392,26,37,wikisource_vol1_ch7_letter2.txt,Wensleydale,W. E. HENLEY,OCTOBER 1884,OCTOBER,,1884.0
LOC,0.9992678,39,50,wikisource_vol1_ch7_letter2.txt,Bournemouth,W. E. HENLEY,OCTOBER 1884,OCTOBER,,1884.0
LOC,0.99984634,1223,1229,wikisource_vol1_ch7_letter2.txt,Norway,W. E. HENLEY,OCTOBER 1884,OCTOBER,,1884.0
LOC,0.9998671,1251,1257,wikisource_vol1_ch7_letter2.txt,Indies,W. E. HENLEY,OCTOBER 1884,OCTOBER,,1884.0
PER,0.9920764,1720,1725,wikisource_vol1_ch7_letter2.txt,Dumas,W. E. HENLEY,OCTOBER 1884,OCTOBER,,1884.0
PER,0.9996462,1761,1766,wikisource_vol1_ch7_letter2.txt,Scott,W. E. HENLEY,OCTOBER 1884,OCTOBER,,1884.0
LOC,0.996824,1878,1893,wikisource_vol1_ch7_letter2.txt,Treasure Island,W. E. HENLEY,OCTOBER 1884,OCTOBER,,1884.0
PER,0.9990052,11,27,wikisource_vol1_ch7_letter20.txt,Thomas Stevenson,THOMAS STEVENSON,JANUARY 14 1885,JANUARY,14.0,1885.0
LOC,0.99938655,30,45,wikisource_vol1_ch7_letter20.txt,Bonallie Towers,THOMAS STEVENSON,JANUARY 14 1885,JANUARY,14.0,1885.0
LOC,0.9994439,47,58,wikisource_vol1_ch7_letter20.txt,Bournemouth,THOMAS STEVENSON,JANUARY 14 1885,JANUARY,14.0,1885.0
PER,0.9997876,244,248,wikisource_vol1_ch7_letter20.txt,Dick,THOMAS STEVENSON,JANUARY 14 1885,JANUARY,14.0,1885.0
PER,0.99990547,1042,1049,wikisource_vol1_ch7_letter20.txt,Carlyle,THOMAS STEVENSON,JANUARY 14 1885,JANUARY,14.0,1885.0
PER,0.99979407,1322,1325,wikisource_vol1_ch7_letter20.txt,God,THOMAS STEVENSON,JANUARY 14 1885,JANUARY,14.0,1885.0
PER,0.99978906,1761,1768,wikisource_vol1_ch7_letter20.txt,R. L. S,THOMAS STEVENSON,JANUARY 14 1885,JANUARY,14.0,1885.0
PER,0.9924865,11,41,wikisource_vol1_ch7_letter21.txt,Sidney Colvin Bonallie Towers,SIDNEY COLVIN,JANUARY 1885,JANUARY,,1885.0
LOC,0.99711776,43,54,wikisource_vol1_ch7_letter21.txt,Bournemouth,SIDNEY COLVIN,JANUARY 1885,JANUARY,,1885.0
PER,0.9306058,75,79,wikisource_vol1_ch7_letter21.txt,S. C,SIDNEY COLVIN,JANUARY 1885,JANUARY,,1885.0
PER,0.99017173,117,125,wikisource_vol1_ch7_letter21.txt,G. O. M.,SIDNEY COLVIN,JANUARY 1885,JANUARY,,1885.0
PER,0.5082814,132,135,wikisource_vol1_ch7_letter21.txt,##pos,SIDNEY COLVIN,JANUARY 1885,JANUARY,,1885.0
LOC,0.721895,139,149,wikisource_vol1_ch7_letter21.txt,Wellington,SIDNEY COLVIN,JANUARY 1885,JANUARY,,1885.0
LOC,0.9996866,468,475,wikisource_vol1_ch7_letter21.txt,England,SIDNEY COLVIN,JANUARY 1885,JANUARY,,1885.0
PER,0.76666176,969,977,wikisource_vol1_ch7_letter21.txt,Belabour,SIDNEY COLVIN,JANUARY 1885,JANUARY,,1885.0
PER,0.9983838,1587,1594,wikisource_vol1_ch7_letter21.txt,R. L. S,SIDNEY COLVIN,JANUARY 1885,JANUARY,,1885.0
PER,0.9896024,11,41,wikisource_vol1_ch7_letter22.txt,Sidney Colvin Bonallie Towers,SIDNEY COLVIN,FEBRUARY 1885,FEBRUARY,,1885.0
LOC,0.9970834,43,54,wikisource_vol1_ch7_letter22.txt,Bournemouth,SIDNEY COLVIN,FEBRUARY 1885,FEBRUARY,,1885.0
PER,0.68587184,82,85,wikisource_vol1_ch7_letter22.txt,##vin,SIDNEY COLVIN,FEBRUARY 1885,FEBRUARY,,1885.0
LOC,0.9997093,267,274,wikisource_vol1_ch7_letter22.txt,England,SIDNEY COLVIN,FEBRUARY 1885,FEBRUARY,,1885.0
ORG,0.88724923,490,494,wikisource_vol1_ch7_letter22.txt,G. O,SIDNEY COLVIN,FEBRUARY 1885,FEBRUARY,,1885.0
ORG,0.79757196,496,497,wikisource_vol1_ch7_letter22.txt,M,SIDNEY COLVIN,FEBRUARY 1885,FEBRUARY,,1885.0
PER,0.9997379,596,599,wikisource_vol1_ch7_letter22.txt,God,SIDNEY COLVIN,FEBRUARY 1885,FEBRUARY,,1885.0
PER,0.99028796,11,24,wikisource_vol1_ch7_letter23.txt,J. A. Symonds,J. A. SYMONDS,FEBRUARY 1885,FEBRUARY,,1885.0
LOC,0.998981,26,37,wikisource_vol1_ch7_letter23.txt,Bournemouth,J. A. SYMONDS,FEBRUARY 1885,FEBRUARY,,1885.0
PER,0.8543024,446,450,wikisource_vol1_ch7_letter23.txt,Nice,J. A. SYMONDS,FEBRUARY 1885,FEBRUARY,,1885.0
PER,0.99667144,455,461,wikisource_vol1_ch7_letter23.txt,Hyeres,J. A. SYMONDS,FEBRUARY 1885,FEBRUARY,,1885.0
PER,0.9974954,745,751,wikisource_vol1_ch7_letter23.txt,Charon,J. A. SYMONDS,FEBRUARY 1885,FEBRUARY,,1885.0
PER,0.99189645,920,924,wikisource_vol1_ch7_letter23.txt,Otto,J. A. SYMONDS,FEBRUARY 1885,FEBRUARY,,1885.0
LOC,0.9997389,1025,1035,wikisource_vol1_ch7_letter23.txt,Wellington,J. A. SYMONDS,FEBRUARY 1885,FEBRUARY,,1885.0
LOC,0.9224737,1065,1081,wikisource_vol1_ch7_letter23.txt,Great North Road,J. A. SYMONDS,FEBRUARY 1885,FEBRUARY,,1885.0
PER,0.99934393,1097,1102,wikisource_vol1_ch7_letter23.txt,Lloyd,J. A. SYMONDS,FEBRUARY 1885,FEBRUARY,,1885.0
LOC,0.9996203,1120,1129,wikisource_vol1_ch7_letter23.txt,Edinburgh,J. A. SYMONDS,FEBRUARY 1885,FEBRUARY,,1885.0
PER,0.9942725,1200,1216,wikisource_vol1_ch7_letter23.txt,Huckleberry Finn,J. A. SYMONDS,FEBRUARY 1885,FEBRUARY,,1885.0
LOC,0.9995709,1929,1936,wikisource_vol1_ch7_letter23.txt,Germany,J. A. SYMONDS,FEBRUARY 1885,FEBRUARY,,1885.0
LOC,0.9998708,1942,1949,wikisource_vol1_ch7_letter23.txt,England,J. A. SYMONDS,FEBRUARY 1885,FEBRUARY,,1885.0
PER,0.99977,1992,2000,wikisource_vol1_ch7_letter23.txt,Bismarck,J. A. SYMONDS,FEBRUARY 1885,FEBRUARY,,1885.0
PER,0.99950594,11,23,wikisource_vol1_ch7_letter24.txt,Edmund Gosse,EDMUND GOSSE,MARCH 12 1885,MARCH,12.0,1885.0
LOC,0.9824744,25,40,wikisource_vol1_ch7_letter24.txt,Bonallie Towers,EDMUND GOSSE,MARCH 12 1885,MARCH,12.0,1885.0
LOC,0.9994302,42,53,wikisource_vol1_ch7_letter24.txt,Bournemouth,EDMUND GOSSE,MARCH 12 1885,MARCH,12.0,1885.0
PER,0.9935115,79,84,wikisource_vol1_ch7_letter24.txt,Gosse,EDMUND GOSSE,MARCH 12 1885,MARCH,12.0,1885.0
PER,0.9955466,143,147,wikisource_vol1_ch7_letter24.txt,Gray,EDMUND GOSSE,MARCH 12 1885,MARCH,12.0,1885.0
PER,0.9963045,288,292,wikisource_vol1_ch7_letter24.txt,Gray,EDMUND GOSSE,MARCH 12 1885,MARCH,12.0,1885.0
PER,0.9983047,424,428,wikisource_vol1_ch7_letter24.txt,Gray,EDMUND GOSSE,MARCH 12 1885,MARCH,12.0,1885.0
LOC,0.9995086,524,530,wikisource_vol1_ch7_letter24.txt,States,EDMUND GOSSE,MARCH 12 1885,MARCH,12.0,1885.0
PER,0.9996865,843,848,wikisource_vol1_ch7_letter24.txt,Gosse,EDMUND GOSSE,MARCH 12 1885,MARCH,12.0,1885.0
PER,0.98718965,1438,1453,wikisource_vol1_ch7_letter24.txt,R. L. Stevenson,EDMUND GOSSE,MARCH 12 1885,MARCH,12.0,1885.0
PER,0.9992779,1703,1712,wikisource_vol1_ch7_letter24.txt,Stevenson,EDMUND GOSSE,MARCH 12 1885,MARCH,12.0,1885.0
PER,0.9811808,1828,1830,wikisource_vol1_ch7_letter24.txt,S.,EDMUND GOSSE,MARCH 12 1885,MARCH,12.0,1885.0
PER,0.9952873,11,20,wikisource_vol1_ch7_letter25.txt,W. H. Low,W. H. LOW,MARCH 13 1885,MARCH,13.0,1885.0
LOC,0.9824288,22,37,wikisource_vol1_ch7_letter25.txt,Bonallie Towers,W. H. LOW,MARCH 13 1885,MARCH,13.0,1885.0
LOC,0.9991499,39,50,wikisource_vol1_ch7_letter25.txt,Bournemouth,W. H. LOW,MARCH 13 1885,MARCH,13.0,1885.0
PER,0.99987054,156,160,wikisource_vol1_ch7_letter25.txt,Otto,W. H. LOW,MARCH 13 1885,MARCH,13.0,1885.0
PER,0.9997712,341,349,wikisource_vol1_ch7_letter25.txt,Scribner,W. H. LOW,MARCH 13 1885,MARCH,13.0,1885.0
PER,0.999866,666,675,wikisource_vol1_ch7_letter25.txt,Rembrandt,W. H. LOW,MARCH 13 1885,MARCH,13.0,1885.0
PER,0.9997303,855,877,wikisource_vol1_ch7_letter25.txt,John Addington Symonds,W. H. LOW,MARCH 13 1885,MARCH,13.0,1885.0
PER,0.99975973,1297,1302,wikisource_vol1_ch7_letter25.txt,James,W. H. LOW,MARCH 13 1885,MARCH,13.0,1885.0
PER,0.9996195,1324,1329,wikisource_vol1_ch7_letter25.txt,James,W. H. LOW,MARCH 13 1885,MARCH,13.0,1885.0
PER,0.52775544,1368,1369,wikisource_vol1_ch7_letter25.txt,R,W. H. LOW,MARCH 13 1885,MARCH,13.0,1885.0
PER,0.9996494,1502,1507,wikisource_vol1_ch7_letter25.txt,James,W. H. LOW,MARCH 13 1885,MARCH,13.0,1885.0
PER,0.9902115,11,25,wikisource_vol1_ch7_letter26.txt,P. G. Hamerton,P. G. HAMERTON,MARCH 16 1885,MARCH,16.0,1885.0
LOC,0.9992972,27,38,wikisource_vol1_ch7_letter26.txt,Bournemouth,P. G. HAMERTON,MARCH 16 1885,MARCH,16.0,1885.0
PER,0.8199211,64,72,wikisource_vol1_ch7_letter26.txt,Hamerton,P. G. HAMERTON,MARCH 16 1885,MARCH,16.0,1885.0
PER,0.9971769,139,143,wikisource_vol1_ch7_letter26.txt,Swan,P. G. HAMERTON,MARCH 16 1885,MARCH,16.0,1885.0
PER,0.99831283,253,257,wikisource_vol1_ch7_letter26.txt,Swan,P. G. HAMERTON,MARCH 16 1885,MARCH,16.0,1885.0
PER,0.99068135,1877,1884,wikisource_vol1_ch7_letter26.txt,Ulysses,P. G. HAMERTON,MARCH 16 1885,MARCH,16.0,1885.0
PER,0.9997665,11,25,wikisource_vol1_ch7_letter27.txt,William Archer,WILLIAM ARCHER,MARCH 29 1885,MARCH,29.0,1885.0
LOC,0.99912256,27,38,wikisource_vol1_ch7_letter27.txt,Bournemouth,WILLIAM ARCHER,MARCH 29 1885,MARCH,29.0,1885.0
PER,0.99946004,65,71,wikisource_vol1_ch7_letter27.txt,Archer,WILLIAM ARCHER,MARCH 29 1885,MARCH,29.0,1885.0
PER,0.9929691,815,820,wikisource_vol1_ch7_letter27.txt,Blase,WILLIAM ARCHER,MARCH 29 1885,MARCH,29.0,1885.0
PER,0.999509,978,984,wikisource_vol1_ch7_letter27.txt,Archer,WILLIAM ARCHER,MARCH 29 1885,MARCH,29.0,1885.0
PER,0.9994351,1026,1048,wikisource_vol1_ch7_letter27.txt,Robert Louis Stevenson,WILLIAM ARCHER,MARCH 29 1885,MARCH,29.0,1885.0
LOC,0.99852943,1107,1113,wikisource_vol1_ch7_letter27.txt,London,WILLIAM ARCHER,MARCH 29 1885,MARCH,29.0,1885.0
PER,0.9985026,1719,1726,wikisource_vol1_ch7_letter27.txt,Thoreau,WILLIAM ARCHER,MARCH 29 1885,MARCH,29.0,1885.0
PER,0.99580544,1852,1859,wikisource_vol1_ch7_letter27.txt,R. L. S,WILLIAM ARCHER,MARCH 29 1885,MARCH,29.0,1885.0
PER,0.9996333,16,31,wikisource_vol1_ch7_letter28.txt,Fleeming Jenkin,MRS. FLEEMING JENKIN,JUNE 1885,JUNE,,1885.0
LOC,0.97466,34,35,wikisource_vol1_ch7_letter28.txt,S,MRS. FLEEMING JENKIN,JUNE 1885,JUNE,,1885.0
LOC,0.78817815,35,44,wikisource_vol1_ch7_letter28.txt,##kerryvore,MRS. FLEEMING JENKIN,JUNE 1885,JUNE,,1885.0
LOC,0.9988694,46,57,wikisource_vol1_ch7_letter28.txt,Bournemouth,MRS. FLEEMING JENKIN,JUNE 1885,JUNE,,1885.0
PER,0.99856603,84,90,wikisource_vol1_ch7_letter28.txt,Jenkin,MRS. FLEEMING JENKIN,JUNE 1885,JUNE,,1885.0
PER,0.9996692,630,633,wikisource_vol1_ch7_letter28.txt,God,MRS. FLEEMING JENKIN,JUNE 1885,JUNE,,1885.0
PER,0.9964181,1108,1114,wikisource_vol1_ch7_letter28.txt,Austin,MRS. FLEEMING JENKIN,JUNE 1885,JUNE,,1885.0
PER,0.99967706,1626,1632,wikisource_vol1_ch7_letter28.txt,Jenkin,MRS. FLEEMING JENKIN,JUNE 1885,JUNE,,1885.0
PER,0.9995607,16,31,wikisource_vol1_ch7_letter29.txt,Fleeming Jenkin,MRS. FLEEMING JENKIN,JUNE 1885,JUNE,,1885.0
LOC,0.96019334,34,35,wikisource_vol1_ch7_letter29.txt,S,MRS. FLEEMING JENKIN,JUNE 1885,JUNE,,1885.0
LOC,0.75509113,35,44,wikisource_vol1_ch7_letter29.txt,##kerryvore,MRS. FLEEMING JENKIN,JUNE 1885,JUNE,,1885.0
LOC,0.99894357,46,57,wikisource_vol1_ch7_letter29.txt,Bournemouth,MRS. FLEEMING JENKIN,JUNE 1885,JUNE,,1885.0
PER,0.9913317,84,90,wikisource_vol1_ch7_letter29.txt,Jenkin,MRS. FLEEMING JENKIN,JUNE 1885,JUNE,,1885.0
PER,0.9988248,288,293,wikisource_vol1_ch7_letter29.txt,Louis,MRS. FLEEMING JENKIN,JUNE 1885,JUNE,,1885.0
ORG,0.9977216,714,721,wikisource_vol1_ch7_letter29.txt,Academy,MRS. FLEEMING JENKIN,JUNE 1885,JUNE,,1885.0
LOC,0.7816204,1065,1071,wikisource_vol1_ch7_letter29.txt,Henley,MRS. FLEEMING JENKIN,JUNE 1885,JUNE,,1885.0
PER,0.99960107,1196,1205,wikisource_vol1_ch7_letter29.txt,Dew Smith,MRS. FLEEMING JENKIN,JUNE 1885,JUNE,,1885.0
PER,0.9997109,1383,1386,wikisource_vol1_ch7_letter29.txt,Dew,MRS. FLEEMING JENKIN,JUNE 1885,JUNE,,1885.0
PER,0.9696206,1751,1757,wikisource_vol1_ch7_letter29.txt,Jenkin,MRS. FLEEMING JENKIN,JUNE 1885,JUNE,,1885.0
PER,0.99985284,1809,1831,wikisource_vol1_ch7_letter29.txt,Robert Louis Stevenson,MRS. FLEEMING JENKIN,JUNE 1885,JUNE,,1885.0
PER,0.99711585,30,44,wikisource_vol1_ch7_letter3.txt,Lewis Campbell,THE REV. PROFESSOR LEWIS CAMPBELL,NOVEMBER 1884,NOVEMBER,,1884.0
LOC,0.9814253,47,58,wikisource_vol1_ch7_letter3.txt,Wensleydale,THE REV. PROFESSOR LEWIS CAMPBELL,NOVEMBER 1884,NOVEMBER,,1884.0
LOC,0.9978336,60,71,wikisource_vol1_ch7_letter3.txt,Bournemouth,THE REV. PROFESSOR LEWIS CAMPBELL,NOVEMBER 1884,NOVEMBER,,1884.0
PER,0.96146476,97,105,wikisource_vol1_ch7_letter3.txt,Campbell,THE REV. PROFESSOR LEWIS CAMPBELL,NOVEMBER 1884,NOVEMBER,,1884.0
PER,0.99966836,574,583,wikisource_vol1_ch7_letter3.txt,Sophocles,THE REV. PROFESSOR LEWIS CAMPBELL,NOVEMBER 1884,NOVEMBER,,1884.0
PER,0.9998605,884,892,wikisource_vol1_ch7_letter3.txt,Voltaire,THE REV. PROFESSOR LEWIS CAMPBELL,NOVEMBER 1884,NOVEMBER,,1884.0
PER,0.9997299,1508,1530,wikisource_vol1_ch7_letter3.txt,Robert Louis Stevenson,THE REV. PROFESSOR LEWIS CAMPBELL,NOVEMBER 1884,NOVEMBER,,1884.0
PER,0.98259383,11,32,wikisource_vol1_ch7_letter30.txt,W. H. Low Skerryvore,W. H. LOW,OCTOBER 22 1885,OCTOBER,22.0,1885.0
LOC,0.9980595,34,45,wikisource_vol1_ch7_letter30.txt,Bournemouth,W. H. LOW,OCTOBER 22 1885,OCTOBER,22.0,1885.0
PER,0.9120295,1388,1399,wikisource_vol1_ch7_letter30.txt,Prince Otto,W. H. LOW,OCTOBER 22 1885,OCTOBER,22.0,1885.0
LOC,0.9980357,1701,1707,wikisource_vol1_ch7_letter30.txt,States,W. H. LOW,OCTOBER 22 1885,OCTOBER,22.0,1885.0
PER,0.9997577,1779,1785,wikisource_vol1_ch7_letter30.txt,Bunner,W. H. LOW,OCTOBER 22 1885,OCTOBER,22.0,1885.0
PER,0.99937284,1832,1839,wikisource_vol1_ch7_letter30.txt,Sargent,W. H. LOW,OCTOBER 22 1885,OCTOBER,22.0,1885.0
PER,0.99936706,11,23,wikisource_vol1_ch7_letter31.txt,W. E. Henley,W. E. HENLEY,AUTUMN 1885,AUTUMN,,1885.0
LOC,0.90404326,26,36,wikisource_vol1_ch7_letter31.txt,Skerryvore,W. E. HENLEY,AUTUMN 1885,AUTUMN,,1885.0
LOC,0.9975449,38,49,wikisource_vol1_ch7_letter31.txt,Bournemouth,W. E. HENLEY,AUTUMN 1885,AUTUMN,,1885.0
PER,0.9998913,243,248,wikisource_vol1_ch7_letter31.txt,Dumas,W. E. HENLEY,AUTUMN 1885,AUTUMN,,1885.0
PER,0.9998467,252,258,wikisource_vol1_ch7_letter31.txt,Musset,W. E. HENLEY,AUTUMN 1885,AUTUMN,,1885.0
PER,0.99987817,416,422,wikisource_vol1_ch7_letter31.txt,Musset,W. E. HENLEY,AUTUMN 1885,AUTUMN,,1885.0
PER,0.99990606,442,446,wikisource_vol1_ch7_letter31.txt,Otto,W. E. HENLEY,AUTUMN 1885,AUTUMN,,1885.0
PER,0.99990535,468,473,wikisource_vol1_ch7_letter31.txt,Dumas,W. E. HENLEY,AUTUMN 1885,AUTUMN,,1885.0
PER,0.9999156,1023,1027,wikisource_vol1_ch7_letter31.txt,Otto,W. E. HENLEY,AUTUMN 1885,AUTUMN,,1885.0
PER,0.9998417,1094,1103,wikisource_vol1_ch7_letter31.txt,Seraphina,W. E. HENLEY,AUTUMN 1885,AUTUMN,,1885.0
PER,0.9997544,1110,1119,wikisource_vol1_ch7_letter31.txt,Messalina,W. E. HENLEY,AUTUMN 1885,AUTUMN,,1885.0
PER,0.9999044,1394,1398,wikisource_vol1_ch7_letter31.txt,Otto,W. E. HENLEY,AUTUMN 1885,AUTUMN,,1885.0
PER,0.9998703,1748,1758,wikisource_vol1_ch7_letter31.txt,Gondremark,W. E. HENLEY,AUTUMN 1885,AUTUMN,,1885.0
PER,0.9987329,1866,1873,wikisource_vol1_ch7_letter31.txt,R. L. S,W. E. HENLEY,AUTUMN 1885,AUTUMN,,1885.0
PER,0.9992319,11,37,wikisource_vol1_ch7_letter32.txt,William Archer Skerryvore,WILLIAM ARCHER,OCTOBER 28 1885,OCTOBER,28.0,1885.0
LOC,0.9993584,39,50,wikisource_vol1_ch7_letter32.txt,Bournemouth,WILLIAM ARCHER,OCTOBER 28 1885,OCTOBER,28.0,1885.0
PER,0.9997423,79,85,wikisource_vol1_ch7_letter32.txt,Archer,WILLIAM ARCHER,OCTOBER 28 1885,OCTOBER,28.0,1885.0
PER,0.9997631,11,27,wikisource_vol1_ch7_letter33.txt,Thomas Stevenson,THOMAS STEVENSON,OCTOBER 28 1885,OCTOBER,28.0,1885.0
LOC,0.94583297,30,40,wikisource_vol1_ch7_letter33.txt,Skerryvore,THOMAS STEVENSON,OCTOBER 28 1885,OCTOBER,28.0,1885.0
LOC,0.9990654,42,53,wikisource_vol1_ch7_letter33.txt,Bournemouth,THOMAS STEVENSON,OCTOBER 28 1885,OCTOBER,28.0,1885.0
PER,0.99988747,251,258,wikisource_vol1_ch7_letter33.txt,Purcell,THOMAS STEVENSON,OCTOBER 28 1885,OCTOBER,28.0,1885.0
LOC,0.5761237,515,521,wikisource_vol1_ch7_letter33.txt,Island,THOMAS STEVENSON,OCTOBER 28 1885,OCTOBER,28.0,1885.0
PER,0.8910708,646,653,wikisource_vol1_ch7_letter33.txt,Hogarth,THOMAS STEVENSON,OCTOBER 28 1885,OCTOBER,28.0,1885.0
LOC,0.9994838,811,821,wikisource_vol1_ch7_letter33.txt,Hispaniola,THOMAS STEVENSON,OCTOBER 28 1885,OCTOBER,28.0,1885.0
PER,0.99980384,1106,1112,wikisource_vol1_ch7_letter33.txt,Archer,THOMAS STEVENSON,OCTOBER 28 1885,OCTOBER,28.0,1885.0
PER,0.9998084,1146,1152,wikisource_vol1_ch7_letter33.txt,Archer,THOMAS STEVENSON,OCTOBER 28 1885,OCTOBER,28.0,1885.0
PER,0.9998254,1601,1623,wikisource_vol1_ch7_letter33.txt,Robert Louis Stevenson,THOMAS STEVENSON,OCTOBER 28 1885,OCTOBER,28.0,1885.0
PER,0.9979697,11,34,wikisource_vol1_ch7_letter34.txt,Henry James Skerryvore,HENRY JAMES,OCTOBER 28 1885,OCTOBER,28.0,1885.0
LOC,0.9988848,36,47,wikisource_vol1_ch7_letter34.txt,Bournemouth,HENRY JAMES,OCTOBER 28 1885,OCTOBER,28.0,1885.0
PER,0.99818236,75,86,wikisource_vol1_ch7_letter34.txt,Henry James,HENRY JAMES,OCTOBER 28 1885,OCTOBER,28.0,1885.0
PER,0.99953103,1054,1065,wikisource_vol1_ch7_letter34.txt,Henry James,HENRY JAMES,OCTOBER 28 1885,OCTOBER,28.0,1885.0
PER,0.99920267,1552,1561,wikisource_vol1_ch7_letter34.txt,W. Archer,HENRY JAMES,OCTOBER 28 1885,OCTOBER,28.0,1885.0
PER,0.9992703,11,25,wikisource_vol1_ch7_letter35.txt,William Archer,WILLIAM ARCHER,OCTOBER 30 1885,OCTOBER,30.0,1885.0
LOC,0.97604775,28,38,wikisource_vol1_ch7_letter35.txt,Skerryvore,WILLIAM ARCHER,OCTOBER 30 1885,OCTOBER,30.0,1885.0
LOC,0.9994273,40,51,wikisource_vol1_ch7_letter35.txt,Bournemouth,WILLIAM ARCHER,OCTOBER 30 1885,OCTOBER,30.0,1885.0
PER,0.99945754,81,87,wikisource_vol1_ch7_letter35.txt,Archer,WILLIAM ARCHER,OCTOBER 30 1885,OCTOBER,30.0,1885.0
PER,0.99903315,11,37,wikisource_vol1_ch7_letter36.txt,William Archer Skerryvore,WILLIAM ARCHER,NOVEMBER 1 1885,NOVEMBER,1.0,1885.0
LOC,0.99906164,39,50,wikisource_vol1_ch7_letter36.txt,Bournemouth,WILLIAM ARCHER,NOVEMBER 1 1885,NOVEMBER,1.0,1885.0
PER,0.9997856,79,85,wikisource_vol1_ch7_letter36.txt,Archer,WILLIAM ARCHER,NOVEMBER 1 1885,NOVEMBER,1.0,1885.0
PER,0.92131615,1642,1651,wikisource_vol1_ch7_letter36.txt,Gargantua,WILLIAM ARCHER,NOVEMBER 1 1885,NOVEMBER,1.0,1885.0
PER,0.99945503,1825,1836,wikisource_vol1_ch7_letter36.txt,Shakespeare,WILLIAM ARCHER,NOVEMBER 1 1885,NOVEMBER,1.0,1885.0
PER,0.9218111,11,32,wikisource_vol1_ch7_letter37.txt,W. H. Low Skerryvore,W. H. LOW,DECEMBER 26 1885,DECEMBER,26.0,1885.0
LOC,0.9970743,34,45,wikisource_vol1_ch7_letter37.txt,Bournemouth,W. H. LOW,DECEMBER 26 1885,DECEMBER,26.0,1885.0
PER,0.561785,81,84,wikisource_vol1_ch7_letter37.txt,Lam,W. H. LOW,DECEMBER 26 1885,DECEMBER,26.0,1885.0
LOC,0.99983346,170,192,wikisource_vol1_ch7_letter37.txt,Boulevard Montparnasse,W. H. LOW,DECEMBER 26 1885,DECEMBER,26.0,1885.0
LOC,0.80230093,228,235,wikisource_vol1_ch7_letter37.txt,Lavenue,W. H. LOW,DECEMBER 26 1885,DECEMBER,26.0,1885.0
PER,0.9983037,289,295,wikisource_vol1_ch7_letter37.txt,Fleury,W. H. LOW,DECEMBER 26 1885,DECEMBER,26.0,1885.0
LOC,0.99807745,556,571,wikisource_vol1_ch7_letter37.txt,Cafe de Medicis,W. H. LOW,DECEMBER 26 1885,DECEMBER,26.0,1885.0
LOC,0.99965745,615,627,wikisource_vol1_ch7_letter37.txt,Parc Monceau,W. H. LOW,DECEMBER 26 1885,DECEMBER,26.0,1885.0
ORG,0.7139417,1416,1425,wikisource_vol1_ch7_letter37.txt,Scribners,W. H. LOW,DECEMBER 26 1885,DECEMBER,26.0,1885.0
PER,0.99833447,1585,1588,wikisource_vol1_ch7_letter37.txt,Low,W. H. LOW,DECEMBER 26 1885,DECEMBER,26.0,1885.0
PER,0.9913319,1661,1666,wikisource_vol1_ch7_letter37.txt,Lamia,W. H. LOW,DECEMBER 26 1885,DECEMBER,26.0,1885.0
PER,0.9848359,1670,1673,wikisource_vol1_ch7_letter37.txt,Bob,W. H. LOW,DECEMBER 26 1885,DECEMBER,26.0,1885.0
PER,0.9805156,1735,1738,wikisource_vol1_ch7_letter37.txt,Bob,W. H. LOW,DECEMBER 26 1885,DECEMBER,26.0,1885.0
PER,0.92796993,1884,1892,wikisource_vol1_ch7_letter37.txt,R. L. S.,W. H. LOW,DECEMBER 26 1885,DECEMBER,26.0,1885.0
PER,0.93816024,11,37,wikisource_vol1_ch7_letter4.txt,Andrew Chatto Wensleydale,ANDREW CHATTO,OCTOBER 3 1884,OCTOBER,3.0,1884.0
LOC,0.9980354,39,50,wikisource_vol1_ch7_letter4.txt,Bournemouth,ANDREW CHATTO,OCTOBER 3 1884,OCTOBER,3.0,1884.0
PER,0.9995906,78,84,wikisource_vol1_ch7_letter4.txt,Chatto,ANDREW CHATTO,OCTOBER 3 1884,OCTOBER,3.0,1884.0
PER,0.99991286,121,125,wikisource_vol1_ch7_letter4.txt,Otto,ANDREW CHATTO,OCTOBER 3 1884,OCTOBER,3.0,1884.0
LOC,0.99965024,131,138,wikisource_vol1_ch7_letter4.txt,America,ANDREW CHATTO,OCTOBER 3 1884,OCTOBER,3.0,1884.0
PER,0.99987143,763,785,wikisource_vol1_ch7_letter4.txt,Robert Louis Stevenson,ANDREW CHATTO,OCTOBER 3 1884,OCTOBER,3.0,1884.0
PER,0.99135363,11,20,wikisource_vol1_ch7_letter5.txt,W. H. Low,W. H. LOW,JANUARY 3 1885,JANUARY,3.0,1885.0
LOC,0.9879913,22,37,wikisource_vol1_ch7_letter5.txt,Bonallie Towers,W. H. LOW,JANUARY 3 1885,JANUARY,3.0,1885.0
LOC,0.9910339,39,53,wikisource_vol1_ch7_letter5.txt,Branksome Park,W. H. LOW,JANUARY 3 1885,JANUARY,3.0,1885.0
LOC,0.9983102,55,66,wikisource_vol1_ch7_letter5.txt,Bournemouth,W. H. LOW,JANUARY 3 1885,JANUARY,3.0,1885.0
LOC,0.99045,68,73,wikisource_vol1_ch7_letter5.txt,Hants,W. H. LOW,JANUARY 3 1885,JANUARY,3.0,1885.0
LOC,0.99983287,75,82,wikisource_vol1_ch7_letter5.txt,England,W. H. LOW,JANUARY 3 1885,JANUARY,3.0,1885.0
PER,0.97101396,131,134,wikisource_vol1_ch7_letter5.txt,Low,W. H. LOW,JANUARY 3 1885,JANUARY,3.0,1885.0
LOC,0.9997174,255,264,wikisource_vol1_ch7_letter5.txt,Edinburgh,W. H. LOW,JANUARY 3 1885,JANUARY,3.0,1885.0
PER,0.9961035,293,296,wikisource_vol1_ch7_letter5.txt,Low,W. H. LOW,JANUARY 3 1885,JANUARY,3.0,1885.0
LOC,0.9998442,317,324,wikisource_vol1_ch7_letter5.txt,England,W. H. LOW,JANUARY 3 1885,JANUARY,3.0,1885.0
LOC,0.99969923,357,363,wikisource_vol1_ch7_letter5.txt,London,W. H. LOW,JANUARY 3 1885,JANUARY,3.0,1885.0
LOC,0.9995894,381,389,wikisource_vol1_ch7_letter5.txt,Waterloo,W. H. LOW,JANUARY 3 1885,JANUARY,3.0,1885.0
LOC,0.9997507,760,766,wikisource_vol1_ch7_letter5.txt,States,W. H. LOW,JANUARY 3 1885,JANUARY,3.0,1885.0
PER,0.99970543,1471,1477,wikisource_vol1_ch7_letter5.txt,Vedder,W. H. LOW,JANUARY 3 1885,JANUARY,3.0,1885.0
PER,0.9996246,1510,1522,wikisource_vol1_ch7_letter5.txt,Omar Khayyam,W. H. LOW,JANUARY 3 1885,JANUARY,3.0,1885.0
PER,0.7675244,11,44,wikisource_vol1_ch7_letter6.txt,Thomas Stevenson Bonallie Towers,THOMAS STEVENSON,NOVEMBER 1884,NOVEMBER,,1884.0
LOC,0.9982754,46,57,wikisource_vol1_ch7_letter6.txt,Bournemouth,THOMAS STEVENSON,NOVEMBER 1884,NOVEMBER,,1884.0
PER,0.83310753,461,464,wikisource_vol1_ch7_letter6.txt,Tai,THOMAS STEVENSON,NOVEMBER 1884,NOVEMBER,,1884.0
PER,0.9824008,467,475,wikisource_vol1_ch7_letter6.txt,Chrystal,THOMAS STEVENSON,NOVEMBER 1884,NOVEMBER,,1884.0
ORG,0.9996279,481,494,wikisource_vol1_ch7_letter6.txt,Royal Society,THOMAS STEVENSON,NOVEMBER 1884,NOVEMBER,,1884.0
PER,0.5859936,784,785,wikisource_vol1_ch7_letter6.txt,L,THOMAS STEVENSON,NOVEMBER 1884,NOVEMBER,,1884.0
PER,0.59327924,787,788,wikisource_vol1_ch7_letter6.txt,S,THOMAS STEVENSON,NOVEMBER 1884,NOVEMBER,,1884.0
PER,0.9996948,840,845,wikisource_vol1_ch7_letter6.txt,Fanny,THOMAS STEVENSON,NOVEMBER 1884,NOVEMBER,,1884.0
PER,0.99898154,1260,1269,wikisource_vol1_ch7_letter6.txt,Stevenson,THOMAS STEVENSON,NOVEMBER 1884,NOVEMBER,,1884.0
PER,0.9850124,1539,1543,wikisource_vol1_ch7_letter6.txt,Girn,THOMAS STEVENSON,NOVEMBER 1884,NOVEMBER,,1884.0
PER,0.99704367,1563,1572,wikisource_vol1_ch7_letter6.txt,Cassandra,THOMAS STEVENSON,NOVEMBER 1884,NOVEMBER,,1884.0
PER,0.9982335,1597,1604,wikisource_vol1_ch7_letter6.txt,R. L. S,THOMAS STEVENSON,NOVEMBER 1884,NOVEMBER,,1884.0
PER,0.99920017,11,23,wikisource_vol1_ch7_letter7.txt,W. E. Henley,W. E. HENLEY,NOVEMBER 1884,NOVEMBER,,1884.0
LOC,0.62503284,25,28,wikisource_vol1_ch7_letter7.txt,Wen,W. E. HENLEY,NOVEMBER 1884,NOVEMBER,,1884.0
PER,0.71413994,28,36,wikisource_vol1_ch7_letter7.txt,##sleydale,W. E. HENLEY,NOVEMBER 1884,NOVEMBER,,1884.0
LOC,0.9976914,38,49,wikisource_vol1_ch7_letter7.txt,Bournemouth,W. E. HENLEY,NOVEMBER 1884,NOVEMBER,,1884.0
PER,0.9991467,71,77,wikisource_vol1_ch7_letter7.txt,Henley,W. E. HENLEY,NOVEMBER 1884,NOVEMBER,,1884.0
PER,0.9990411,1051,1058,wikisource_vol1_ch7_letter7.txt,R. L. S,W. E. HENLEY,NOVEMBER 1884,NOVEMBER,,1884.0
PER,0.9052141,11,32,wikisource_vol1_ch7_letter8.txt,Thomas Stevenson Bon,THOMAS STEVENSON,NOVEMBER 5 1884,NOVEMBER,5.0,1884.0
LOC,0.87525994,32,44,wikisource_vol1_ch7_letter8.txt,##allie Towers,THOMAS STEVENSON,NOVEMBER 5 1884,NOVEMBER,5.0,1884.0
LOC,0.9968309,46,60,wikisource_vol1_ch7_letter8.txt,Branksome Park,THOMAS STEVENSON,NOVEMBER 5 1884,NOVEMBER,5.0,1884.0
LOC,0.99916923,62,73,wikisource_vol1_ch7_letter8.txt,Bournemouth,THOMAS STEVENSON,NOVEMBER 5 1884,NOVEMBER,5.0,1884.0
LOC,0.7902423,79,88,wikisource_vol1_ch7_letter8.txt,Three B ' S,THOMAS STEVENSON,NOVEMBER 5 1884,NOVEMBER,5.0,1884.0
PER,0.96043366,337,343,wikisource_vol1_ch7_letter8.txt,Deacon,THOMAS STEVENSON,NOVEMBER 5 1884,NOVEMBER,5.0,1884.0
PER,0.99932194,750,753,wikisource_vol1_ch7_letter8.txt,Pew,THOMAS STEVENSON,NOVEMBER 5 1884,NOVEMBER,5.0,1884.0
PER,0.999713,1283,1286,wikisource_vol1_ch7_letter8.txt,God,THOMAS STEVENSON,NOVEMBER 5 1884,NOVEMBER,5.0,1884.0
PER,0.8255359,1379,1386,wikisource_vol1_ch7_letter8.txt,Admiral,THOMAS STEVENSON,NOVEMBER 5 1884,NOVEMBER,5.0,1884.0
PER,0.999829,1624,1646,wikisource_vol1_ch7_letter8.txt,Robert Louis Stevenson,THOMAS STEVENSON,NOVEMBER 5 1884,NOVEMBER,5.0,1884.0
PER,0.9358537,11,30,wikisource_vol1_ch7_letter9.txt,Charles Baxter Bon,CHARLES BAXTER,NOVEMBER 11 1884,NOVEMBER,11.0,1884.0
LOC,0.9688704,30,42,wikisource_vol1_ch7_letter9.txt,##allie Towers,CHARLES BAXTER,NOVEMBER 11 1884,NOVEMBER,11.0,1884.0
LOC,0.9981849,44,58,wikisource_vol1_ch7_letter9.txt,Branksome Park,CHARLES BAXTER,NOVEMBER 11 1884,NOVEMBER,11.0,1884.0
LOC,0.9990423,60,71,wikisource_vol1_ch7_letter9.txt,Bournemouth,CHARLES BAXTER,NOVEMBER 11 1884,NOVEMBER,11.0,1884.0
PER,0.999328,102,109,wikisource_vol1_ch7_letter9.txt,Charles,CHARLES BAXTER,NOVEMBER 11 1884,NOVEMBER,11.0,1884.0
PER,0.99955744,871,878,wikisource_vol1_ch7_letter9.txt,Thomson,CHARLES BAXTER,NOVEMBER 11 1884,NOVEMBER,11.0,1884.0
ORG,0.8312565,11,31,wikisource_vol2_ch10_letter1.txt,Sidney Colvin Yacht,SIDNEY COLVIN,JULY 1888,JULY,,1888.0
LOC,0.9954449,33,38,wikisource_vol2_ch10_letter1.txt,Casco,SIDNEY COLVIN,JULY 1888,JULY,,1888.0
LOC,0.99962115,41,50,wikisource_vol2_ch10_letter1.txt,Anaho Bay,SIDNEY COLVIN,JULY 1888,JULY,,1888.0
LOC,0.9988439,52,60,wikisource_vol2_ch10_letter1.txt,Nukahiva,SIDNEY COLVIN,JULY 1888,JULY,,1888.0
LOC,0.9998224,62,79,wikisource_vol2_ch10_letter1.txt,Marquesas Islands,SIDNEY COLVIN,JULY 1888,JULY,,1888.0
PER,0.9455167,101,107,wikisource_vol2_ch10_letter1.txt,Colvin,SIDNEY COLVIN,JULY 1888,JULY,,1888.0
PER,0.95883054,345,355,wikisource_vol2_ch10_letter1.txt,Ko - o - amua,SIDNEY COLVIN,JULY 1888,JULY,,1888.0
LOC,0.9998963,1149,1154,wikisource_vol2_ch10_letter1.txt,India,SIDNEY COLVIN,JULY 1888,JULY,,1888.0
PER,0.996096,1190,1197,wikisource_vol2_ch10_letter1.txt,R. L. S,SIDNEY COLVIN,JULY 1888,JULY,,1888.0
PER,0.99967426,11,24,wikisource_vol2_ch10_letter10.txt,J. A. Symonds,J. A. SYMONDS,NOVEMBER 11 1888,NOVEMBER,11.0,1888.0
LOC,0.99909925,84,91,wikisource_vol2_ch10_letter10.txt,Tautira,J. A. SYMONDS,NOVEMBER 11 1888,NOVEMBER,11.0,1888.0
LOC,0.9994669,1028,1035,wikisource_vol2_ch10_letter10.txt,Tautira,J. A. SYMONDS,NOVEMBER 11 1888,NOVEMBER,11.0,1888.0
PER,0.99932516,1586,1593,wikisource_vol2_ch10_letter10.txt,Symonds,J. A. SYMONDS,NOVEMBER 11 1888,NOVEMBER,11.0,1888.0
PER,0.99956876,11,24,wikisource_vol2_ch10_letter11.txt,Thomas Archer,THOMAS ARCHER,NOVEMBER 1888,NOVEMBER,,1888.0
LOC,0.6543683,26,33,wikisource_vol2_ch10_letter11.txt,Tautira,THOMAS ARCHER,NOVEMBER 1888,NOVEMBER,,1888.0
LOC,0.95183706,35,51,wikisource_vol2_ch10_letter11.txt,Island Of Tahiti,THOMAS ARCHER,NOVEMBER 1888,NOVEMBER,,1888.0
PER,0.9879151,74,83,wikisource_vol2_ch10_letter11.txt,Tomarcher,THOMAS ARCHER,NOVEMBER 1888,NOVEMBER,,1888.0
PER,0.98670316,480,486,wikisource_vol2_ch10_letter11.txt,Virgil,THOMAS ARCHER,NOVEMBER 1888,NOVEMBER,,1888.0
PER,0.99802536,947,956,wikisource_vol2_ch10_letter11.txt,Tomarcher,THOMAS ARCHER,NOVEMBER 1888,NOVEMBER,,1888.0
LOC,0.9998573,1162,1168,wikisource_vol2_ch10_letter11.txt,Europe,THOMAS ARCHER,NOVEMBER 1888,NOVEMBER,,1888.0
LOC,0.99977225,1955,1961,wikisource_vol2_ch10_letter11.txt,London,THOMAS ARCHER,NOVEMBER 1888,NOVEMBER,,1888.0
PER,0.768979,11,24,wikisource_vol2_ch10_letter12.txt,Sidney Colvin,SIDNEY COLVIN,JANUARY 14 1889,JANUARY,14.0,1889.0
LOC,0.9982532,33,38,wikisource_vol2_ch10_letter12.txt,Casco,SIDNEY COLVIN,JANUARY 14 1889,JANUARY,14.0,1889.0
LOC,0.9221409,44,47,wikisource_vol2_ch10_letter12.txt,Sea,SIDNEY COLVIN,JANUARY 14 1889,JANUARY,14.0,1889.0
LOC,0.9997395,108,115,wikisource_vol2_ch10_letter12.txt,Papeete,SIDNEY COLVIN,JANUARY 14 1889,JANUARY,14.0,1889.0
LOC,0.9867222,271,281,wikisource_vol2_ch10_letter12.txt,North Pole,SIDNEY COLVIN,JANUARY 14 1889,JANUARY,14.0,1889.0
LOC,0.9996979,739,747,wikisource_vol2_ch10_letter12.txt,Honolulu,SIDNEY COLVIN,JANUARY 14 1889,JANUARY,14.0,1889.0
LOC,0.9984299,812,819,wikisource_vol2_ch10_letter12.txt,Tautira,SIDNEY COLVIN,JANUARY 14 1889,JANUARY,14.0,1889.0
PER,0.9972913,856,859,wikisource_vol2_ch10_letter12.txt,Ori,SIDNEY COLVIN,JANUARY 14 1889,JANUARY,14.0,1889.0
PER,0.77615,862,865,wikisource_vol2_ch10_letter12.txt,Ori,SIDNEY COLVIN,JANUARY 14 1889,JANUARY,14.0,1889.0
LOC,0.999055,956,963,wikisource_vol2_ch10_letter12.txt,Tautira,SIDNEY COLVIN,JANUARY 14 1889,JANUARY,14.0,1889.0
LOC,0.9937996,1190,1198,wikisource_vol2_ch10_letter12.txt,Taiarapu,SIDNEY COLVIN,JANUARY 14 1889,JANUARY,14.0,1889.0
PER,0.9985869,1608,1612,wikisource_vol2_ch10_letter12.txt,Tati,SIDNEY COLVIN,JANUARY 14 1889,JANUARY,14.0,1889.0
LOC,0.7869876,1636,1641,wikisource_vol2_ch10_letter12.txt,Tevas,SIDNEY COLVIN,JANUARY 14 1889,JANUARY,14.0,1889.0
PER,0.9246128,1677,1681,wikisource_vol2_ch10_letter12.txt,Teva,SIDNEY COLVIN,JANUARY 14 1889,JANUARY,14.0,1889.0
PER,0.9048969,1686,1695,wikisource_vol2_ch10_letter12.txt,Teriitera,SIDNEY COLVIN,JANUARY 14 1889,JANUARY,14.0,1889.0
PER,0.756706,1902,1908,wikisource_vol2_ch10_letter12.txt,Kidnap,SIDNEY COLVIN,JANUARY 14 1889,JANUARY,14.0,1889.0
LOC,0.8190644,1976,1984,wikisource_vol2_ch10_letter12.txt,Taiarapu,SIDNEY COLVIN,JANUARY 14 1889,JANUARY,14.0,1889.0
PER,0.74833536,11,15,wikisource_vol2_ch10_letter13.txt,E. L,E. L. BURLINGAME,JANUARY 1889,JANUARY,,1889.0
LOC,0.99964523,29,37,wikisource_vol2_ch10_letter13.txt,Honolulu,E. L. BURLINGAME,JANUARY 1889,JANUARY,,1889.0
LOC,0.9998739,131,137,wikisource_vol2_ch10_letter13.txt,Tahiti,E. L. BURLINGAME,JANUARY 1889,JANUARY,,1889.0
PER,0.5633637,569,573,wikisource_vol2_ch10_letter13.txt,Hole,E. L. BURLINGAME,JANUARY 1889,JANUARY,,1889.0
LOC,0.9989742,1181,1189,wikisource_vol2_ch10_letter13.txt,Honolulu,E. L. BURLINGAME,JANUARY 1889,JANUARY,,1889.0
ORG,0.9577254,1202,1213,wikisource_vol2_ch10_letter13.txt,Yacht Casco,E. L. BURLINGAME,JANUARY 1889,JANUARY,,1889.0
LOC,0.9997565,1437,1443,wikisource_vol2_ch10_letter13.txt,States,E. L. BURLINGAME,JANUARY 1889,JANUARY,,1889.0
LOC,0.99054354,1732,1740,wikisource_vol2_ch10_letter13.txt,New York,E. L. BURLINGAME,JANUARY 1889,JANUARY,,1889.0
PER,0.8866215,1949,1965,wikisource_vol2_ch10_letter13.txt,Henry the Trader,E. L. BURLINGAME,JANUARY 1889,JANUARY,,1889.0
PER,0.9993369,11,25,wikisource_vol2_ch10_letter14.txt,Charles Baxter,CHARLES BAXTER,FEBRUARY 8 1889,FEBRUARY,8.0,1889.0
LOC,0.9998511,27,35,wikisource_vol2_ch10_letter14.txt,Honolulu,CHARLES BAXTER,FEBRUARY 8 1889,FEBRUARY,8.0,1889.0
PER,0.999171,65,72,wikisource_vol2_ch10_letter14.txt,Charles,CHARLES BAXTER,FEBRUARY 8 1889,FEBRUARY,8.0,1889.0
LOC,0.99986815,91,99,wikisource_vol2_ch10_letter14.txt,Honolulu,CHARLES BAXTER,FEBRUARY 8 1889,FEBRUARY,8.0,1889.0
LOC,0.9998735,630,636,wikisource_vol2_ch10_letter14.txt,Tahiti,CHARLES BAXTER,FEBRUARY 8 1889,FEBRUARY,8.0,1889.0
LOC,0.9991034,1178,1183,wikisource_vol2_ch10_letter14.txt,S. F.,CHARLES BAXTER,FEBRUARY 8 1889,FEBRUARY,8.0,1889.0
PER,0.9990102,1315,1320,wikisource_vol2_ch10_letter14.txt,Lloyd,CHARLES BAXTER,FEBRUARY 8 1889,FEBRUARY,8.0,1889.0
PER,0.9997235,1536,1543,wikisource_vol2_ch10_letter14.txt,Charles,CHARLES BAXTER,FEBRUARY 8 1889,FEBRUARY,8.0,1889.0
PER,0.9972246,11,29,wikisource_vol2_ch10_letter15.txt,R. A. M. Stevenson,R. A. M. STEVENSON,FEBRUARY 1889,FEBRUARY,,1889.0
LOC,0.99973565,31,39,wikisource_vol2_ch10_letter15.txt,Honolulu,R. A. M. STEVENSON,FEBRUARY 1889,FEBRUARY,,1889.0
LOC,0.9997516,41,57,wikisource_vol2_ch10_letter15.txt,Hawaiian Islands,R. A. M. STEVENSON,FEBRUARY 1889,FEBRUARY,,1889.0
PER,0.8141612,82,85,wikisource_vol2_ch10_letter15.txt,Bob,R. A. M. STEVENSON,FEBRUARY 1889,FEBRUARY,,1889.0
LOC,0.9979113,423,444,wikisource_vol2_ch10_letter15.txt,Dangerous Archipelago,R. A. M. STEVENSON,FEBRUARY 1889,FEBRUARY,,1889.0
PER,0.99636286,11,24,wikisource_vol2_ch10_letter16.txt,Marcel Schwob,MARCEL SCHWOB,FEBRUARY 8 1889,FEBRUARY,8.0,1889.0
LOC,0.9997236,26,34,wikisource_vol2_ch10_letter16.txt,Honolulu,MARCEL SCHWOB,FEBRUARY 8 1889,FEBRUARY,8.0,1889.0
LOC,0.999747,36,52,wikisource_vol2_ch10_letter16.txt,Sandwich Islands,MARCEL SCHWOB,FEBRUARY 8 1889,FEBRUARY,8.0,1889.0
PER,0.73728627,254,256,wikisource_vol2_ch10_letter16.txt,Pr,MARCEL SCHWOB,FEBRUARY 8 1889,FEBRUARY,8.0,1889.0
LOC,0.99913317,340,345,wikisource_vol2_ch10_letter16.txt,Paris,MARCEL SCHWOB,FEBRUARY 8 1889,FEBRUARY,8.0,1889.0
PER,0.85133034,459,461,wikisource_vol2_ch10_letter16.txt,Pr,MARCEL SCHWOB,FEBRUARY 8 1889,FEBRUARY,8.0,1889.0
PER,0.9998043,702,724,wikisource_vol2_ch10_letter16.txt,Robert Louis Stevenson,MARCEL SCHWOB,FEBRUARY 8 1889,FEBRUARY,8.0,1889.0
PER,0.9989769,11,25,wikisource_vol2_ch10_letter17.txt,Charles Baxter,CHARLES BAXTER,MARCH 8 1889,MARCH,8.0,1889.0
LOC,0.9993338,27,35,wikisource_vol2_ch10_letter17.txt,Honolulu,CHARLES BAXTER,MARCH 8 1889,MARCH,8.0,1889.0
PER,0.9973706,61,68,wikisource_vol2_ch10_letter17.txt,Charles,CHARLES BAXTER,MARCH 8 1889,MARCH,8.0,1889.0
PER,0.99940324,225,228,wikisource_vol2_ch10_letter17.txt,Bob,CHARLES BAXTER,MARCH 8 1889,MARCH,8.0,1889.0
LOC,0.89544636,263,272,wikisource_vol2_ch10_letter17.txt,Liverpool,CHARLES BAXTER,MARCH 8 1889,MARCH,8.0,1889.0
PER,0.99981266,511,514,wikisource_vol2_ch10_letter17.txt,God,CHARLES BAXTER,MARCH 8 1889,MARCH,8.0,1889.0
LOC,0.9997893,604,612,wikisource_vol2_ch10_letter17.txt,Honolulu,CHARLES BAXTER,MARCH 8 1889,MARCH,8.0,1889.0
PER,0.99938095,710,715,wikisource_vol2_ch10_letter17.txt,Johns,CHARLES BAXTER,MARCH 8 1889,MARCH,8.0,1889.0
LOC,0.9997582,734,740,wikisource_vol2_ch10_letter17.txt,Tahiti,CHARLES BAXTER,MARCH 8 1889,MARCH,8.0,1889.0
LOC,0.9993154,778,785,wikisource_vol2_ch10_letter17.txt,Madeira,CHARLES BAXTER,MARCH 8 1889,MARCH,8.0,1889.0
LOC,0.99986553,809,816,wikisource_vol2_ch10_letter17.txt,England,CHARLES BAXTER,MARCH 8 1889,MARCH,8.0,1889.0
PER,0.9944853,1034,1039,wikisource_vol2_ch10_letter17.txt,Lloyd,CHARLES BAXTER,MARCH 8 1889,MARCH,8.0,1889.0
PER,0.8158306,1420,1430,wikisource_vol2_ch10_letter17.txt,The Master,CHARLES BAXTER,MARCH 8 1889,MARCH,8.0,1889.0
LOC,0.999337,1603,1609,wikisource_vol2_ch10_letter17.txt,Hawaii,CHARLES BAXTER,MARCH 8 1889,MARCH,8.0,1889.0
PER,0.9947606,1685,1688,wikisource_vol2_ch10_letter17.txt,God,CHARLES BAXTER,MARCH 8 1889,MARCH,8.0,1889.0
PER,0.9982693,1790,1798,wikisource_vol2_ch10_letter17.txt,Kalakaua,CHARLES BAXTER,MARCH 8 1889,MARCH,8.0,1889.0
PER,0.99971056,11,22,wikisource_vol2_ch10_letter18.txt,Henry James,HENRY JAMES,MARCH 1889,MARCH,,1889.0
LOC,0.9984357,24,32,wikisource_vol2_ch10_letter18.txt,Honolulu,HENRY JAMES,MARCH 1889,MARCH,,1889.0
PER,0.7096098,55,60,wikisource_vol2_ch10_letter18.txt,James,HENRY JAMES,MARCH 1889,MARCH,,1889.0
LOC,0.9997032,511,519,wikisource_vol2_ch10_letter18.txt,Honolulu,HENRY JAMES,MARCH 1889,MARCH,,1889.0
PER,0.99980783,981,992,wikisource_vol2_ch10_letter18.txt,Henry James,HENRY JAMES,MARCH 1889,MARCH,,1889.0
PER,0.99881375,1049,1054,wikisource_vol2_ch10_letter18.txt,H. J.,HENRY JAMES,MARCH 1889,MARCH,,1889.0
LOC,0.99973875,1105,1113,wikisource_vol2_ch10_letter18.txt,Honolulu,HENRY JAMES,MARCH 1889,MARCH,,1889.0
PER,0.9995691,1247,1252,wikisource_vol2_ch10_letter18.txt,James,HENRY JAMES,MARCH 1889,MARCH,,1889.0
PER,0.999431,1534,1541,wikisource_vol2_ch10_letter18.txt,Sitwell,HENRY JAMES,MARCH 1889,MARCH,,1889.0
PER,0.9998256,1760,1771,wikisource_vol2_ch10_letter18.txt,Henry James,HENRY JAMES,MARCH 1889,MARCH,,1889.0
PER,0.9986345,1865,1873,wikisource_vol2_ch10_letter18.txt,R. L. S.,HENRY JAMES,MARCH 1889,MARCH,,1889.0
PER,0.9233349,11,24,wikisource_vol2_ch10_letter19.txt,Sidney Colvin,SIDNEY COLVIN,APRIL 2 1889,APRIL,2.0,1889.0
LOC,0.99983275,26,34,wikisource_vol2_ch10_letter19.txt,Honolulu,SIDNEY COLVIN,APRIL 2 1889,APRIL,2.0,1889.0
PER,0.99933463,459,464,wikisource_vol2_ch10_letter19.txt,Fanny,SIDNEY COLVIN,APRIL 2 1889,APRIL,2.0,1889.0
PER,0.99926454,469,474,wikisource_vol2_ch10_letter19.txt,Lloyd,SIDNEY COLVIN,APRIL 2 1889,APRIL,2.0,1889.0
ORG,0.9990612,719,731,wikisource_vol2_ch10_letter19.txt,Boston Board,SIDNEY COLVIN,APRIL 2 1889,APRIL,2.0,1889.0
LOC,0.9998394,754,762,wikisource_vol2_ch10_letter19.txt,Honolulu,SIDNEY COLVIN,APRIL 2 1889,APRIL,2.0,1889.0
ORG,0.9317201,818,830,wikisource_vol2_ch10_letter19.txt,Morning Star,SIDNEY COLVIN,APRIL 2 1889,APRIL,2.0,1889.0
LOC,0.9635236,857,865,wikisource_vol2_ch10_letter19.txt,Gilberts,SIDNEY COLVIN,APRIL 2 1889,APRIL,2.0,1889.0
LOC,0.96545047,870,879,wikisource_vol2_ch10_letter19.txt,Marshalls,SIDNEY COLVIN,APRIL 2 1889,APRIL,2.0,1889.0
LOC,0.9996814,921,927,wikisource_vol2_ch10_letter19.txt,Ponape,SIDNEY COLVIN,APRIL 2 1889,APRIL,2.0,1889.0
LOC,0.9998098,964,973,wikisource_vol2_ch10_letter19.txt,Carolines,SIDNEY COLVIN,APRIL 2 1889,APRIL,2.0,1889.0
LOC,0.9997886,1170,1176,wikisource_vol2_ch10_letter19.txt,Sydney,SIDNEY COLVIN,APRIL 2 1889,APRIL,2.0,1889.0
ORG,0.89751726,1280,1292,wikisource_vol2_ch10_letter19.txt,Morning Star,SIDNEY COLVIN,APRIL 2 1889,APRIL,2.0,1889.0
LOC,0.99980074,1392,1396,wikisource_vol2_ch10_letter19.txt,Fiji,SIDNEY COLVIN,APRIL 2 1889,APRIL,2.0,1889.0
ORG,0.8148974,1438,1448,wikisource_vol2_ch10_letter19.txt,Friendlies,SIDNEY COLVIN,APRIL 2 1889,APRIL,2.0,1889.0
LOC,0.9968267,1472,1480,wikisource_vol2_ch10_letter19.txt,Richmond,SIDNEY COLVIN,APRIL 2 1889,APRIL,2.0,1889.0
LOC,0.9995003,1484,1494,wikisource_vol2_ch10_letter19.txt,Tonga Tabu,SIDNEY COLVIN,APRIL 2 1889,APRIL,2.0,1889.0
LOC,0.9997389,1509,1515,wikisource_vol2_ch10_letter19.txt,Tahiti,SIDNEY COLVIN,APRIL 2 1889,APRIL,2.0,1889.0
PER,0.7641122,1527,1532,wikisource_vol2_ch10_letter19.txt,S. F.,SIDNEY COLVIN,APRIL 2 1889,APRIL,2.0,1889.0
PER,0.99921656,1833,1838,wikisource_vol2_ch10_letter19.txt,Lloyd,SIDNEY COLVIN,APRIL 2 1889,APRIL,2.0,1889.0
PER,0.9915334,1962,1968,wikisource_vol2_ch10_letter19.txt,Colvin,SIDNEY COLVIN,APRIL 2 1889,APRIL,2.0,1889.0
PER,0.9816662,11,25,wikisource_vol2_ch10_letter2.txt,Charles Baxter,CHARLES BAXTER,SEPTEMBER 6 1888,SEPTEMBER,6.0,1888.0
LOC,0.9990551,34,39,wikisource_vol2_ch10_letter2.txt,Casco,CHARLES BAXTER,SEPTEMBER 6 1888,SEPTEMBER,6.0,1888.0
LOC,0.9127392,59,67,wikisource_vol2_ch10_letter2.txt,Paumotus,CHARLES BAXTER,SEPTEMBER 6 1888,SEPTEMBER,6.0,1888.0
PER,0.99839777,127,134,wikisource_vol2_ch10_letter2.txt,Charles,CHARLES BAXTER,SEPTEMBER 6 1888,SEPTEMBER,6.0,1888.0
PER,0.99934465,411,414,wikisource_vol2_ch10_letter2.txt,God,CHARLES BAXTER,SEPTEMBER 6 1888,SEPTEMBER,6.0,1888.0
LOC,0.98328906,473,494,wikisource_vol2_ch10_letter2.txt,Dangerous Archipelago,CHARLES BAXTER,SEPTEMBER 6 1888,SEPTEMBER,6.0,1888.0
LOC,0.9915404,567,582,wikisource_vol2_ch10_letter2.txt,Drummond Street,CHARLES BAXTER,SEPTEMBER 6 1888,SEPTEMBER,6.0,1888.0
PER,0.9829691,733,743,wikisource_vol2_ch10_letter2.txt,Rutherford,CHARLES BAXTER,SEPTEMBER 6 1888,SEPTEMBER,6.0,1888.0
LOC,0.99943054,1495,1505,wikisource_vol2_ch10_letter2.txt,South Seas,CHARLES BAXTER,SEPTEMBER 6 1888,SEPTEMBER,6.0,1888.0
PER,0.99976534,1568,1583,wikisource_vol2_ch10_letter2.txt,Herman Melville,CHARLES BAXTER,SEPTEMBER 6 1888,SEPTEMBER,6.0,1888.0
PER,0.9997327,1636,1639,wikisource_vol2_ch10_letter2.txt,God,CHARLES BAXTER,SEPTEMBER 6 1888,SEPTEMBER,6.0,1888.0
PER,0.9996823,1679,1686,wikisource_vol2_ch10_letter2.txt,R. L. S,CHARLES BAXTER,SEPTEMBER 6 1888,SEPTEMBER,6.0,1888.0
PER,0.97385436,11,27,wikisource_vol2_ch10_letter20.txt,E. L. Burlingame,E. L. BURLINGAME,APRIL 1889,APRIL,,1889.0
LOC,0.99923456,30,38,wikisource_vol2_ch10_letter20.txt,Honolulu,E. L. BURLINGAME,APRIL 1889,APRIL,,1889.0
LOC,0.9992926,163,173,wikisource_vol2_ch10_letter20.txt,South Seas,E. L. BURLINGAME,APRIL 1889,APRIL,,1889.0
ORG,0.5396715,359,363,wikisource_vol2_ch10_letter20.txt,Star,E. L. BURLINGAME,APRIL 1889,APRIL,,1889.0
ORG,0.99923384,376,388,wikisource_vol2_ch10_letter20.txt,Boston Board,E. L. BURLINGAME,APRIL 1889,APRIL,,1889.0
LOC,0.999175,427,431,wikisource_vol2_ch10_letter20.txt,Fiji,E. L. BURLINGAME,APRIL 1889,APRIL,,1889.0
LOC,0.6984905,480,486,wikisource_vol2_ch10_letter20.txt,Friend,E. L. BURLINGAME,APRIL 1889,APRIL,,1889.0
LOC,0.9946096,495,500,wikisource_vol2_ch10_letter20.txt,Samoa,E. L. BURLINGAME,APRIL 1889,APRIL,,1889.0
PER,0.99287295,534,544,wikisource_vol2_ch10_letter20.txt,Burlingame,E. L. BURLINGAME,APRIL 1889,APRIL,,1889.0
ORG,0.545543,580,584,wikisource_vol2_ch10_letter20.txt,Star,E. L. BURLINGAME,APRIL 1889,APRIL,,1889.0
LOC,0.9834911,936,951,wikisource_vol2_ch10_letter20.txt,Seaside Library,E. L. BURLINGAME,APRIL 1889,APRIL,,1889.0
PER,0.9924745,1050,1057,wikisource_vol2_ch10_letter20.txt,Marryat,E. L. BURLINGAME,APRIL 1889,APRIL,,1889.0
PER,0.8310777,1073,1085,wikisource_vol2_ch10_letter20.txt,Peter Simple,E. L. BURLINGAME,APRIL 1889,APRIL,,1889.0
PER,0.99684715,1087,1101,wikisource_vol2_ch10_letter20.txt,Percival Keene,E. L. BURLINGAME,APRIL 1889,APRIL,,1889.0
PER,0.99820775,1146,1159,wikisource_vol2_ch10_letter20.txt,Frank Mildmay,E. L. BURLINGAME,APRIL 1889,APRIL,,1889.0
PER,0.99839455,1161,1175,wikisource_vol2_ch10_letter20.txt,Newton Forster,E. L. BURLINGAME,APRIL 1889,APRIL,,1889.0
PER,0.9298097,1177,1183,wikisource_vol2_ch10_letter20.txt,Dog Fi,E. L. BURLINGAME,APRIL 1889,APRIL,,1889.0
LOC,0.5129552,1188,1189,wikisource_vol2_ch10_letter20.txt,S,E. L. BURLINGAME,APRIL 1889,APRIL,,1889.0
PER,0.70979434,1189,1198,wikisource_vol2_ch10_letter20.txt,##narleyyow,E. L. BURLINGAME,APRIL 1889,APRIL,,1889.0
PER,0.97225505,1223,1232,wikisource_vol2_ch10_letter20.txt,Kingsburn,E. L. BURLINGAME,APRIL 1889,APRIL,,1889.0
PER,0.9986308,1234,1241,wikisource_vol2_ch10_letter20.txt,Carlyle,E. L. BURLINGAME,APRIL 1889,APRIL,,1889.0
PER,0.99844253,1263,1269,wikisource_vol2_ch10_letter20.txt,Motley,E. L. BURLINGAME,APRIL 1889,APRIL,,1889.0
PER,0.9987816,1288,1292,wikisource_vol2_ch10_letter20.txt,Lang,E. L. BURLINGAME,APRIL 1889,APRIL,,1889.0
PER,0.99558866,1346,1352,wikisource_vol2_ch10_letter20.txt,Jenkin,E. L. BURLINGAME,APRIL 1889,APRIL,,1889.0
PER,0.9030183,1829,1841,wikisource_vol2_ch10_letter20.txt,Mackellarese,E. L. BURLINGAME,APRIL 1889,APRIL,,1889.0
PER,0.9923579,16,31,wikisource_vol2_ch10_letter21.txt,Adelaide Boodle,MISS ADELAIDE BOODLE,APRIL 6 1889,APRIL,6.0,1889.0
LOC,0.9996965,33,41,wikisource_vol2_ch10_letter21.txt,Honolulu,MISS ADELAIDE BOODLE,APRIL 6 1889,APRIL,6.0,1889.0
PER,0.8842503,73,79,wikisource_vol2_ch10_letter21.txt,Boodle,MISS ADELAIDE BOODLE,APRIL 6 1889,APRIL,6.0,1889.0
LOC,0.97174925,640,647,wikisource_vol2_ch10_letter21.txt,Equator,MISS ADELAIDE BOODLE,APRIL 6 1889,APRIL,6.0,1889.0
PER,0.92759013,654,661,wikisource_vol2_ch10_letter21.txt,Tautira,MISS ADELAIDE BOODLE,APRIL 6 1889,APRIL,6.0,1889.0
PER,0.9884376,707,714,wikisource_vol2_ch10_letter21.txt,Tautira,MISS ADELAIDE BOODLE,APRIL 6 1889,APRIL,6.0,1889.0
PER,0.99959856,981,986,wikisource_vol2_ch10_letter21.txt,Fanny,MISS ADELAIDE BOODLE,APRIL 6 1889,APRIL,6.0,1889.0
PER,0.99938834,988,993,wikisource_vol2_ch10_letter21.txt,Lloyd,MISS ADELAIDE BOODLE,APRIL 6 1889,APRIL,6.0,1889.0
LOC,0.9900306,1060,1067,wikisource_vol2_ch10_letter21.txt,Equator,MISS ADELAIDE BOODLE,APRIL 6 1889,APRIL,6.0,1889.0
PER,0.5305871,1084,1091,wikisource_vol2_ch10_letter21.txt,Gilbert,MISS ADELAIDE BOODLE,APRIL 6 1889,APRIL,6.0,1889.0
LOC,0.99686956,1189,1198,wikisource_vol2_ch10_letter21.txt,Marshalls,MISS ADELAIDE BOODLE,APRIL 6 1889,APRIL,6.0,1889.0
LOC,0.99826205,1203,1212,wikisource_vol2_ch10_letter21.txt,Carolines,MISS ADELAIDE BOODLE,APRIL 6 1889,APRIL,6.0,1889.0
LOC,0.9997763,1250,1255,wikisource_vol2_ch10_letter21.txt,Samoa,MISS ADELAIDE BOODLE,APRIL 6 1889,APRIL,6.0,1889.0
LOC,0.99975795,1269,1275,wikisource_vol2_ch10_letter21.txt,Tahiti,MISS ADELAIDE BOODLE,APRIL 6 1889,APRIL,6.0,1889.0
PER,0.57827646,1400,1401,wikisource_vol2_ch10_letter21.txt,S,MISS ADELAIDE BOODLE,APRIL 6 1889,APRIL,6.0,1889.0
PER,0.9995844,1527,1532,wikisource_vol2_ch10_letter21.txt,Fanny,MISS ADELAIDE BOODLE,APRIL 6 1889,APRIL,6.0,1889.0
PER,0.9994785,1588,1593,wikisource_vol2_ch10_letter21.txt,Lloyd,MISS ADELAIDE BOODLE,APRIL 6 1889,APRIL,6.0,1889.0
ORG,0.9975765,1777,1789,wikisource_vol2_ch10_letter21.txt,Morning Star,MISS ADELAIDE BOODLE,APRIL 6 1889,APRIL,6.0,1889.0
LOC,0.9997445,1962,1978,wikisource_vol2_ch10_letter21.txt,Sandwich Islands,MISS ADELAIDE BOODLE,APRIL 6 1889,APRIL,6.0,1889.0
PER,0.9996867,11,25,wikisource_vol2_ch10_letter22.txt,Charles Baxter,CHARLES BAXTER,APRIL 1889,APRIL,,1889.0
LOC,0.99928516,27,35,wikisource_vol2_ch10_letter22.txt,Honolulu,CHARLES BAXTER,APRIL 1889,APRIL,,1889.0
PER,0.9749162,57,64,wikisource_vol2_ch10_letter22.txt,Charles,CHARLES BAXTER,APRIL 1889,APRIL,,1889.0
PER,0.99542224,258,264,wikisource_vol2_ch10_letter22.txt,Colvin,CHARLES BAXTER,APRIL 1889,APRIL,,1889.0
LOC,0.99903274,377,387,wikisource_vol2_ch10_letter22.txt,South Seas,CHARLES BAXTER,APRIL 1889,APRIL,,1889.0
ORG,0.99773675,455,467,wikisource_vol2_ch10_letter22.txt,Morning Star,CHARLES BAXTER,APRIL 1889,APRIL,,1889.0
LOC,0.6686434,531,532,wikisource_vol2_ch10_letter22.txt,E,CHARLES BAXTER,APRIL 1889,APRIL,,1889.0
ORG,0.67230934,532,535,wikisource_vol2_ch10_letter22.txt,##qua,CHARLES BAXTER,APRIL 1889,APRIL,,1889.0
LOC,0.53797764,535,538,wikisource_vol2_ch10_letter22.txt,##tor,CHARLES BAXTER,APRIL 1889,APRIL,,1889.0
LOC,0.9139317,608,616,wikisource_vol2_ch10_letter22.txt,Gilberts,CHARLES BAXTER,APRIL 1889,APRIL,,1889.0
PER,0.7242814,645,649,wikisource_vol2_ch10_letter22.txt,Lord,CHARLES BAXTER,APRIL 1889,APRIL,,1889.0
LOC,0.994333,830,840,wikisource_vol2_ch10_letter22.txt,Butaritari,CHARLES BAXTER,APRIL 1889,APRIL,,1889.0
LOC,0.98092306,880,889,wikisource_vol2_ch10_letter22.txt,Marshalls,CHARLES BAXTER,APRIL 1889,APRIL,,1889.0
LOC,0.99586505,894,903,wikisource_vol2_ch10_letter22.txt,Carolines,CHARLES BAXTER,APRIL 1889,APRIL,,1889.0
LOC,0.99952924,932,937,wikisource_vol2_ch10_letter22.txt,Samoa,CHARLES BAXTER,APRIL 1889,APRIL,,1889.0
LOC,0.9939135,1007,1015,wikisource_vol2_ch10_letter22.txt,Richmond,CHARLES BAXTER,APRIL 1889,APRIL,,1889.0
LOC,0.9311481,1052,1060,wikisource_vol2_ch10_letter22.txt,Richmond,CHARLES BAXTER,APRIL 1889,APRIL,,1889.0
LOC,0.9434097,1086,1104,wikisource_vol2_ch10_letter22.txt,Eastern South Seas,CHARLES BAXTER,APRIL 1889,APRIL,,1889.0
LOC,0.99922025,1114,1125,wikisource_vol2_ch10_letter22.txt,New Zealand,CHARLES BAXTER,APRIL 1889,APRIL,,1889.0
LOC,0.9973345,1127,1136,wikisource_vol2_ch10_letter22.txt,Tongatabu,CHARLES BAXTER,APRIL 1889,APRIL,,1889.0
LOC,0.9710853,1142,1148,wikisource_vol2_ch10_letter22.txt,Samoas,CHARLES BAXTER,APRIL 1889,APRIL,,1889.0
LOC,0.99693114,1150,1157,wikisource_vol2_ch10_letter22.txt,Taheite,CHARLES BAXTER,APRIL 1889,APRIL,,1889.0
LOC,0.9985862,1163,1172,wikisource_vol2_ch10_letter22.txt,Rarotonga,CHARLES BAXTER,APRIL 1889,APRIL,,1889.0
LOC,0.99722016,1250,1258,wikisource_vol2_ch10_letter22.txt,Richmond,CHARLES BAXTER,APRIL 1889,APRIL,,1889.0
LOC,0.99355865,1268,1275,wikisource_vol2_ch10_letter22.txt,Taheite,CHARLES BAXTER,APRIL 1889,APRIL,,1889.0
ORG,0.99978304,1325,1339,wikisource_vol2_ch10_letter22.txt,Scots Observer,CHARLES BAXTER,APRIL 1889,APRIL,,1889.0
LOC,0.9476519,1426,1433,wikisource_vol2_ch10_letter22.txt,Gilbert,CHARLES BAXTER,APRIL 1889,APRIL,,1889.0
PER,0.9980142,1474,1480,wikisource_vol2_ch10_letter22.txt,Baxter,CHARLES BAXTER,APRIL 1889,APRIL,,1889.0
PER,0.9627679,1686,1693,wikisource_vol2_ch10_letter22.txt,R. L. S,CHARLES BAXTER,APRIL 1889,APRIL,,1889.0
PER,0.99830616,11,25,wikisource_vol2_ch10_letter23.txt,Charles Baxter,CHARLES BAXTER,MAY 10 1889,MAY,10.0,1889.0
LOC,0.9997013,27,35,wikisource_vol2_ch10_letter23.txt,Honolulu,CHARLES BAXTER,MAY 10 1889,MAY,10.0,1889.0
PER,0.99534434,60,67,wikisource_vol2_ch10_letter23.txt,Charles,CHARLES BAXTER,MAY 10 1889,MAY,10.0,1889.0
PER,0.9991097,1366,1377,wikisource_vol2_ch10_letter23.txt,Davie Jones,CHARLES BAXTER,MAY 10 1889,MAY,10.0,1889.0
PER,0.9940179,1449,1457,wikisource_vol2_ch10_letter23.txt,Long Pig,CHARLES BAXTER,MAY 10 1889,MAY,10.0,1889.0
LOC,0.9994029,1514,1520,wikisource_vol2_ch10_letter23.txt,Hawaii,CHARLES BAXTER,MAY 10 1889,MAY,10.0,1889.0
LOC,0.9983067,1655,1662,wikisource_vol2_ch10_letter23.txt,Molokai,CHARLES BAXTER,MAY 10 1889,MAY,10.0,1889.0
PER,0.9990891,1796,1799,wikisource_vol2_ch10_letter23.txt,God,CHARLES BAXTER,MAY 10 1889,MAY,10.0,1889.0
PER,0.99919075,1818,1821,wikisource_vol2_ch10_letter23.txt,God,CHARLES BAXTER,MAY 10 1889,MAY,10.0,1889.0
PER,0.99712884,11,20,wikisource_vol2_ch10_letter24.txt,W. H. Low,W. H. LOW,MAY 20 1889,MAY,20.0,1889.0
LOC,0.99941766,22,30,wikisource_vol2_ch10_letter24.txt,Honolulu,W. H. LOW,MAY 20 1889,MAY,20.0,1889.0
PER,0.99842685,376,386,wikisource_vol2_ch10_letter24.txt,Burlingame,W. H. LOW,MAY 20 1889,MAY,20.0,1889.0
PER,0.9579105,489,493,wikisource_vol2_ch10_letter24.txt,Hole,W. H. LOW,MAY 20 1889,MAY,20.0,1889.0
PER,0.8742795,665,671,wikisource_vol2_ch10_letter24.txt,Master,W. H. LOW,MAY 20 1889,MAY,20.0,1889.0
LOC,0.9996258,730,736,wikisource_vol2_ch10_letter24.txt,Sydney,W. H. LOW,MAY 20 1889,MAY,20.0,1889.0
PER,0.99029624,780,788,wikisource_vol2_ch10_letter24.txt,Will. H.,W. H. LOW,MAY 20 1889,MAY,20.0,1889.0
PER,0.9992239,892,900,wikisource_vol2_ch10_letter24.txt,Kaiulani,W. H. LOW,MAY 20 1889,MAY,20.0,1889.0
LOC,0.5568215,1158,1167,wikisource_vol2_ch10_letter24.txt,Edinburgh,W. H. LOW,MAY 20 1889,MAY,20.0,1889.0
PER,0.9972778,1403,1407,wikisource_vol2_ch10_letter24.txt,Zola,W. H. LOW,MAY 20 1889,MAY,20.0,1889.0
PER,0.99963295,1507,1511,wikisource_vol2_ch10_letter24.txt,Zola,W. H. LOW,MAY 20 1889,MAY,20.0,1889.0
LOC,0.98637646,1603,1608,wikisource_vol2_ch10_letter24.txt,U. S. A,W. H. LOW,MAY 20 1889,MAY,20.0,1889.0
LOC,0.99949944,1617,1622,wikisource_vol2_ch10_letter24.txt,Samoa,W. H. LOW,MAY 20 1889,MAY,20.0,1889.0
PER,0.99794155,1730,1736,wikisource_vol2_ch10_letter24.txt,Gordon,W. H. LOW,MAY 20 1889,MAY,20.0,1889.0
PER,0.61875516,1878,1880,wikisource_vol2_ch10_letter24.txt,Vi,W. H. LOW,MAY 20 1889,MAY,20.0,1889.0
PER,0.9996756,16,31,wikisource_vol2_ch10_letter25.txt,R. L. Stevenson,MRS. R. L. STEVENSON,MAY 1889,MAY,,1889.0
LOC,0.9962308,33,40,wikisource_vol2_ch10_letter25.txt,Kalawao,MRS. R. L. STEVENSON,MAY 1889,MAY,,1889.0
LOC,0.99908143,42,49,wikisource_vol2_ch10_letter25.txt,Molokai,MRS. R. L. STEVENSON,MAY 1889,MAY,,1889.0
PER,0.9993919,67,72,wikisource_vol2_ch10_letter25.txt,Fanny,MRS. R. L. STEVENSON,MAY 1889,MAY,,1889.0
PER,0.9996388,108,115,wikisource_vol2_ch10_letter25.txt,Cameron,MRS. R. L. STEVENSON,MAY 1889,MAY,,1889.0
PER,0.9997181,124,133,wikisource_vol2_ch10_letter25.txt,Gilfillan,MRS. R. L. STEVENSON,MAY 1889,MAY,,1889.0
LOC,0.9998543,152,158,wikisource_vol2_ch10_letter25.txt,States,MRS. R. L. STEVENSON,MAY 1889,MAY,,1889.0
PER,0.9997762,327,336,wikisource_vol2_ch10_letter25.txt,Gilfillan,MRS. R. L. STEVENSON,MAY 1889,MAY,,1889.0
LOC,0.9997609,1545,1553,wikisource_vol2_ch10_letter25.txt,Honolulu,MRS. R. L. STEVENSON,MAY 1889,MAY,,1889.0
PER,0.9200146,11,24,wikisource_vol2_ch10_letter26.txt,Sidney Colvin,SIDNEY COLVIN,JUNE 1889,JUNE,,1889.0
LOC,0.9994843,26,34,wikisource_vol2_ch10_letter26.txt,Honolulu,SIDNEY COLVIN,JUNE 1889,JUNE,,1889.0
LOC,0.99934405,109,116,wikisource_vol2_ch10_letter26.txt,Molokai,SIDNEY COLVIN,JUNE 1889,JUNE,,1889.0
LOC,0.99944514,336,343,wikisource_vol2_ch10_letter26.txt,Kalawao,SIDNEY COLVIN,JUNE 1889,JUNE,,1889.0
LOC,0.9993968,347,356,wikisource_vol2_ch10_letter26.txt,Kalaupapa,SIDNEY COLVIN,JUNE 1889,JUNE,,1889.0
ORG,0.5342968,493,500,wikisource_vol2_ch10_letter26.txt,Sisters,SIDNEY COLVIN,JUNE 1889,JUNE,,1889.0
ORG,0.9579035,657,664,wikisource_vol2_ch10_letter26.txt,Sisters,SIDNEY COLVIN,JUNE 1889,JUNE,,1889.0
PER,0.9995092,965,973,wikisource_vol2_ch10_letter26.txt,Maryanne,SIDNEY COLVIN,JUNE 1889,JUNE,,1889.0
PER,0.50276315,982,986,wikisource_vol2_ch10_letter26.txt,Home,SIDNEY COLVIN,JUNE 1889,JUNE,,1889.0
LOC,0.9987307,988,997,wikisource_vol2_ch10_letter26.txt,Kalaupapa,SIDNEY COLVIN,JUNE 1889,JUNE,,1889.0
LOC,0.9995284,999,1006,wikisource_vol2_ch10_letter26.txt,Molokai,SIDNEY COLVIN,JUNE 1889,JUNE,,1889.0
LOC,0.99957776,1008,1024,wikisource_vol2_ch10_letter26.txt,Hawaiian Islands,SIDNEY COLVIN,JUNE 1889,JUNE,,1889.0
PER,0.9977118,1284,1295,wikisource_vol2_ch10_letter26.txt,Victor Hugo,SIDNEY COLVIN,JUNE 1889,JUNE,,1889.0
PER,0.9997464,1818,1824,wikisource_vol2_ch10_letter26.txt,Damien,SIDNEY COLVIN,JUNE 1889,JUNE,,1889.0
PER,0.9974938,11,21,wikisource_vol2_ch10_letter27.txt,James Payn,JAMES PAYN,JUNE 13 1889,JUNE,13.0,1889.0
LOC,0.99976486,23,31,wikisource_vol2_ch10_letter27.txt,Honolulu,JAMES PAYN,JUNE 13 1889,JUNE,13.0,1889.0
LOC,0.99831074,33,37,wikisource_vol2_ch10_letter27.txt,H. I.,JAMES PAYN,JUNE 13 1889,JUNE,13.0,1889.0
PER,0.9955971,64,74,wikisource_vol2_ch10_letter27.txt,James Payn,JAMES PAYN,JUNE 13 1889,JUNE,13.0,1889.0
PER,0.9998418,435,438,wikisource_vol2_ch10_letter27.txt,God,JAMES PAYN,JUNE 13 1889,JUNE,13.0,1889.0
PER,0.9997985,633,636,wikisource_vol2_ch10_letter27.txt,God,JAMES PAYN,JUNE 13 1889,JUNE,13.0,1889.0
LOC,0.9994382,1557,1564,wikisource_vol2_ch10_letter27.txt,Molokai,JAMES PAYN,JUNE 13 1889,JUNE,13.0,1889.0
PER,0.9726705,11,28,wikisource_vol2_ch10_letter28.txt,Sidney Colvin Sc,SIDNEY COLVIN,AUGUST 22 1889,AUGUST,22.0,1889.0
LOC,0.5340321,36,43,wikisource_vol2_ch10_letter28.txt,Equator,SIDNEY COLVIN,AUGUST 22 1889,AUGUST,22.0,1889.0
LOC,0.9966944,46,60,wikisource_vol2_ch10_letter28.txt,Apaiang Lagoon,SIDNEY COLVIN,AUGUST 22 1889,AUGUST,22.0,1889.0
PER,0.99947315,307,310,wikisource_vol2_ch10_letter28.txt,God,SIDNEY COLVIN,AUGUST 22 1889,AUGUST,22.0,1889.0
PER,0.5433687,841,845,wikisource_vol2_ch10_letter28.txt,Brio,SIDNEY COLVIN,AUGUST 22 1889,AUGUST,22.0,1889.0
LOC,0.9959954,1251,1263,wikisource_vol2_ch10_letter28.txt,New Hebrides,SIDNEY COLVIN,AUGUST 22 1889,AUGUST,22.0,1889.0
PER,0.99799,1361,1378,wikisource_vol2_ch10_letter28.txt,Rob Roy Macgregor,SIDNEY COLVIN,AUGUST 22 1889,AUGUST,22.0,1889.0
PER,0.9549275,1559,1566,wikisource_vol2_ch10_letter28.txt,Rob Roy,SIDNEY COLVIN,AUGUST 22 1889,AUGUST,22.0,1889.0
PER,0.9518182,11,24,wikisource_vol2_ch10_letter29.txt,Sidney Colvin,SIDNEY COLVIN,DECEMBER 2 1889,DECEMBER,2.0,1889.0
LOC,0.997297,68,73,wikisource_vol2_ch10_letter29.txt,Samoa,SIDNEY COLVIN,DECEMBER 2 1889,DECEMBER,2.0,1889.0
LOC,0.99690557,353,360,wikisource_vol2_ch10_letter29.txt,Equator,SIDNEY COLVIN,DECEMBER 2 1889,DECEMBER,2.0,1889.0
PER,0.9970579,547,552,wikisource_vol2_ch10_letter29.txt,Fanny,SIDNEY COLVIN,DECEMBER 2 1889,DECEMBER,2.0,1889.0
LOC,0.99907416,692,704,wikisource_vol2_ch10_letter29.txt,Winslow Reef,SIDNEY COLVIN,DECEMBER 2 1889,DECEMBER,2.0,1889.0
LOC,0.9981415,1144,1148,wikisource_vol2_ch10_letter29.txt,Apia,SIDNEY COLVIN,DECEMBER 2 1889,DECEMBER,2.0,1889.0
LOC,0.9997158,1392,1401,wikisource_vol2_ch10_letter29.txt,South Sea,SIDNEY COLVIN,DECEMBER 2 1889,DECEMBER,2.0,1889.0
LOC,0.9998084,1635,1640,wikisource_vol2_ch10_letter29.txt,Samoa,SIDNEY COLVIN,DECEMBER 2 1889,DECEMBER,2.0,1889.0
PER,0.9845868,11,24,wikisource_vol2_ch10_letter3.txt,Sidney Colvin,SIDNEY COLVIN,SEPTEMBER 21 1888,SEPTEMBER,21.0,1888.0
LOC,0.9913861,26,34,wikisource_vol2_ch10_letter3.txt,Fakarava,SIDNEY COLVIN,SEPTEMBER 21 1888,SEPTEMBER,21.0,1888.0
LOC,0.995195,36,51,wikisource_vol2_ch10_letter3.txt,Low Archipelago,SIDNEY COLVIN,SEPTEMBER 21 1888,SEPTEMBER,21.0,1888.0
LOC,0.9996419,163,176,wikisource_vol2_ch10_letter3.txt,San Francisco,SIDNEY COLVIN,SEPTEMBER 21 1888,SEPTEMBER,21.0,1888.0
LOC,0.9995935,180,185,wikisource_vol2_ch10_letter3.txt,Anaho,SIDNEY COLVIN,SEPTEMBER 21 1888,SEPTEMBER,21.0,1888.0
LOC,0.944939,191,195,wikisource_vol2_ch10_letter3.txt,N. E.,SIDNEY COLVIN,SEPTEMBER 21 1888,SEPTEMBER,21.0,1888.0
LOC,0.9987832,206,214,wikisource_vol2_ch10_letter3.txt,Nukahiva,SIDNEY COLVIN,SEPTEMBER 21 1888,SEPTEMBER,21.0,1888.0
LOC,0.9997299,227,244,wikisource_vol2_ch10_letter3.txt,Marquesas Islands,SIDNEY COLVIN,SEPTEMBER 21 1888,SEPTEMBER,21.0,1888.0
LOC,0.9959512,348,357,wikisource_vol2_ch10_letter3.txt,Tai - o - hae,SIDNEY COLVIN,SEPTEMBER 21 1888,SEPTEMBER,21.0,1888.0
LOC,0.9711749,441,446,wikisource_vol2_ch10_letter3.txt,Ua - pu,SIDNEY COLVIN,SEPTEMBER 21 1888,SEPTEMBER,21.0,1888.0
LOC,0.9252968,457,465,wikisource_vol2_ch10_letter3.txt,Rona - Poa,SIDNEY COLVIN,SEPTEMBER 21 1888,SEPTEMBER,21.0,1888.0
LOC,0.99698764,498,507,wikisource_vol2_ch10_letter3.txt,Bondelais,SIDNEY COLVIN,SEPTEMBER 21 1888,SEPTEMBER,21.0,1888.0
LOC,0.97785985,519,528,wikisource_vol2_ch10_letter3.txt,Taaka - uku,SIDNEY COLVIN,SEPTEMBER 21 1888,SEPTEMBER,21.0,1888.0
LOC,0.98937005,532,539,wikisource_vol2_ch10_letter3.txt,Hiva - Oa,SIDNEY COLVIN,SEPTEMBER 21 1888,SEPTEMBER,21.0,1888.0
LOC,0.9997191,627,635,wikisource_vol2_ch10_letter3.txt,Fakarava,SIDNEY COLVIN,SEPTEMBER 21 1888,SEPTEMBER,21.0,1888.0
LOC,0.9987801,758,763,wikisource_vol2_ch10_letter3.txt,Taiti,SIDNEY COLVIN,SEPTEMBER 21 1888,SEPTEMBER,21.0,1888.0
LOC,0.9994228,1248,1253,wikisource_vol2_ch10_letter3.txt,Casco,SIDNEY COLVIN,SEPTEMBER 21 1888,SEPTEMBER,21.0,1888.0
LOC,0.6001881,1772,1778,wikisource_vol2_ch10_letter3.txt,Henley,SIDNEY COLVIN,SEPTEMBER 21 1888,SEPTEMBER,21.0,1888.0
PER,0.9937314,1780,1791,wikisource_vol2_ch10_letter3.txt,Henry James,SIDNEY COLVIN,SEPTEMBER 21 1888,SEPTEMBER,21.0,1888.0
PER,0.74988675,1908,1924,wikisource_vol2_ch10_letter3.txt,Old Man Virulent,SIDNEY COLVIN,SEPTEMBER 21 1888,SEPTEMBER,21.0,1888.0
LOC,0.9947842,1926,1931,wikisource_vol2_ch10_letter3.txt,Taiti,SIDNEY COLVIN,SEPTEMBER 21 1888,SEPTEMBER,21.0,1888.0
PER,0.94348335,11,33,wikisource_vol2_ch10_letter30.txt,E. L. Burlingame Scho,E. L. BURLINGAME,DECEMBER 4 1889,DECEMBER,4.0,1889.0
ORG,0.66289,39,43,wikisource_vol2_ch10_letter30.txt,Equa,E. L. BURLINGAME,DECEMBER 4 1889,DECEMBER,4.0,1889.0
LOC,0.97557366,49,55,wikisource_vol2_ch10_letter30.txt,At Sea,E. L. BURLINGAME,DECEMBER 4 1889,DECEMBER,4.0,1889.0
LOC,0.9998783,247,252,wikisource_vol2_ch10_letter30.txt,Samoa,E. L. BURLINGAME,DECEMBER 4 1889,DECEMBER,4.0,1889.0
LOC,0.99970335,350,356,wikisource_vol2_ch10_letter30.txt,Sydney,E. L. BURLINGAME,DECEMBER 4 1889,DECEMBER,4.0,1889.0
ORG,0.92489094,528,536,wikisource_vol2_ch10_letter30.txt,Magazine,E. L. BURLINGAME,DECEMBER 4 1889,DECEMBER,4.0,1889.0
ORG,0.57492065,693,702,wikisource_vol2_ch10_letter30.txt,South Sea,E. L. BURLINGAME,DECEMBER 4 1889,DECEMBER,4.0,1889.0
PER,0.99279,712,720,wikisource_vol2_ch10_letter30.txt,R. L. S.,E. L. BURLINGAME,DECEMBER 4 1889,DECEMBER,4.0,1889.0
PER,0.9998767,725,739,wikisource_vol2_ch10_letter30.txt,Lloyd Osbourne,E. L. BURLINGAME,DECEMBER 4 1889,DECEMBER,4.0,1889.0
LOC,0.99932146,954,967,wikisource_vol2_ch10_letter30.txt,San Francisco,E. L. BURLINGAME,DECEMBER 4 1889,DECEMBER,4.0,1889.0
PER,0.99961454,1037,1050,wikisource_vol2_ch10_letter30.txt,Jim Pinkerton,E. L. BURLINGAME,DECEMBER 4 1889,DECEMBER,4.0,1889.0
LOC,0.99983656,1181,1189,wikisource_vol2_ch10_letter30.txt,Honolulu,E. L. BURLINGAME,DECEMBER 4 1889,DECEMBER,4.0,1889.0
LOC,0.9998105,1410,1416,wikisource_vol2_ch10_letter30.txt,States,E. L. BURLINGAME,DECEMBER 4 1889,DECEMBER,4.0,1889.0
LOC,0.999863,1421,1428,wikisource_vol2_ch10_letter30.txt,England,E. L. BURLINGAME,DECEMBER 4 1889,DECEMBER,4.0,1889.0
LOC,0.76106757,1563,1570,wikisource_vol2_ch10_letter30.txt,Gilbert,E. L. BURLINGAME,DECEMBER 4 1889,DECEMBER,4.0,1889.0
PER,0.995058,11,25,wikisource_vol2_ch10_letter31.txt,Charles Baxter,CHARLES BAXTER,DECEMBER 1889,DECEMBER,,1889.0
LOC,0.9990663,27,32,wikisource_vol2_ch10_letter31.txt,Samoa,CHARLES BAXTER,DECEMBER 1889,DECEMBER,,1889.0
LOC,0.99958473,116,121,wikisource_vol2_ch10_letter31.txt,Tonga,CHARLES BAXTER,DECEMBER 1889,DECEMBER,,1889.0
LOC,0.99954945,125,129,wikisource_vol2_ch10_letter31.txt,Fiji,CHARLES BAXTER,DECEMBER 1889,DECEMBER,,1889.0
LOC,0.9997923,840,845,wikisource_vol2_ch10_letter31.txt,Tonga,CHARLES BAXTER,DECEMBER 1889,DECEMBER,,1889.0
LOC,0.9998116,849,853,wikisource_vol2_ch10_letter31.txt,Fiji,CHARLES BAXTER,DECEMBER 1889,DECEMBER,,1889.0
LOC,0.9997986,1006,1012,wikisource_vol2_ch10_letter31.txt,Sydney,CHARLES BAXTER,DECEMBER 1889,DECEMBER,,1889.0
ORG,0.9552618,1504,1524,wikisource_vol2_ch10_letter31.txt,Blackwood ' S Magazine,CHARLES BAXTER,DECEMBER 1889,DECEMBER,,1889.0
LOC,0.99974424,1651,1657,wikisource_vol2_ch10_letter31.txt,Tahiti,CHARLES BAXTER,DECEMBER 1889,DECEMBER,,1889.0
PER,0.9992976,1684,1691,wikisource_vol2_ch10_letter31.txt,Mataafa,CHARLES BAXTER,DECEMBER 1889,DECEMBER,,1889.0
PER,0.9989519,1786,1793,wikisource_vol2_ch10_letter31.txt,Mataafa,CHARLES BAXTER,DECEMBER 1889,DECEMBER,,1889.0
PER,0.9988906,1938,1947,wikisource_vol2_ch10_letter31.txt,Blackwood,CHARLES BAXTER,DECEMBER 1889,DECEMBER,,1889.0
PER,0.99938375,2021,2029,wikisource_vol2_ch10_letter31.txt,Oliphant,CHARLES BAXTER,DECEMBER 1889,DECEMBER,,1889.0
PER,0.99215883,15,26,wikisource_vol2_ch10_letter32.txt,Scott Apia,DR. SCOTT,JANUARY 20 1890,JANUARY,20.0,1890.0
LOC,0.99990094,28,33,wikisource_vol2_ch10_letter32.txt,Samoa,DR. SCOTT,JANUARY 20 1890,JANUARY,20.0,1890.0
PER,0.9995049,63,68,wikisource_vol2_ch10_letter32.txt,Scott,DR. SCOTT,JANUARY 20 1890,JANUARY,20.0,1890.0
LOC,0.9997908,175,185,wikisource_vol2_ch10_letter32.txt,South Seas,DR. SCOTT,JANUARY 20 1890,JANUARY,20.0,1890.0
PER,0.99945515,632,637,wikisource_vol2_ch10_letter32.txt,Lloyd,DR. SCOTT,JANUARY 20 1890,JANUARY,20.0,1890.0
LOC,0.9998702,959,966,wikisource_vol2_ch10_letter32.txt,England,DR. SCOTT,JANUARY 20 1890,JANUARY,20.0,1890.0
PER,0.91908765,2001,2012,wikisource_vol2_ch10_letter32.txt,Miss Boodle,DR. SCOTT,JANUARY 20 1890,JANUARY,20.0,1890.0
LOC,0.9994874,2073,2084,wikisource_vol2_ch10_letter32.txt,Bournemouth,DR. SCOTT,JANUARY 20 1890,JANUARY,20.0,1890.0
PER,0.99928147,11,25,wikisource_vol2_ch10_letter33.txt,Charles Baxter,CHARLES BAXTER,FEBRUARY 3 1890,FEBRUARY,3.0,1890.0
LOC,0.92315066,73,77,wikisource_vol2_ch10_letter33.txt,Apia,CHARLES BAXTER,FEBRUARY 3 1890,FEBRUARY,3.0,1890.0
LOC,0.9949759,82,88,wikisource_vol2_ch10_letter33.txt,Sydney,CHARLES BAXTER,FEBRUARY 3 1890,FEBRUARY,3.0,1890.0
PER,0.99416554,98,105,wikisource_vol2_ch10_letter33.txt,Charles,CHARLES BAXTER,FEBRUARY 3 1890,FEBRUARY,3.0,1890.0
LOC,0.9972046,408,417,wikisource_vol2_ch10_letter33.txt,Edinburgh,CHARLES BAXTER,FEBRUARY 3 1890,FEBRUARY,3.0,1890.0
PER,0.9669092,11,30,wikisource_vol2_ch10_letter34.txt,E. L. Burlingame S,E. L. BURLINGAME,FEBRUARY 1890,FEBRUARY,,1890.0
PER,0.9818655,33,39,wikisource_vol2_ch10_letter34.txt,Lubeck,E. L. BURLINGAME,FEBRUARY 1890,FEBRUARY,,1890.0
LOC,0.9962003,50,54,wikisource_vol2_ch10_letter34.txt,Apia,E. L. BURLINGAME,FEBRUARY 1890,FEBRUARY,,1890.0
LOC,0.99925536,59,65,wikisource_vol2_ch10_letter34.txt,Sydney,E. L. BURLINGAME,FEBRUARY 1890,FEBRUARY,,1890.0
ORG,0.9348696,167,175,wikisource_vol2_ch10_letter34.txt,Magazine,E. L. BURLINGAME,FEBRUARY 1890,FEBRUARY,,1890.0
LOC,0.9996123,317,323,wikisource_vol2_ch10_letter34.txt,Sydney,E. L. BURLINGAME,FEBRUARY 1890,FEBRUARY,,1890.0
PER,0.9995182,373,382,wikisource_vol2_ch10_letter34.txt,Tembinoka,E. L. BURLINGAME,FEBRUARY 1890,FEBRUARY,,1890.0
PER,0.99618745,459,461,wikisource_vol2_ch10_letter34.txt,T.,E. L. BURLINGAME,FEBRUARY 1890,FEBRUARY,,1890.0
PER,0.995396,767,782,wikisource_vol2_ch10_letter34.txt,H. M. Tembinoka,E. L. BURLINGAME,FEBRUARY 1890,FEBRUARY,,1890.0
LOC,0.52083236,795,797,wikisource_vol2_ch10_letter34.txt,##ma,E. L. BURLINGAME,FEBRUARY 1890,FEBRUARY,,1890.0
LOC,0.987871,804,814,wikisource_vol2_ch10_letter34.txt,Butaritari,E. L. BURLINGAME,FEBRUARY 1890,FEBRUARY,,1890.0
LOC,0.9997577,816,831,wikisource_vol2_ch10_letter34.txt,Gilbert Islands,E. L. BURLINGAME,FEBRUARY 1890,FEBRUARY,,1890.0
PER,0.9922444,864,872,wikisource_vol2_ch10_letter34.txt,Crawford,E. L. BURLINGAME,FEBRUARY 1890,FEBRUARY,,1890.0
ORG,0.6988838,877,879,wikisource_vol2_ch10_letter34.txt,Co,E. L. BURLINGAME,FEBRUARY 1890,FEBRUARY,,1890.0
LOC,0.9559081,882,886,wikisource_vol2_ch10_letter34.txt,S. F,E. L. BURLINGAME,FEBRUARY 1890,FEBRUARY,,1890.0
LOC,0.6547802,1052,1057,wikisource_vol2_ch10_letter34.txt,Apema,E. L. BURLINGAME,FEBRUARY 1890,FEBRUARY,,1890.0
ORG,0.88548034,1292,1305,wikisource_vol2_ch10_letter34.txt,Laggard Posts,E. L. BURLINGAME,FEBRUARY 1890,FEBRUARY,,1890.0
ORG,0.8753062,1313,1320,wikisource_vol2_ch10_letter34.txt,Pacific,E. L. BURLINGAME,FEBRUARY 1890,FEBRUARY,,1890.0
ORG,0.6668938,1769,1772,wikisource_vol2_ch10_letter34.txt,. L,E. L. BURLINGAME,FEBRUARY 1890,FEBRUARY,,1890.0
PER,0.9986612,11,21,wikisource_vol2_ch10_letter35.txt,James Payn,JAMES PAYN,FEBRUARY 4 1890,FEBRUARY,4.0,1890.0
LOC,0.96516055,43,44,wikisource_vol2_ch10_letter35.txt,S,JAMES PAYN,FEBRUARY 4 1890,FEBRUARY,4.0,1890.0
LOC,0.648891,48,50,wikisource_vol2_ch10_letter35.txt,Lu,JAMES PAYN,FEBRUARY 4 1890,FEBRUARY,4.0,1890.0
PER,0.77678514,50,54,wikisource_vol2_ch10_letter35.txt,##beck,JAMES PAYN,FEBRUARY 4 1890,FEBRUARY,4.0,1890.0
PER,0.98831177,65,75,wikisource_vol2_ch10_letter35.txt,James Payn,JAMES PAYN,FEBRUARY 4 1890,FEBRUARY,4.0,1890.0
LOC,0.9981986,482,486,wikisource_vol2_ch10_letter35.txt,Apia,JAMES PAYN,FEBRUARY 4 1890,FEBRUARY,4.0,1890.0
PER,0.9995816,754,764,wikisource_vol2_ch10_letter35.txt,James Payn,JAMES PAYN,FEBRUARY 4 1890,FEBRUARY,4.0,1890.0
LOC,0.99955887,835,841,wikisource_vol2_ch10_letter35.txt,London,JAMES PAYN,FEBRUARY 4 1890,FEBRUARY,4.0,1890.0
PER,0.99971336,1286,1297,wikisource_vol2_ch10_letter35.txt,Andrew Lang,JAMES PAYN,FEBRUARY 4 1890,FEBRUARY,4.0,1890.0
PER,0.9996404,1493,1501,wikisource_vol2_ch10_letter35.txt,Oliphant,JAMES PAYN,FEBRUARY 4 1890,FEBRUARY,4.0,1890.0
ORG,0.9938733,11,37,wikisource_vol2_ch10_letter36.txt,Charles Baxter Union Club,CHARLES BAXTER,MARCH 7 1890,MARCH,7.0,1890.0
LOC,0.99980754,39,45,wikisource_vol2_ch10_letter36.txt,Sydney,CHARLES BAXTER,MARCH 7 1890,MARCH,7.0,1890.0
PER,0.998259,72,79,wikisource_vol2_ch10_letter36.txt,Charles,CHARLES BAXTER,MARCH 7 1890,MARCH,7.0,1890.0
LOC,0.99977845,580,586,wikisource_vol2_ch10_letter36.txt,Sydney,CHARLES BAXTER,MARCH 7 1890,MARCH,7.0,1890.0
LOC,0.99931073,733,739,wikisource_vol2_ch10_letter36.txt,Sydney,CHARLES BAXTER,MARCH 7 1890,MARCH,7.0,1890.0
LOC,0.99952984,773,779,wikisource_vol2_ch10_letter36.txt,Sydney,CHARLES BAXTER,MARCH 7 1890,MARCH,7.0,1890.0
LOC,0.9998394,893,901,wikisource_vol2_ch10_letter36.txt,Scotland,CHARLES BAXTER,MARCH 7 1890,MARCH,7.0,1890.0
PER,0.999839,1294,1316,wikisource_vol2_ch10_letter36.txt,Robert Louis Stevenson,CHARLES BAXTER,MARCH 7 1890,MARCH,7.0,1890.0
PER,0.90211576,11,24,wikisource_vol2_ch10_letter37.txt,Sidney Colvin,SIDNEY COLVIN,SPRING 1890,SPRING,,1890.0
PER,0.9945448,31,43,wikisource_vol2_ch10_letter37.txt,Janet Nicoll,SIDNEY COLVIN,SPRING 1890,SPRING,,1890.0
PER,0.7403716,82,88,wikisource_vol2_ch10_letter37.txt,Colvin,SIDNEY COLVIN,SPRING 1890,SPRING,,1890.0
LOC,0.9998561,113,119,wikisource_vol2_ch10_letter37.txt,Sydney,SIDNEY COLVIN,SPRING 1890,SPRING,,1890.0
PER,0.98710865,401,410,wikisource_vol2_ch10_letter37.txt,Henderson,SIDNEY COLVIN,SPRING 1890,SPRING,,1890.0
LOC,0.9997843,536,546,wikisource_vol2_ch10_letter37.txt,South Seas,SIDNEY COLVIN,SPRING 1890,SPRING,,1890.0
LOC,0.99985564,774,780,wikisource_vol2_ch10_letter37.txt,Sydney,SIDNEY COLVIN,SPRING 1890,SPRING,,1890.0
LOC,0.99985635,811,819,wikisource_vol2_ch10_letter37.txt,Auckland,SIDNEY COLVIN,SPRING 1890,SPRING,,1890.0
PER,0.7659885,829,834,wikisource_vol2_ch10_letter37.txt,Janet,SIDNEY COLVIN,SPRING 1890,SPRING,,1890.0
LOC,0.9998555,1266,1274,wikisource_vol2_ch10_letter37.txt,Auckland,SIDNEY COLVIN,SPRING 1890,SPRING,,1890.0
PER,0.70186275,11,15,wikisource_vol2_ch10_letter38.txt,E. L,E. L. BURLINGAME,JULY 13 1890,JULY,13.0,1890.0
PER,0.9966779,35,47,wikisource_vol2_ch10_letter38.txt,Janet Nicoll,E. L. BURLINGAME,JULY 13 1890,JULY,13.0,1890.0
LOC,0.99832356,54,65,wikisource_vol2_ch10_letter38.txt,Peru Island,E. L. BURLINGAME,JULY 13 1890,JULY,13.0,1890.0
ORG,0.7947604,67,77,wikisource_vol2_ch10_letter38.txt,Kingsmills,E. L. BURLINGAME,JULY 13 1890,JULY,13.0,1890.0
LOC,0.5832357,78,83,wikisource_vol2_ch10_letter38.txt,Group,E. L. BURLINGAME,JULY 13 1890,JULY,13.0,1890.0
PER,0.99980724,1027,1038,wikisource_vol2_ch10_letter38.txt,Andrew Lang,E. L. BURLINGAME,JULY 13 1890,JULY,13.0,1890.0
PER,0.9997527,1156,1161,wikisource_vol2_ch10_letter38.txt,Burke,E. L. BURLINGAME,JULY 13 1890,JULY,13.0,1890.0
LOC,0.9993782,1851,1856,wikisource_vol2_ch10_letter38.txt,Samoa,E. L. BURLINGAME,JULY 13 1890,JULY,13.0,1890.0
PER,0.7941798,11,25,wikisource_vol2_ch10_letter39.txt,Charles Baxter,CHARLES BAXTER,AUGUST 1890,AUGUST,,1890.0
LOC,0.9993754,33,43,wikisource_vol2_ch10_letter39.txt,Sebastopol,CHARLES BAXTER,AUGUST 1890,AUGUST,,1890.0
LOC,0.9995984,45,51,wikisource_vol2_ch10_letter39.txt,Noumea,CHARLES BAXTER,AUGUST 1890,AUGUST,,1890.0
PER,0.99567115,74,81,wikisource_vol2_ch10_letter39.txt,Charles,CHARLES BAXTER,AUGUST 1890,AUGUST,,1890.0
PER,0.99896824,117,122,wikisource_vol2_ch10_letter39.txt,Lloyd,CHARLES BAXTER,AUGUST 1890,AUGUST,,1890.0
PER,0.6193834,161,171,wikisource_vol2_ch10_letter39.txt,Janet Nico,CHARLES BAXTER,AUGUST 1890,AUGUST,,1890.0
ORG,0.81099945,171,173,wikisource_vol2_ch10_letter39.txt,##ll,CHARLES BAXTER,AUGUST 1890,AUGUST,,1890.0
LOC,0.9466737,320,329,wikisource_vol2_ch10_letter39.txt,Edinbourg,CHARLES BAXTER,AUGUST 1890,AUGUST,,1890.0
LOC,0.99984026,335,341,wikisource_vol2_ch10_letter39.txt,Sydney,CHARLES BAXTER,AUGUST 1890,AUGUST,,1890.0
PER,0.99806195,736,741,wikisource_vol2_ch10_letter39.txt,Lloyd,CHARLES BAXTER,AUGUST 1890,AUGUST,,1890.0
LOC,0.99987686,928,933,wikisource_vol2_ch10_letter39.txt,Samoa,CHARLES BAXTER,AUGUST 1890,AUGUST,,1890.0
PER,0.9994629,1151,1156,wikisource_vol2_ch10_letter39.txt,Lloyd,CHARLES BAXTER,AUGUST 1890,AUGUST,,1890.0
PER,0.998745,1339,1347,wikisource_vol2_ch10_letter39.txt,Scribner,CHARLES BAXTER,AUGUST 1890,AUGUST,,1890.0
PER,0.8788912,1887,1902,wikisource_vol2_ch10_letter39.txt,Bell of Old Bow,CHARLES BAXTER,AUGUST 1890,AUGUST,,1890.0
PER,0.9984114,11,25,wikisource_vol2_ch10_letter4.txt,Charles Baxter,CHARLES BAXTER,OCTOBER 6 1888,OCTOBER,6.0,1888.0
PER,0.9974874,73,80,wikisource_vol2_ch10_letter4.txt,Charles,CHARLES BAXTER,OCTOBER 6 1888,OCTOBER,6.0,1888.0
LOC,0.9976845,440,455,wikisource_vol2_ch10_letter4.txt,Low Archipelago,CHARLES BAXTER,OCTOBER 6 1888,OCTOBER,6.0,1888.0
PER,0.99968266,464,467,wikisource_vol2_ch10_letter4.txt,God,CHARLES BAXTER,OCTOBER 6 1888,OCTOBER,6.0,1888.0
LOC,0.995682,716,723,wikisource_vol2_ch10_letter4.txt,Pacific,CHARLES BAXTER,OCTOBER 6 1888,OCTOBER,6.0,1888.0
LOC,0.9997988,737,750,wikisource_vol2_ch10_letter4.txt,Pacific Ocean,CHARLES BAXTER,OCTOBER 6 1888,OCTOBER,6.0,1888.0
PER,0.999413,1389,1395,wikisource_vol2_ch10_letter4.txt,Baxter,CHARLES BAXTER,OCTOBER 6 1888,OCTOBER,6.0,1888.0
ORG,0.8601834,1627,1643,wikisource_vol2_ch10_letter4.txt,Mairchant Marine,CHARLES BAXTER,OCTOBER 6 1888,OCTOBER,6.0,1888.0
PER,0.99916613,1768,1772,wikisource_vol2_ch10_letter4.txt,Dana,CHARLES BAXTER,OCTOBER 6 1888,OCTOBER,6.0,1888.0
ORG,0.97337085,11,39,wikisource_vol2_ch10_letter40.txt,E. L. Burlingame Union Club,E. L. BURLINGAME,AUGUST 1890,AUGUST,,1890.0
LOC,0.9991592,41,47,wikisource_vol2_ch10_letter40.txt,Sydney,E. L. BURLINGAME,AUGUST 1890,AUGUST,,1890.0
PER,0.91798997,875,883,wikisource_vol2_ch10_letter40.txt,E. L. B.,E. L. BURLINGAME,AUGUST 1890,AUGUST,,1890.0
ORG,0.9842714,1141,1158,wikisource_vol2_ch10_letter40.txt,Chatto and Windus,E. L. BURLINGAME,AUGUST 1890,AUGUST,,1890.0
LOC,0.99817324,1755,1763,wikisource_vol2_ch10_letter40.txt,New York,E. L. BURLINGAME,AUGUST 1890,AUGUST,,1890.0
ORG,0.9993465,11,34,wikisource_vol2_ch10_letter41.txt,Henry James Union Club,HENRY JAMES,AUGUST 1890,AUGUST,,1890.0
LOC,0.9998105,36,42,wikisource_vol2_ch10_letter41.txt,Sydney,HENRY JAMES,AUGUST 1890,AUGUST,,1890.0
PER,0.99935853,65,76,wikisource_vol2_ch10_letter41.txt,Henry James,HENRY JAMES,AUGUST 1890,AUGUST,,1890.0
PER,0.9872061,80,87,wikisource_vol2_ch10_letter41.txt,Kipling,HENRY JAMES,AUGUST 1890,AUGUST,,1890.0
LOC,0.9996685,153,159,wikisource_vol2_ch10_letter41.txt,Noumea,HENRY JAMES,AUGUST 1890,AUGUST,,1890.0
PER,0.9997906,501,511,wikisource_vol2_ch10_letter41.txt,Hall Caine,HENRY JAMES,AUGUST 1890,AUGUST,,1890.0
PER,0.9997342,616,626,wikisource_vol2_ch10_letter41.txt,Hall Caine,HENRY JAMES,AUGUST 1890,AUGUST,,1890.0
PER,0.99966896,656,660,wikisource_vol2_ch10_letter41.txt,Hugo,HENRY JAMES,AUGUST 1890,AUGUST,,1890.0
PER,0.99953294,788,794,wikisource_vol2_ch10_letter41.txt,Colvin,HENRY JAMES,AUGUST 1890,AUGUST,,1890.0
LOC,0.99984455,828,835,wikisource_vol2_ch10_letter41.txt,England,HENRY JAMES,AUGUST 1890,AUGUST,,1890.0
PER,0.99974644,1101,1112,wikisource_vol2_ch10_letter41.txt,Henry James,HENRY JAMES,AUGUST 1890,AUGUST,,1890.0
LOC,0.9997937,1195,1201,wikisource_vol2_ch10_letter41.txt,Sydney,HENRY JAMES,AUGUST 1890,AUGUST,,1890.0
PER,0.8950963,1347,1352,wikisource_vol2_ch10_letter41.txt,James,HENRY JAMES,AUGUST 1890,AUGUST,,1890.0
LOC,0.99984145,1373,1380,wikisource_vol2_ch10_letter41.txt,England,HENRY JAMES,AUGUST 1890,AUGUST,,1890.0
LOC,0.99984026,1460,1467,wikisource_vol2_ch10_letter41.txt,England,HENRY JAMES,AUGUST 1890,AUGUST,,1890.0
LOC,0.99971527,1491,1497,wikisource_vol2_ch10_letter41.txt,States,HENRY JAMES,AUGUST 1890,AUGUST,,1890.0
LOC,0.9996605,1536,1541,wikisource_vol2_ch10_letter41.txt,Samoa,HENRY JAMES,AUGUST 1890,AUGUST,,1890.0
PER,0.995048,1822,1825,wikisource_vol2_ch10_letter41.txt,God,HENRY JAMES,AUGUST 1890,AUGUST,,1890.0
ORG,0.9705116,11,36,wikisource_vol2_ch10_letter42.txt,Marcel Schwob Union Club,MARCEL SCHWOB,AUGUST 19 1890,AUGUST,19.0,1890.0
LOC,0.99907947,38,44,wikisource_vol2_ch10_letter42.txt,Sydney,MARCEL SCHWOB,AUGUST 19 1890,AUGUST,19.0,1890.0
PER,0.51444864,77,79,wikisource_vol2_ch10_letter42.txt,Sc,MARCEL SCHWOB,AUGUST 19 1890,AUGUST,19.0,1890.0
ORG,0.938975,79,80,wikisource_vol2_ch10_letter42.txt,##h,MARCEL SCHWOB,AUGUST 19 1890,AUGUST,19.0,1890.0
PER,0.81467116,80,83,wikisource_vol2_ch10_letter42.txt,##wob,MARCEL SCHWOB,AUGUST 19 1890,AUGUST,19.0,1890.0
PER,0.93106306,146,152,wikisource_vol2_ch10_letter42.txt,Villon,MARCEL SCHWOB,AUGUST 19 1890,AUGUST,19.0,1890.0
PER,0.9614506,805,822,wikisource_vol2_ch10_letter42.txt,Countess of Rosen,MARCEL SCHWOB,AUGUST 19 1890,AUGUST,19.0,1890.0
PER,0.8547344,835,842,wikisource_vol2_ch10_letter42.txt,Desprez,MARCEL SCHWOB,AUGUST 19 1890,AUGUST,19.0,1890.0
PER,0.98656404,933,949,wikisource_vol2_ch10_letter42.txt,Dickon Crookback,MARCEL SCHWOB,AUGUST 19 1890,AUGUST,19.0,1890.0
PER,0.9992805,1008,1019,wikisource_vol2_ch10_letter42.txt,Shakespeare,MARCEL SCHWOB,AUGUST 19 1890,AUGUST,19.0,1890.0
PER,0.9994671,1054,1065,wikisource_vol2_ch10_letter42.txt,Shakespeare,MARCEL SCHWOB,AUGUST 19 1890,AUGUST,19.0,1890.0
PER,0.9988016,1069,1080,wikisource_vol2_ch10_letter42.txt,Shakespeare,MARCEL SCHWOB,AUGUST 19 1890,AUGUST,19.0,1890.0
PER,0.999828,1355,1360,wikisource_vol2_ch10_letter42.txt,Dumas,MARCEL SCHWOB,AUGUST 19 1890,AUGUST,19.0,1890.0
PER,0.99973685,1372,1383,wikisource_vol2_ch10_letter42.txt,Shakespeare,MARCEL SCHWOB,AUGUST 19 1890,AUGUST,19.0,1890.0
PER,0.99948597,1429,1436,wikisource_vol2_ch10_letter42.txt,Richard,MARCEL SCHWOB,AUGUST 19 1890,AUGUST,19.0,1890.0
PER,0.88346624,1466,1473,wikisource_vol2_ch10_letter42.txt,Porthos,MARCEL SCHWOB,AUGUST 19 1890,AUGUST,19.0,1890.0
PER,0.9714958,1557,1578,wikisource_vol2_ch10_letter42.txt,Vicomte De Bragelonne,MARCEL SCHWOB,AUGUST 19 1890,AUGUST,19.0,1890.0
LOC,0.9899895,1582,1589,wikisource_vol2_ch10_letter42.txt,Porthos,MARCEL SCHWOB,AUGUST 19 1890,AUGUST,19.0,1890.0
PER,0.9992636,1591,1597,wikisource_vol2_ch10_letter42.txt,Jekyll,MARCEL SCHWOB,AUGUST 19 1890,AUGUST,19.0,1890.0
PER,0.94655406,1616,1622,wikisource_vol2_ch10_letter42.txt,Master,MARCEL SCHWOB,AUGUST 19 1890,AUGUST,19.0,1890.0
PER,0.66797286,1638,1643,wikisource_vol2_ch10_letter42.txt,Arrow,MARCEL SCHWOB,AUGUST 19 1890,AUGUST,19.0,1890.0
ORG,0.9990082,11,34,wikisource_vol2_ch10_letter43.txt,Andrew Lang Union Club,ANDREW LANG,AUGUST 1890,AUGUST,,1890.0
LOC,0.9997694,36,42,wikisource_vol2_ch10_letter43.txt,Sydney,ANDREW LANG,AUGUST 1890,AUGUST,,1890.0
LOC,0.97198164,202,208,wikisource_vol2_ch10_letter43.txt,London,ANDREW LANG,AUGUST 1890,AUGUST,,1890.0
LOC,0.9881639,241,248,wikisource_vol2_ch10_letter43.txt,Gilbert,ANDREW LANG,AUGUST 1890,AUGUST,,1890.0
LOC,0.89190054,486,493,wikisource_vol2_ch10_letter43.txt,Apemama,ANDREW LANG,AUGUST 1890,AUGUST,,1890.0
LOC,0.9978103,666,682,wikisource_vol2_ch10_letter43.txt,Enclosed Islands,ANDREW LANG,AUGUST 1890,AUGUST,,1890.0
PER,0.44504952,792,799,wikisource_vol2_ch10_letter43.txt,Tembino,ANDREW LANG,AUGUST 1890,AUGUST,,1890.0
ORG,0.43199614,799,801,wikisource_vol2_ch10_letter43.txt,##ka,ANDREW LANG,AUGUST 1890,AUGUST,,1890.0
PER,0.9450188,803,815,wikisource_vol2_ch10_letter43.txt,Rex Apemamae,ANDREW LANG,AUGUST 1890,AUGUST,,1890.0
LOC,0.9997636,1101,1115,wikisource_vol2_ch10_letter43.txt,Gilbert Island,ANDREW LANG,AUGUST 1890,AUGUST,,1890.0
LOC,0.9975511,1702,1709,wikisource_vol2_ch10_letter43.txt,Maniapa,ANDREW LANG,AUGUST 1890,AUGUST,,1890.0
LOC,0.99078417,1909,1916,wikisource_vol2_ch10_letter43.txt,Apemama,ANDREW LANG,AUGUST 1890,AUGUST,,1890.0
PER,0.7740547,16,23,wikisource_vol2_ch10_letter44.txt,Charles,MRS. CHARLES FAIRCHILD,SEPTEMBER 1890,SEPTEMBER,,1890.0
ORG,0.97034115,24,45,wikisource_vol2_ch10_letter44.txt,Fairchild Union Club,MRS. CHARLES FAIRCHILD,SEPTEMBER 1890,SEPTEMBER,,1890.0
LOC,0.9997979,47,53,wikisource_vol2_ch10_letter44.txt,Sydney,MRS. CHARLES FAIRCHILD,SEPTEMBER 1890,SEPTEMBER,,1890.0
PER,0.6883203,85,94,wikisource_vol2_ch10_letter44.txt,Fairchild,MRS. CHARLES FAIRCHILD,SEPTEMBER 1890,SEPTEMBER,,1890.0
PER,0.6798266,135,140,wikisource_vol2_ch10_letter44.txt,Janet,MRS. CHARLES FAIRCHILD,SEPTEMBER 1890,SEPTEMBER,,1890.0
ORG,0.78442407,141,147,wikisource_vol2_ch10_letter44.txt,Nicoll,MRS. CHARLES FAIRCHILD,SEPTEMBER 1890,SEPTEMBER,,1890.0
LOC,0.999858,865,870,wikisource_vol2_ch10_letter44.txt,Samoa,MRS. CHARLES FAIRCHILD,SEPTEMBER 1890,SEPTEMBER,,1890.0
PER,0.9996006,1230,1239,wikisource_vol2_ch10_letter44.txt,Fairchild,MRS. CHARLES FAIRCHILD,SEPTEMBER 1890,SEPTEMBER,,1890.0
PER,0.9998004,1268,1273,wikisource_vol2_ch10_letter44.txt,Blair,MRS. CHARLES FAIRCHILD,SEPTEMBER 1890,SEPTEMBER,,1890.0
PER,0.9960603,1474,1478,wikisource_vol2_ch10_letter44.txt,Seed,MRS. CHARLES FAIRCHILD,SEPTEMBER 1890,SEPTEMBER,,1890.0
LOC,0.99984527,1513,1524,wikisource_vol2_ch10_letter44.txt,New Zealand,MRS. CHARLES FAIRCHILD,SEPTEMBER 1890,SEPTEMBER,,1890.0
LOC,0.99983954,1602,1608,wikisource_vol2_ch10_letter44.txt,Europe,MRS. CHARLES FAIRCHILD,SEPTEMBER 1890,SEPTEMBER,,1890.0
LOC,0.9997752,1683,1700,wikisource_vol2_ch10_letter44.txt,Navigator Islands,MRS. CHARLES FAIRCHILD,SEPTEMBER 1890,SEPTEMBER,,1890.0
PER,0.9858555,16,38,wikisource_vol2_ch10_letter5.txt,Adelaide Boodle Taiti,MISS ADELAIDE BOODLE,OCTOBER 10 1888,OCTOBER,10.0,1888.0
LOC,0.99956495,554,562,wikisource_vol2_ch10_letter5.txt,Nukahiva,MISS ADELAIDE BOODLE,OCTOBER 10 1888,OCTOBER,10.0,1888.0
LOC,0.9995101,609,617,wikisource_vol2_ch10_letter5.txt,Fakarava,MISS ADELAIDE BOODLE,OCTOBER 10 1888,OCTOBER,10.0,1888.0
LOC,0.99978405,688,697,wikisource_vol2_ch10_letter5.txt,South Sea,MISS ADELAIDE BOODLE,OCTOBER 10 1888,OCTOBER,10.0,1888.0
LOC,0.9998572,1401,1408,wikisource_vol2_ch10_letter5.txt,England,MISS ADELAIDE BOODLE,OCTOBER 10 1888,OCTOBER,10.0,1888.0
PER,0.88159704,11,24,wikisource_vol2_ch10_letter6.txt,Sidney Colvin,SIDNEY COLVIN,OCTOBER 16 1888,OCTOBER,16.0,1888.0
LOC,0.5844281,26,31,wikisource_vol2_ch10_letter6.txt,Taiti,SIDNEY COLVIN,OCTOBER 16 1888,OCTOBER,16.0,1888.0
LOC,0.999804,87,100,wikisource_vol2_ch10_letter6.txt,San Francisco,SIDNEY COLVIN,OCTOBER 16 1888,OCTOBER,16.0,1888.0
LOC,0.99982625,217,225,wikisource_vol2_ch10_letter6.txt,Auckland,SIDNEY COLVIN,OCTOBER 16 1888,OCTOBER,16.0,1888.0
ORG,0.837377,648,658,wikisource_vol2_ch10_letter6.txt,Sandwiches,SIDNEY COLVIN,OCTOBER 16 1888,OCTOBER,16.0,1888.0
LOC,0.99981946,1038,1044,wikisource_vol2_ch10_letter6.txt,Uahiva,SIDNEY COLVIN,OCTOBER 16 1888,OCTOBER,16.0,1888.0
LOC,0.99985534,1046,1053,wikisource_vol2_ch10_letter6.txt,Reiatea,SIDNEY COLVIN,OCTOBER 16 1888,OCTOBER,16.0,1888.0
LOC,0.9997042,1055,1064,wikisource_vol2_ch10_letter6.txt,Bora - Bora,SIDNEY COLVIN,OCTOBER 16 1888,OCTOBER,16.0,1888.0
ORG,0.5178582,1078,1084,wikisource_vol2_ch10_letter6.txt,##wiches,SIDNEY COLVIN,OCTOBER 16 1888,OCTOBER,16.0,1888.0
PER,0.9972768,11,36,wikisource_vol2_ch10_letter7.txt,William And Thomas Archer,WILLIAM AND THOMAS ARCHER,OCTOBER 17 1888,OCTOBER,17.0,1888.0
LOC,0.9628558,38,43,wikisource_vol2_ch10_letter7.txt,Taiti,WILLIAM AND THOMAS ARCHER,OCTOBER 17 1888,OCTOBER,17.0,1888.0
PER,0.9824838,70,76,wikisource_vol2_ch10_letter7.txt,Archer,WILLIAM AND THOMAS ARCHER,OCTOBER 17 1888,OCTOBER,17.0,1888.0
PER,0.7678008,448,457,wikisource_vol2_ch10_letter7.txt,Tomarcher,WILLIAM AND THOMAS ARCHER,OCTOBER 17 1888,OCTOBER,17.0,1888.0
PER,0.92476195,699,706,wikisource_vol2_ch10_letter7.txt,Macduff,WILLIAM AND THOMAS ARCHER,OCTOBER 17 1888,OCTOBER,17.0,1888.0
PER,0.6647571,708,717,wikisource_vol2_ch10_letter7.txt,Tomarcher,WILLIAM AND THOMAS ARCHER,OCTOBER 17 1888,OCTOBER,17.0,1888.0
PER,0.76795715,1099,1108,wikisource_vol2_ch10_letter7.txt,Tomarcher,WILLIAM AND THOMAS ARCHER,OCTOBER 17 1888,OCTOBER,17.0,1888.0
PER,0.9475445,1366,1374,wikisource_vol2_ch10_letter7.txt,Tomarche,WILLIAM AND THOMAS ARCHER,OCTOBER 17 1888,OCTOBER,17.0,1888.0
LOC,0.99949056,1781,1797,wikisource_vol2_ch10_letter7.txt,South Sea Island,WILLIAM AND THOMAS ARCHER,OCTOBER 17 1888,OCTOBER,17.0,1888.0
PER,0.917082,1935,1944,wikisource_vol2_ch10_letter7.txt,Tomarcher,WILLIAM AND THOMAS ARCHER,OCTOBER 17 1888,OCTOBER,17.0,1888.0
PER,0.99944603,11,25,wikisource_vol2_ch10_letter8.txt,Charles Baxter,CHARLES BAXTER,NOVEMBER 1888,NOVEMBER,,1888.0
LOC,0.9102416,27,34,wikisource_vol2_ch10_letter8.txt,Tautira,CHARLES BAXTER,NOVEMBER 1888,NOVEMBER,,1888.0
LOC,0.72267866,40,59,wikisource_vol2_ch10_letter8.txt,Garden Of The World,CHARLES BAXTER,NOVEMBER 1888,NOVEMBER,,1888.0
LOC,0.9212332,79,109,wikisource_vol2_ch10_letter8.txt,Hans - Christian - Andersen - Ville,CHARLES BAXTER,NOVEMBER 1888,NOVEMBER,,1888.0
PER,0.99957997,135,142,wikisource_vol2_ch10_letter8.txt,Charles,CHARLES BAXTER,NOVEMBER 1888,NOVEMBER,,1888.0
LOC,0.99963,235,243,wikisource_vol2_ch10_letter8.txt,Honolulu,CHARLES BAXTER,NOVEMBER 1888,NOVEMBER,,1888.0
PER,0.4950933,339,342,wikisource_vol2_ch10_letter8.txt,Tau,CHARLES BAXTER,NOVEMBER 1888,NOVEMBER,,1888.0
LOC,0.85090613,342,346,wikisource_vol2_ch10_letter8.txt,##tira,CHARLES BAXTER,NOVEMBER 1888,NOVEMBER,,1888.0
LOC,0.96620876,358,364,wikisource_vol2_ch10_letter8.txt,Heaven,CHARLES BAXTER,NOVEMBER 1888,NOVEMBER,,1888.0
LOC,0.57959914,1367,1374,wikisource_vol2_ch10_letter8.txt,Tautira,CHARLES BAXTER,NOVEMBER 1888,NOVEMBER,,1888.0
LOC,0.9993665,1478,1491,wikisource_vol2_ch10_letter8.txt,San Francisco,CHARLES BAXTER,NOVEMBER 1888,NOVEMBER,,1888.0
PER,0.9903313,1550,1556,wikisource_vol2_ch10_letter8.txt,Henley,CHARLES BAXTER,NOVEMBER 1888,NOVEMBER,,1888.0
PER,0.9992895,1598,1601,wikisource_vol2_ch10_letter8.txt,Ori,CHARLES BAXTER,NOVEMBER 1888,NOVEMBER,,1888.0
PER,0.9992069,1645,1648,wikisource_vol2_ch10_letter8.txt,Ori,CHARLES BAXTER,NOVEMBER 1888,NOVEMBER,,1888.0
PER,0.9987967,1654,1660,wikisource_vol2_ch10_letter8.txt,Pairai,CHARLES BAXTER,NOVEMBER 1888,NOVEMBER,,1888.0
PER,0.8077461,1730,1736,wikisource_vol2_ch10_letter8.txt,Public,CHARLES BAXTER,NOVEMBER 1888,NOVEMBER,,1888.0
PER,0.68013567,1738,1739,wikisource_vol2_ch10_letter8.txt,##y,CHARLES BAXTER,NOVEMBER 1888,NOVEMBER,,1888.0
PER,0.63138723,1751,1755,wikisource_vol2_ch10_letter8.txt,Blow,CHARLES BAXTER,NOVEMBER 1888,NOVEMBER,,1888.0
PER,0.9976498,1817,1820,wikisource_vol2_ch10_letter8.txt,Ori,CHARLES BAXTER,NOVEMBER 1888,NOVEMBER,,1888.0
PER,0.9785041,1827,1835,wikisource_vol2_ch10_letter8.txt,W. E. H.,CHARLES BAXTER,NOVEMBER 1888,NOVEMBER,,1888.0
PER,0.9834362,8,15,wikisource_vol2_ch10_letter9.txt,Tautira,TAUTIRA,NOVEMBER 10 1888,NOVEMBER,10.0,1888.0
PER,0.99567103,45,52,wikisource_vol2_ch10_letter9.txt,Charles,TAUTIRA,NOVEMBER 10 1888,NOVEMBER,10.0,1888.0
PER,0.9497787,157,164,wikisource_vol2_ch10_letter9.txt,Tautira,TAUTIRA,NOVEMBER 10 1888,NOVEMBER,10.0,1888.0
PER,0.9957854,442,447,wikisource_vol2_ch10_letter9.txt,Burns,TAUTIRA,NOVEMBER 10 1888,NOVEMBER,10.0,1888.0
PER,0.9936579,1093,1097,wikisource_vol2_ch10_letter9.txt,Lone,TAUTIRA,NOVEMBER 10 1888,NOVEMBER,10.0,1888.0
PER,0.9966697,1147,1151,wikisource_vol2_ch10_letter9.txt,Lone,TAUTIRA,NOVEMBER 10 1888,NOVEMBER,10.0,1888.0
PER,0.9732431,1263,1270,wikisource_vol2_ch10_letter9.txt,R. L. S,TAUTIRA,NOVEMBER 10 1888,NOVEMBER,10.0,1888.0
LOC,0.99836975,8,13,wikisource_vol2_ch11_letter1.txt,Samoa,E. L. BURLINGAME,NOVEMBER 7 1890,NOVEMBER,7.0,1890.0
PER,0.9851558,54,77,wikisource_vol2_ch11_letter1.txt,E. L Burlingame Vailima,E. L. BURLINGAME,NOVEMBER 7 1890,NOVEMBER,7.0,1890.0
LOC,0.99839115,79,83,wikisource_vol2_ch11_letter1.txt,Apia,E. L. BURLINGAME,NOVEMBER 7 1890,NOVEMBER,7.0,1890.0
LOC,0.9997676,85,90,wikisource_vol2_ch11_letter1.txt,Samoa,E. L. BURLINGAME,NOVEMBER 7 1890,NOVEMBER,7.0,1890.0
PER,0.9995672,216,227,wikisource_vol2_ch11_letter1.txt,Loudon Dodd,E. L. BURLINGAME,NOVEMBER 7 1890,NOVEMBER,7.0,1890.0
LOC,0.78466904,387,396,wikisource_vol2_ch11_letter1.txt,Tai - o - hae,E. L. BURLINGAME,NOVEMBER 7 1890,NOVEMBER,7.0,1890.0
PER,0.99970585,479,483,wikisource_vol2_ch11_letter1.txt,Dodd,E. L. BURLINGAME,NOVEMBER 7 1890,NOVEMBER,7.0,1890.0
PER,0.99928236,488,494,wikisource_vol2_ch11_letter1.txt,Havers,E. L. BURLINGAME,NOVEMBER 7 1890,NOVEMBER,7.0,1890.0
PER,0.9998179,1041,1046,wikisource_vol2_ch11_letter1.txt,Scott,E. L. BURLINGAME,NOVEMBER 7 1890,NOVEMBER,7.0,1890.0
PER,0.9998055,1580,1602,wikisource_vol2_ch11_letter1.txt,Robert Louis Stevenson,E. L. BURLINGAME,NOVEMBER 7 1890,NOVEMBER,7.0,1890.0
PER,0.93163997,16,34,wikisource_vol2_ch11_letter10.txt,Rawlinson Vailima,MISS RAWLINSON,APRIL 1891,APRIL,,1891.0
LOC,0.9974657,36,40,wikisource_vol2_ch11_letter10.txt,Apia,MISS RAWLINSON,APRIL 1891,APRIL,,1891.0
LOC,0.9998317,42,47,wikisource_vol2_ch11_letter10.txt,Samoa,MISS RAWLINSON,APRIL 1891,APRIL,,1891.0
PER,0.93295974,844,846,wikisource_vol2_ch11_letter10.txt,S.,MISS RAWLINSON,APRIL 1891,APRIL,,1891.0
PER,0.7295662,1379,1389,wikisource_vol2_ch11_letter10.txt,Skerryvore,MISS RAWLINSON,APRIL 1891,APRIL,,1891.0
LOC,0.9995869,1538,1545,wikisource_vol2_ch11_letter10.txt,Pacific,MISS RAWLINSON,APRIL 1891,APRIL,,1891.0
PER,0.9286786,1556,1558,wikisource_vol2_ch11_letter10.txt,S.,MISS RAWLINSON,APRIL 1891,APRIL,,1891.0
PER,0.9988335,16,31,wikisource_vol2_ch11_letter11.txt,Adelaide Boodle,MISS ADELAIDE BOODLE,MAY 1891,MAY,,1891.0
LOC,0.99954593,34,41,wikisource_vol2_ch11_letter11.txt,Vailima,MISS ADELAIDE BOODLE,MAY 1891,MAY,,1891.0
PER,0.98364323,62,70,wikisource_vol2_ch11_letter11.txt,Adelaide,MISS ADELAIDE BOODLE,MAY 1891,MAY,,1891.0
PER,0.9995751,293,296,wikisource_vol2_ch11_letter11.txt,God,MISS ADELAIDE BOODLE,MAY 1891,MAY,,1891.0
LOC,0.9996915,1398,1404,wikisource_vol2_ch11_letter11.txt,Sydney,MISS ADELAIDE BOODLE,MAY 1891,MAY,,1891.0
ORG,0.78679585,1425,1431,wikisource_vol2_ch11_letter11.txt,Lubeck,MISS ADELAIDE BOODLE,MAY 1891,MAY,,1891.0
LOC,0.9995464,1451,1458,wikisource_vol2_ch11_letter11.txt,Vailima,MISS ADELAIDE BOODLE,MAY 1891,MAY,,1891.0
LOC,0.9995275,1602,1609,wikisource_vol2_ch11_letter11.txt,Vailima,MISS ADELAIDE BOODLE,MAY 1891,MAY,,1891.0
LOC,0.99917835,1794,1807,wikisource_vol2_ch11_letter11.txt,Adelaide Road,MISS ADELAIDE BOODLE,MAY 1891,MAY,,1891.0
PER,0.9981785,1966,1971,wikisource_vol2_ch11_letter11.txt,Fanny,MISS ADELAIDE BOODLE,MAY 1891,MAY,,1891.0
PER,0.9994286,11,25,wikisource_vol2_ch11_letter12.txt,Charles Baxter,CHARLES BAXTER,MAY 19 1891,MAY,19.0,1891.0
LOC,0.99864507,28,35,wikisource_vol2_ch11_letter12.txt,Vailima,CHARLES BAXTER,MAY 19 1891,MAY,19.0,1891.0
PER,0.9750522,69,76,wikisource_vol2_ch11_letter12.txt,Charles,CHARLES BAXTER,MAY 19 1891,MAY,19.0,1891.0
LOC,0.82299185,385,395,wikisource_vol2_ch11_letter12.txt,Old Bailey,CHARLES BAXTER,MAY 19 1891,MAY,19.0,1891.0
PER,0.9987043,707,711,wikisource_vol2_ch11_letter12.txt,Bain,CHARLES BAXTER,MAY 19 1891,MAY,19.0,1891.0
PER,0.99986887,833,845,wikisource_vol2_ch11_letter12.txt,Henry Shovel,CHARLES BAXTER,MAY 19 1891,MAY,19.0,1891.0
PER,0.99987507,851,863,wikisource_vol2_ch11_letter12.txt,Henry Shovel,CHARLES BAXTER,MAY 19 1891,MAY,19.0,1891.0
PER,0.9991754,950,962,wikisource_vol2_ch11_letter12.txt,Henry Shovel,CHARLES BAXTER,MAY 19 1891,MAY,19.0,1891.0
PER,0.9920939,1050,1057,wikisource_vol2_ch11_letter12.txt,Skipper,CHARLES BAXTER,MAY 19 1891,MAY,19.0,1891.0
PER,0.99928737,1070,1085,wikisource_vol2_ch11_letter12.txt,Alderman Shovel,CHARLES BAXTER,MAY 19 1891,MAY,19.0,1891.0
LOC,0.9982127,1089,1096,wikisource_vol2_ch11_letter12.txt,Bristol,CHARLES BAXTER,MAY 19 1891,MAY,19.0,1891.0
PER,0.99958116,1098,1103,wikisource_vol2_ch11_letter12.txt,Henry,CHARLES BAXTER,MAY 19 1891,MAY,19.0,1891.0
PER,0.94927317,1341,1355,wikisource_vol2_ch11_letter12.txt,Judge Jeffreys,CHARLES BAXTER,MAY 19 1891,MAY,19.0,1891.0
PER,0.9964301,1357,1367,wikisource_vol2_ch11_letter12.txt,Wellington,CHARLES BAXTER,MAY 19 1891,MAY,19.0,1891.0
PER,0.9841733,1369,1378,wikisource_vol2_ch11_letter12.txt,Colquhoun,CHARLES BAXTER,MAY 19 1891,MAY,19.0,1891.0
PER,0.9971324,1380,1385,wikisource_vol2_ch11_letter12.txt,Grant,CHARLES BAXTER,MAY 19 1891,MAY,19.0,1891.0
PER,0.9996295,1399,1407,wikisource_vol2_ch11_letter12.txt,Townsend,CHARLES BAXTER,MAY 19 1891,MAY,19.0,1891.0
PER,0.9997594,1564,1579,wikisource_vol2_ch11_letter12.txt,R. L. Stevenson,CHARLES BAXTER,MAY 19 1891,MAY,19.0,1891.0
PER,0.98116946,11,36,wikisource_vol2_ch11_letter13.txt,E. L. Burlingame Vailima,E. L. BURLINGAME,SUMMER 1891,SUMMER,,1891.0
PER,0.99964345,172,178,wikisource_vol2_ch11_letter13.txt,Walter,E. L. BURLINGAME,SUMMER 1891,SUMMER,,1891.0
PER,0.9991436,198,211,wikisource_vol2_ch11_letter13.txt,Labuntur Anni,E. L. BURLINGAME,SUMMER 1891,SUMMER,,1891.0
ORG,0.83372223,374,382,wikisource_vol2_ch11_letter13.txt,Magazine,E. L. BURLINGAME,SUMMER 1891,SUMMER,,1891.0
PER,0.99974567,584,585,wikisource_vol2_ch11_letter13.txt,W,E. L. BURLINGAME,SUMMER 1891,SUMMER,,1891.0
PER,0.9430108,1156,1164,wikisource_vol2_ch11_letter13.txt,R. L. S.,E. L. BURLINGAME,SUMMER 1891,SUMMER,,1891.0
PER,0.9994897,11,26,wikisource_vol2_ch11_letter14.txt,W. Craibe Angus,W. CRAIBE ANGUS,SUMMER 1891,SUMMER,,1891.0
PER,0.9996823,52,57,wikisource_vol2_ch11_letter14.txt,Angus,W. CRAIBE ANGUS,SUMMER 1891,SUMMER,,1891.0
LOC,0.99954283,288,295,wikisource_vol2_ch11_letter14.txt,Assyria,W. CRAIBE ANGUS,SUMMER 1891,SUMMER,,1891.0
PER,0.99929684,655,664,wikisource_vol2_ch11_letter14.txt,Fergusson,W. CRAIBE ANGUS,SUMMER 1891,SUMMER,,1891.0
LOC,0.9917464,688,698,wikisource_vol2_ch11_letter14.txt,Haddington,W. CRAIBE ANGUS,SUMMER 1891,SUMMER,,1891.0
LOC,0.9954328,836,842,wikisource_vol2_ch11_letter14.txt,Bedlam,W. CRAIBE ANGUS,SUMMER 1891,SUMMER,,1891.0
LOC,0.9979297,883,888,wikisource_vol2_ch11_letter14.txt,Cross,W. CRAIBE ANGUS,SUMMER 1891,SUMMER,,1891.0
LOC,0.8674407,1042,1051,wikisource_vol2_ch11_letter14.txt,Fergusson,W. CRAIBE ANGUS,SUMMER 1891,SUMMER,,1891.0
PER,0.9998398,1225,1247,wikisource_vol2_ch11_letter14.txt,Robert Louis Stevenson,W. CRAIBE ANGUS,SUMMER 1891,SUMMER,,1891.0
PER,0.9998621,1255,1260,wikisource_vol2_ch11_letter14.txt,Burns,W. CRAIBE ANGUS,SUMMER 1891,SUMMER,,1891.0
PER,0.99923724,1314,1329,wikisource_vol2_ch11_letter14.txt,Robin the First,W. CRAIBE ANGUS,SUMMER 1891,SUMMER,,1891.0
LOC,0.9959649,1364,1371,wikisource_vol2_ch11_letter14.txt,Glasgow,W. CRAIBE ANGUS,SUMMER 1891,SUMMER,,1891.0
PER,0.9994363,1431,1434,wikisource_vol2_ch11_letter14.txt,God,W. CRAIBE ANGUS,SUMMER 1891,SUMMER,,1891.0
LOC,0.9953832,1468,1475,wikisource_vol2_ch11_letter14.txt,Glasgow,W. CRAIBE ANGUS,SUMMER 1891,SUMMER,,1891.0
PER,0.9987458,1488,1492,wikisource_vol2_ch11_letter14.txt,Knox,W. CRAIBE ANGUS,SUMMER 1891,SUMMER,,1891.0
LOC,0.98928773,1553,1563,wikisource_vol2_ch11_letter14.txt,Shrewsbury,W. CRAIBE ANGUS,SUMMER 1891,SUMMER,,1891.0
LOC,0.63515,1571,1575,wikisource_vol2_ch11_letter14.txt,R. L,W. CRAIBE ANGUS,SUMMER 1891,SUMMER,,1891.0
PER,0.6198217,1575,1578,wikisource_vol2_ch11_letter14.txt,. S,W. CRAIBE ANGUS,SUMMER 1891,SUMMER,,1891.0
PER,0.9994726,11,20,wikisource_vol2_ch11_letter15.txt,H. C. Ide,H. C. IDE ,JUNE 19 1891,JUNE,19.0,1891.0
LOC,0.99910676,23,30,wikisource_vol2_ch11_letter15.txt,Vailima,H. C. IDE ,JUNE 19 1891,JUNE,19.0,1891.0
PER,0.9983349,57,60,wikisource_vol2_ch11_letter15.txt,Ide,H. C. IDE ,JUNE 19 1891,JUNE,19.0,1891.0
PER,0.99975723,300,312,wikisource_vol2_ch11_letter15.txt,Haynes Bayly,H. C. IDE ,JUNE 19 1891,JUNE,19.0,1891.0
PER,0.99982643,389,411,wikisource_vol2_ch11_letter15.txt,Robert Louis Stevenson,H. C. IDE ,JUNE 19 1891,JUNE,19.0,1891.0
PER,0.9997964,416,438,wikisource_vol2_ch11_letter15.txt,Robert Louis Stevenson,H. C. IDE ,JUNE 19 1891,JUNE,19.0,1891.0
ORG,0.62953484,456,465,wikisource_vol2_ch11_letter15.txt,Scots Bar,H. C. IDE ,JUNE 19 1891,JUNE,19.0,1891.0
ORG,0.47952923,574,590,wikisource_vol2_ch11_letter15.txt,Palace and Plant,H. C. IDE ,JUNE 19 1891,JUNE,19.0,1891.0
LOC,0.9966237,605,612,wikisource_vol2_ch11_letter15.txt,Vailima,H. C. IDE ,JUNE 19 1891,JUNE,19.0,1891.0
LOC,0.9984648,630,635,wikisource_vol2_ch11_letter15.txt,Upolu,H. C. IDE ,JUNE 19 1891,JUNE,19.0,1891.0
LOC,0.9991774,637,642,wikisource_vol2_ch11_letter15.txt,Samoa,H. C. IDE ,JUNE 19 1891,JUNE,19.0,1891.0
PER,0.9997438,750,762,wikisource_vol2_ch11_letter15.txt,Annie H. Ide,H. C. IDE ,JUNE 19 1891,JUNE,19.0,1891.0
PER,0.99901724,776,785,wikisource_vol2_ch11_letter15.txt,H. C. Ide,H. C. IDE ,JUNE 19 1891,JUNE,19.0,1891.0
LOC,0.9957358,802,817,wikisource_vol2_ch11_letter15.txt,Saint Johnsbury,H. C. IDE ,JUNE 19 1891,JUNE,19.0,1891.0
LOC,0.9985902,836,845,wikisource_vol2_ch11_letter15.txt,Caledonia,H. C. IDE ,JUNE 19 1891,JUNE,19.0,1891.0
LOC,0.99973255,863,870,wikisource_vol2_ch11_letter15.txt,Vermont,H. C. IDE ,JUNE 19 1891,JUNE,19.0,1891.0
LOC,0.9997315,872,896,wikisource_vol2_ch11_letter15.txt,United States of America,H. C. IDE ,JUNE 19 1891,JUNE,19.0,1891.0
PER,0.9998417,1072,1094,wikisource_vol2_ch11_letter15.txt,Robert Louis Stevenson,H. C. IDE ,JUNE 19 1891,JUNE,19.0,1891.0
PER,0.9995714,1253,1262,wikisource_vol2_ch11_letter15.txt,H. C. Ide,H. C. IDE ,JUNE 19 1891,JUNE,19.0,1891.0
PER,0.999797,1287,1299,wikisource_vol2_ch11_letter15.txt,Annie H. Ide,H. C. IDE ,JUNE 19 1891,JUNE,19.0,1891.0
PER,0.99912155,1418,1430,wikisource_vol2_ch11_letter15.txt,Annie H. Ide,H. C. IDE ,JUNE 19 1891,JUNE,19.0,1891.0
PER,0.9997196,1583,1595,wikisource_vol2_ch11_letter15.txt,Annie H. Ide,H. C. IDE ,JUNE 19 1891,JUNE,19.0,1891.0
PER,0.99947375,1841,1853,wikisource_vol2_ch11_letter15.txt,Annie H. Ide,H. C. IDE ,JUNE 19 1891,JUNE,19.0,1891.0
PER,0.9997119,1881,1893,wikisource_vol2_ch11_letter15.txt,Annie H. Ide,H. C. IDE ,JUNE 19 1891,JUNE,19.0,1891.0
PER,0.99955255,1903,1909,wikisource_vol2_ch11_letter15.txt,Louisa,H. C. IDE ,JUNE 19 1891,JUNE,19.0,1891.0
PER,0.999657,11,22,wikisource_vol2_ch11_letter16.txt,Henry James,HENRY JAMES,OCTOBER 1891,OCTOBER,,1891.0
LOC,0.9975008,25,32,wikisource_vol2_ch11_letter16.txt,Vailima,HENRY JAMES,OCTOBER 1891,OCTOBER,,1891.0
PER,0.9992542,57,68,wikisource_vol2_ch11_letter16.txt,Henry James,HENRY JAMES,OCTOBER 1891,OCTOBER,,1891.0
PER,0.9987989,167,172,wikisource_vol2_ch11_letter16.txt,Adela,HENRY JAMES,OCTOBER 1891,OCTOBER,,1891.0
PER,0.9765644,230,234,wikisource_vol2_ch11_letter16.txt,Adel,HENRY JAMES,OCTOBER 1891,OCTOBER,,1891.0
PER,0.99944496,323,336,wikisource_vol2_ch11_letter16.txt,David Balfour,HENRY JAMES,OCTOBER 1891,OCTOBER,,1891.0
PER,0.9970832,846,851,wikisource_vol2_ch11_letter16.txt,Adela,HENRY JAMES,OCTOBER 1891,OCTOBER,,1891.0
ORG,0.8595535,1290,1302,wikisource_vol2_ch11_letter16.txt,Norah Creina,HENRY JAMES,OCTOBER 1891,OCTOBER,,1891.0
PER,0.9995349,1329,1334,wikisource_vol2_ch11_letter16.txt,Nares,HENRY JAMES,OCTOBER 1891,OCTOBER,,1891.0
PER,0.9895344,1620,1627,wikisource_vol2_ch11_letter16.txt,R. L. S,HENRY JAMES,OCTOBER 1891,OCTOBER,,1891.0
PER,0.9926193,1660,1665,wikisource_vol2_ch11_letter16.txt,Adela,HENRY JAMES,OCTOBER 1891,OCTOBER,,1891.0
PER,0.74428535,1675,1680,wikisource_vol2_ch11_letter16.txt,Adela,HENRY JAMES,OCTOBER 1891,OCTOBER,,1891.0
PER,0.99501187,1710,1732,wikisource_vol2_ch11_letter16.txt,Robert Louis Stevenson,HENRY JAMES,OCTOBER 1891,OCTOBER,,1891.0
PER,0.9953703,1760,1765,wikisource_vol2_ch11_letter16.txt,Adela,HENRY JAMES,OCTOBER 1891,OCTOBER,,1891.0
PER,0.9968995,1767,1772,wikisource_vol2_ch11_letter16.txt,Adela,HENRY JAMES,OCTOBER 1891,OCTOBER,,1891.0
PER,0.98011005,1774,1779,wikisource_vol2_ch11_letter16.txt,Adela,HENRY JAMES,OCTOBER 1891,OCTOBER,,1891.0
PER,0.98559994,11,27,wikisource_vol2_ch11_letter17.txt,E. L. Burlingame,E. L. BURLINGAME,OCTOBER 8 1891,OCTOBER,8.0,1891.0
PER,0.9851371,240,247,wikisource_vol2_ch11_letter17.txt,Cassell,E. L. BURLINGAME,OCTOBER 8 1891,OCTOBER,8.0,1891.0
PER,0.58888143,335,340,wikisource_vol2_ch11_letter17.txt,Grand,E. L. BURLINGAME,OCTOBER 8 1891,OCTOBER,8.0,1891.0
PER,0.999813,387,392,wikisource_vol2_ch11_letter17.txt,Scott,E. L. BURLINGAME,OCTOBER 8 1891,OCTOBER,8.0,1891.0
PER,0.9995754,396,406,wikisource_vol2_ch11_letter17.txt,Basil Hall,E. L. BURLINGAME,OCTOBER 8 1891,OCTOBER,8.0,1891.0
PER,0.999808,601,606,wikisource_vol2_ch11_letter17.txt,Scott,E. L. BURLINGAME,OCTOBER 8 1891,OCTOBER,8.0,1891.0
PER,0.9992473,727,741,wikisource_vol2_ch11_letter17.txt,Alan Stevenson,E. L. BURLINGAME,OCTOBER 8 1891,OCTOBER,8.0,1891.0
LOC,0.99797535,746,767,wikisource_vol2_ch11_letter17.txt,St. Leonard ' s Terrace,E. L. BURLINGAME,OCTOBER 8 1891,OCTOBER,8.0,1891.0
LOC,0.99866486,769,776,wikisource_vol2_ch11_letter17.txt,Chelsea,E. L. BURLINGAME,OCTOBER 8 1891,OCTOBER,8.0,1891.0
PER,0.9996685,831,837,wikisource_vol2_ch11_letter17.txt,Joseph,E. L. BURLINGAME,OCTOBER 8 1891,OCTOBER,8.0,1891.0
ORG,0.9900304,1032,1040,wikisource_vol2_ch11_letter17.txt,Magazine,E. L. BURLINGAME,OCTOBER 8 1891,OCTOBER,8.0,1891.0
PER,0.9996893,1449,1471,wikisource_vol2_ch11_letter17.txt,Robert Louis Stevenson,E. L. BURLINGAME,OCTOBER 8 1891,OCTOBER,8.0,1891.0
PER,0.9444918,11,27,wikisource_vol2_ch11_letter18.txt,E. L. Burlingame,E. L. BURLINGAME,AUTUMN 1891,AUTUMN,,1891.0
LOC,0.4993681,29,32,wikisource_vol2_ch11_letter18.txt,Vai,E. L. BURLINGAME,AUTUMN 1891,AUTUMN,,1891.0
PER,0.8428368,32,36,wikisource_vol2_ch11_letter18.txt,##lima,E. L. BURLINGAME,AUTUMN 1891,AUTUMN,,1891.0
PER,0.60241604,691,694,wikisource_vol2_ch11_letter18.txt,Low,E. L. BURLINGAME,AUTUMN 1891,AUTUMN,,1891.0
PER,0.86703616,1011,1017,wikisource_vol2_ch11_letter18.txt,Marbot,E. L. BURLINGAME,AUTUMN 1891,AUTUMN,,1891.0
PER,0.50856555,1092,1095,wikisource_vol2_ch11_letter18.txt,##gem,E. L. BURLINGAME,AUTUMN 1891,AUTUMN,,1891.0
PER,0.9678378,1135,1148,wikisource_vol2_ch11_letter18.txt,William James,E. L. BURLINGAME,AUTUMN 1891,AUTUMN,,1891.0
PER,0.98861104,1150,1156,wikisource_vol2_ch11_letter18.txt,Morris,E. L. BURLINGAME,AUTUMN 1891,AUTUMN,,1891.0
PER,0.996535,1159,1168,wikisource_vol2_ch11_letter18.txt,Magnusson,E. L. BURLINGAME,AUTUMN 1891,AUTUMN,,1891.0
PER,0.998745,1211,1226,wikisource_vol2_ch11_letter18.txt,George Meredith,E. L. BURLINGAME,AUTUMN 1891,AUTUMN,,1891.0
PER,0.9994638,1263,1271,wikisource_vol2_ch11_letter18.txt,Huysmans,E. L. BURLINGAME,AUTUMN 1891,AUTUMN,,1891.0
PER,0.9995214,1282,1297,wikisource_vol2_ch11_letter18.txt,O ' Connor Morris,E. L. BURLINGAME,AUTUMN 1891,AUTUMN,,1891.0
PER,0.9984914,1354,1361,wikisource_vol2_ch11_letter18.txt,Kipling,E. L. BURLINGAME,AUTUMN 1891,AUTUMN,,1891.0
PER,0.9988363,1366,1371,wikisource_vol2_ch11_letter18.txt,Taine,E. L. BURLINGAME,AUTUMN 1891,AUTUMN,,1891.0
PER,0.9630647,11,31,wikisource_vol2_ch11_letter19.txt,W. Craibe Angus Vai,W. CRAIBE ANGUS,NOVEMBER 1891,NOVEMBER,,1891.0
LOC,0.51239526,31,35,wikisource_vol2_ch11_letter19.txt,##lima,W. CRAIBE ANGUS,NOVEMBER 1891,NOVEMBER,,1891.0
LOC,0.9998369,37,42,wikisource_vol2_ch11_letter19.txt,Samoa,W. CRAIBE ANGUS,NOVEMBER 1891,NOVEMBER,,1891.0
PER,0.98766565,71,76,wikisource_vol2_ch11_letter19.txt,Angus,W. CRAIBE ANGUS,NOVEMBER 1891,NOVEMBER,,1891.0
PER,0.9991299,1177,1181,wikisource_vol2_ch11_letter19.txt,Begg,W. CRAIBE ANGUS,NOVEMBER 1891,NOVEMBER,,1891.0
PER,0.99985147,1225,1247,wikisource_vol2_ch11_letter19.txt,Robert Louis Stevenson,W. CRAIBE ANGUS,NOVEMBER 1891,NOVEMBER,,1891.0
PER,0.92282254,11,24,wikisource_vol2_ch11_letter2.txt,E. L. Burling,E. L. BURLINGAME,DECEMBER 1890,DECEMBER,,1890.0
LOC,0.9988062,30,37,wikisource_vol2_ch11_letter2.txt,Vailima,E. L. BURLINGAME,DECEMBER 1890,DECEMBER,,1890.0
ORG,0.7833589,324,332,wikisource_vol2_ch11_letter2.txt,Scribner,E. L. BURLINGAME,DECEMBER 1890,DECEMBER,,1890.0
ORG,0.5487034,333,334,wikisource_vol2_ch11_letter2.txt,S,E. L. BURLINGAME,DECEMBER 1890,DECEMBER,,1890.0
LOC,0.9997175,666,670,wikisource_vol2_ch11_letter2.txt,Apia,E. L. BURLINGAME,DECEMBER 1890,DECEMBER,,1890.0
PER,0.99470705,835,846,wikisource_vol2_ch11_letter2.txt,Shakespeare,E. L. BURLINGAME,DECEMBER 1890,DECEMBER,,1890.0
LOC,0.99980664,1391,1398,wikisource_vol2_ch11_letter2.txt,Homburg,E. L. BURLINGAME,DECEMBER 1890,DECEMBER,,1890.0
LOC,0.99989533,1400,1409,wikisource_vol2_ch11_letter2.txt,Wiesbaden,E. L. BURLINGAME,DECEMBER 1890,DECEMBER,,1890.0
LOC,0.9998496,1411,1423,wikisource_vol2_ch11_letter2.txt,Baden - Baden,E. L. BURLINGAME,DECEMBER 1890,DECEMBER,,1890.0
LOC,0.9998344,1429,1435,wikisource_vol2_ch11_letter2.txt,Monaco,E. L. BURLINGAME,DECEMBER 1890,DECEMBER,,1890.0
LOC,0.99979657,1445,1456,wikisource_vol2_ch11_letter2.txt,Monte Carlo,E. L. BURLINGAME,DECEMBER 1890,DECEMBER,,1890.0
LOC,0.99800813,1721,1731,wikisource_vol2_ch11_letter2.txt,South Seas,E. L. BURLINGAME,DECEMBER 1890,DECEMBER,,1890.0
PER,0.94955814,16,37,wikisource_vol2_ch11_letter20.txt,Annie H. Ide Vailima,MISS ANNIE H. IDE,NOVEMBER 1891,NOVEMBER,,1891.0
LOC,0.99983597,39,44,wikisource_vol2_ch11_letter20.txt,Samoa,MISS ANNIE H. IDE,NOVEMBER 1891,NOVEMBER,,1891.0
PER,0.9963536,70,76,wikisource_vol2_ch11_letter20.txt,Louisa,MISS ANNIE H. IDE,NOVEMBER 1891,NOVEMBER,,1891.0
LOC,0.992214,1703,1710,wikisource_vol2_ch11_letter20.txt,Mulinuu,MISS ANNIE H. IDE,NOVEMBER 1891,NOVEMBER,,1891.0
ORG,0.99138814,1773,1778,wikisource_vol2_ch11_letter20.txt,Times,MISS ANNIE H. IDE,NOVEMBER 1891,NOVEMBER,,1891.0
PER,0.9990827,11,28,wikisource_vol2_ch11_letter21.txt,Fred Orr Vailima,FRED ORR,NOVEMBER 28 1891,NOVEMBER,28.0,1891.0
LOC,0.99771726,30,35,wikisource_vol2_ch11_letter21.txt,Upolu,FRED ORR,NOVEMBER 28 1891,NOVEMBER,28.0,1891.0
LOC,0.9997341,37,42,wikisource_vol2_ch11_letter21.txt,Samoa,FRED ORR,NOVEMBER 28 1891,NOVEMBER,28.0,1891.0
PER,0.9998896,313,322,wikisource_vol2_ch11_letter21.txt,Stevenson,FRED ORR,NOVEMBER 28 1891,NOVEMBER,28.0,1891.0
ORG,0.65002066,371,379,wikisource_vol2_ch11_letter21.txt,Presiden,FRED ORR,NOVEMBER 28 1891,NOVEMBER,28.0,1891.0
PER,0.99983907,1206,1228,wikisource_vol2_ch11_letter21.txt,Robert Louis Stevenson,FRED ORR,NOVEMBER 28 1891,NOVEMBER,28.0,1891.0
PER,0.96453524,11,24,wikisource_vol2_ch11_letter22.txt,E. L. Burling,E. L. BURLINGAME,DECEMBER 1891,DECEMBER,,1891.0
LOC,0.99848723,30,37,wikisource_vol2_ch11_letter22.txt,Vailima,E. L. BURLINGAME,DECEMBER 1891,DECEMBER,,1891.0
PER,0.89100486,1290,1297,wikisource_vol2_ch11_letter22.txt,R. L. S,E. L. BURLINGAME,DECEMBER 1891,DECEMBER,,1891.0
LOC,0.9996772,1805,1810,wikisource_vol2_ch11_letter22.txt,Samoa,E. L. BURLINGAME,DECEMBER 1891,DECEMBER,,1891.0
PER,0.99979186,11,22,wikisource_vol2_ch11_letter23.txt,Henry James,HENRY JAMES,DECEMBER 7 1891,DECEMBER,7.0,1891.0
PER,0.9993689,52,63,wikisource_vol2_ch11_letter23.txt,Henry James,HENRY JAMES,DECEMBER 7 1891,DECEMBER,7.0,1891.0
PER,0.99976414,279,284,wikisource_vol2_ch11_letter23.txt,Gosse,HENRY JAMES,DECEMBER 7 1891,DECEMBER,7.0,1891.0
PER,0.99980336,432,437,wikisource_vol2_ch11_letter23.txt,Gosse,HENRY JAMES,DECEMBER 7 1891,DECEMBER,7.0,1891.0
LOC,0.99653256,525,535,wikisource_vol2_ch11_letter23.txt,Alexandria,HENRY JAMES,DECEMBER 7 1891,DECEMBER,7.0,1891.0
PER,0.9996556,826,833,wikisource_vol2_ch11_letter23.txt,Bourget,HENRY JAMES,DECEMBER 7 1891,DECEMBER,7.0,1891.0
PER,0.9988406,885,894,wikisource_vol2_ch11_letter23.txt,Montaigne,HENRY JAMES,DECEMBER 7 1891,DECEMBER,7.0,1891.0
PER,0.99715436,943,949,wikisource_vol2_ch11_letter23.txt,Pascal,HENRY JAMES,DECEMBER 7 1891,DECEMBER,7.0,1891.0
LOC,0.99977237,1052,1058,wikisource_vol2_ch11_letter23.txt,Europe,HENRY JAMES,DECEMBER 7 1891,DECEMBER,7.0,1891.0
LOC,0.99974126,1096,1102,wikisource_vol2_ch11_letter23.txt,France,HENRY JAMES,DECEMBER 7 1891,DECEMBER,7.0,1891.0
LOC,0.99916536,1115,1120,wikisource_vol2_ch11_letter23.txt,Royat,HENRY JAMES,DECEMBER 7 1891,DECEMBER,7.0,1891.0
PER,0.99978197,1198,1209,wikisource_vol2_ch11_letter23.txt,Henry James,HENRY JAMES,DECEMBER 7 1891,DECEMBER,7.0,1891.0
LOC,0.9997857,1322,1329,wikisource_vol2_ch11_letter23.txt,England,HENRY JAMES,DECEMBER 7 1891,DECEMBER,7.0,1891.0
PER,0.82192343,1339,1340,wikisource_vol2_ch11_letter23.txt,I,HENRY JAMES,DECEMBER 7 1891,DECEMBER,7.0,1891.0
LOC,0.99828243,1364,1375,wikisource_vol2_ch11_letter23.txt,Southampton,HENRY JAMES,DECEMBER 7 1891,DECEMBER,7.0,1891.0
LOC,0.9886087,1389,1397,wikisource_vol2_ch11_letter23.txt,Boscombe,HENRY JAMES,DECEMBER 7 1891,DECEMBER,7.0,1891.0
PER,0.99550474,1410,1422,wikisource_vol2_ch11_letter23.txt,Lady Shelley,HENRY JAMES,DECEMBER 7 1891,DECEMBER,7.0,1891.0
PER,0.99979836,1609,1612,wikisource_vol2_ch11_letter23.txt,God,HENRY JAMES,DECEMBER 7 1891,DECEMBER,7.0,1891.0
PER,0.99981683,1660,1665,wikisource_vol2_ch11_letter23.txt,Lloyd,HENRY JAMES,DECEMBER 7 1891,DECEMBER,7.0,1891.0
PER,0.9997435,1964,1967,wikisource_vol2_ch11_letter23.txt,God,HENRY JAMES,DECEMBER 7 1891,DECEMBER,7.0,1891.0
PER,0.9815683,11,27,wikisource_vol2_ch11_letter24.txt,E. L. Burlingame,E. L. BURLINGAME,JANUARY 2 1892,JANUARY,2.0,1892.0
LOC,0.70821285,30,37,wikisource_vol2_ch11_letter24.txt,Vailima,E. L. BURLINGAME,JANUARY 2 1892,JANUARY,2.0,1892.0
PER,0.99968815,390,403,wikisource_vol2_ch11_letter24.txt,Jim Pinkerton,E. L. BURLINGAME,JANUARY 2 1892,JANUARY,2.0,1892.0
PER,0.9998698,892,898,wikisource_vol2_ch11_letter24.txt,Becker,E. L. BURLINGAME,JANUARY 2 1892,JANUARY,2.0,1892.0
PER,0.97656155,1016,1020,wikisource_vol2_ch11_letter24.txt,Hand,E. L. BURLINGAME,JANUARY 2 1892,JANUARY,2.0,1892.0
PER,0.9998983,1059,1064,wikisource_vol2_ch11_letter24.txt,Scott,E. L. BURLINGAME,JANUARY 2 1892,JANUARY,2.0,1892.0
PER,0.83298206,1591,1598,wikisource_vol2_ch11_letter24.txt,Vailima,E. L. BURLINGAME,JANUARY 2 1892,JANUARY,2.0,1892.0
LOC,0.9757827,1654,1666,wikisource_vol2_ch11_letter24.txt,Tanugamanono,E. L. BURLINGAME,JANUARY 2 1892,JANUARY,2.0,1892.0
PER,0.9867029,1692,1699,wikisource_vol2_ch11_letter24.txt,M ' Clure,E. L. BURLINGAME,JANUARY 2 1892,JANUARY,2.0,1892.0
LOC,0.4422688,1778,1784,wikisource_vol2_ch11_letter24.txt,Falesa,E. L. BURLINGAME,JANUARY 2 1892,JANUARY,2.0,1892.0
PER,0.9997695,1825,1832,wikisource_vol2_ch11_letter24.txt,Cassell,E. L. BURLINGAME,JANUARY 2 1892,JANUARY,2.0,1892.0
PER,0.99930507,11,23,wikisource_vol2_ch11_letter25.txt,J. M. Barrie,J. M. BARRIE,FEBRUARY 1892,FEBRUARY,,1892.0
LOC,0.63779014,25,32,wikisource_vol2_ch11_letter25.txt,Vailima,J. M. BARRIE,FEBRUARY 1892,FEBRUARY,,1892.0
LOC,0.9998209,34,39,wikisource_vol2_ch11_letter25.txt,Samoa,J. M. BARRIE,FEBRUARY 1892,FEBRUARY,,1892.0
PER,0.9981791,65,71,wikisource_vol2_ch11_letter25.txt,Barrie,J. M. BARRIE,FEBRUARY 1892,FEBRUARY,,1892.0
PER,0.71653986,911,916,wikisource_vol2_ch11_letter25.txt,Scott,J. M. BARRIE,FEBRUARY 1892,FEBRUARY,,1892.0
PER,0.74891454,932,934,wikisource_vol2_ch11_letter25.txt,Sc,J. M. BARRIE,FEBRUARY 1892,FEBRUARY,,1892.0
PER,0.99788946,1113,1119,wikisource_vol2_ch11_letter25.txt,Virgil,J. M. BARRIE,FEBRUARY 1892,FEBRUARY,,1892.0
PER,0.98974013,1615,1619,wikisource_vol2_ch11_letter25.txt,Alan,J. M. BARRIE,FEBRUARY 1892,FEBRUARY,,1892.0
PER,0.995097,1664,1669,wikisource_vol2_ch11_letter25.txt,David,J. M. BARRIE,FEBRUARY 1892,FEBRUARY,,1892.0
PER,0.9724749,1897,1901,wikisource_vol2_ch11_letter25.txt,Alan,J. M. BARRIE,FEBRUARY 1892,FEBRUARY,,1892.0
PER,0.99137056,1906,1911,wikisource_vol2_ch11_letter25.txt,David,J. M. BARRIE,FEBRUARY 1892,FEBRUARY,,1892.0
LOC,0.9988361,1949,1956,wikisource_vol2_ch11_letter25.txt,England,J. M. BARRIE,FEBRUARY 1892,FEBRUARY,,1892.0
LOC,0.99894685,1961,1969,wikisource_vol2_ch11_letter25.txt,Scotland,J. M. BARRIE,FEBRUARY 1892,FEBRUARY,,1892.0
LOC,0.8789869,2007,2009,wikisource_vol2_ch11_letter25.txt,Fi,J. M. BARRIE,FEBRUARY 1892,FEBRUARY,,1892.0
PER,0.5104166,2009,2011,wikisource_vol2_ch11_letter25.txt,##fe,J. M. BARRIE,FEBRUARY 1892,FEBRUARY,,1892.0
PER,0.9570386,11,34,wikisource_vol2_ch11_letter26.txt,William Morris Vailima,WILLIAM MORRIS,FEBRUARY 1892,FEBRUARY,,1892.0
LOC,0.9997881,36,41,wikisource_vol2_ch11_letter26.txt,Samoa,WILLIAM MORRIS,FEBRUARY 1892,FEBRUARY,,1892.0
PER,0.96360254,206,212,wikisource_vol2_ch11_letter26.txt,Master,WILLIAM MORRIS,FEBRUARY 1892,FEBRUARY,,1892.0
PER,0.99953926,390,396,wikisource_vol2_ch11_letter26.txt,Sigurd,WILLIAM MORRIS,FEBRUARY 1892,FEBRUARY,,1892.0
LOC,0.8912039,459,471,wikisource_vol2_ch11_letter26.txt,Saga Library,WILLIAM MORRIS,FEBRUARY 1892,FEBRUARY,,1892.0
PER,0.9127495,580,586,wikisource_vol2_ch11_letter26.txt,Master,WILLIAM MORRIS,FEBRUARY 1892,FEBRUARY,,1892.0
PER,0.9997019,1063,1066,wikisource_vol2_ch11_letter26.txt,God,WILLIAM MORRIS,FEBRUARY 1892,FEBRUARY,,1892.0
PER,0.99979216,1089,1095,wikisource_vol2_ch11_letter26.txt,Morris,WILLIAM MORRIS,FEBRUARY 1892,FEBRUARY,,1892.0
PER,0.99964327,1483,1505,wikisource_vol2_ch11_letter26.txt,Robert Louis Stevenson,WILLIAM MORRIS,FEBRUARY 1892,FEBRUARY,,1892.0
PER,0.9990071,16,33,wikisource_vol2_ch11_letter27.txt,Charles Fairchild,MRS. CHARLES FAIRCHILD,MARCH 1892,MARCH,,1892.0
LOC,0.9994589,36,43,wikisource_vol2_ch11_letter27.txt,Vailima,MRS. CHARLES FAIRCHILD,MARCH 1892,MARCH,,1892.0
PER,0.82124436,71,80,wikisource_vol2_ch11_letter27.txt,Fairchild,MRS. CHARLES FAIRCHILD,MARCH 1892,MARCH,,1892.0
LOC,0.7963544,415,420,wikisource_vol2_ch11_letter27.txt,Samoa,MRS. CHARLES FAIRCHILD,MARCH 1892,MARCH,,1892.0
PER,0.9996228,553,566,wikisource_vol2_ch11_letter27.txt,David Balfour,MRS. CHARLES FAIRCHILD,MARCH 1892,MARCH,,1892.0
LOC,0.87507224,1444,1448,wikisource_vol2_ch11_letter27.txt,Apia,MRS. CHARLES FAIRCHILD,MARCH 1892,MARCH,,1892.0
PER,0.9998702,1614,1619,wikisource_vol2_ch11_letter27.txt,Scott,MRS. CHARLES FAIRCHILD,MARCH 1892,MARCH,,1892.0
PER,0.9918484,11,27,wikisource_vol2_ch11_letter28.txt,E. L. Burlingame,E. L. BURLINGAME,MARCH 1892,MARCH,,1892.0
LOC,0.99643874,30,37,wikisource_vol2_ch11_letter28.txt,Vailima,E. L. BURLINGAME,MARCH 1892,MARCH,,1892.0
PER,0.99959964,250,256,wikisource_vol2_ch11_letter28.txt,Henley,E. L. BURLINGAME,MARCH 1892,MARCH,,1892.0
PER,0.9961398,369,378,wikisource_vol2_ch11_letter28.txt,C. Baxter,E. L. BURLINGAME,MARCH 1892,MARCH,,1892.0
LOC,0.99806064,380,383,wikisource_vol2_ch11_letter28.txt,W. S,E. L. BURLINGAME,MARCH 1892,MARCH,,1892.0
LOC,0.98739386,389,408,wikisource_vol2_ch11_letter28.txt,S. Charlotte Street,E. L. BURLINGAME,MARCH 1892,MARCH,,1892.0
LOC,0.9993338,410,419,wikisource_vol2_ch11_letter28.txt,Edinburgh,E. L. BURLINGAME,MARCH 1892,MARCH,,1892.0
PER,0.9997242,509,512,wikisource_vol2_ch11_letter28.txt,God,E. L. BURLINGAME,MARCH 1892,MARCH,,1892.0
LOC,0.9472434,921,930,wikisource_vol2_ch11_letter28.txt,The Beach,E. L. BURLINGAME,MARCH 1892,MARCH,,1892.0
PER,0.99297744,947,960,wikisource_vol2_ch11_letter28.txt,Carte Blanche,E. L. BURLINGAME,MARCH 1892,MARCH,,1892.0
PER,0.99923337,987,993,wikisource_vol2_ch11_letter28.txt,Baxter,E. L. BURLINGAME,MARCH 1892,MARCH,,1892.0
LOC,0.85269094,1188,1193,wikisource_vol2_ch11_letter28.txt,Samoa,E. L. BURLINGAME,MARCH 1892,MARCH,,1892.0
LOC,0.8650567,1665,1668,wikisource_vol2_ch11_letter28.txt,Bar,E. L. BURLINGAME,MARCH 1892,MARCH,,1892.0
PER,0.8908259,1668,1683,wikisource_vol2_ch11_letter28.txt,##bey d ' Aurevilly,E. L. BURLINGAME,MARCH 1892,MARCH,,1892.0
PER,0.9996801,1727,1738,wikisource_vol2_ch11_letter28.txt,Henri Beyle,E. L. BURLINGAME,MARCH 1892,MARCH,,1892.0
PER,0.995669,1740,1748,wikisource_vol2_ch11_letter28.txt,Stendahl,E. L. BURLINGAME,MARCH 1892,MARCH,,1892.0
PER,0.99788296,1768,1783,wikisource_vol2_ch11_letter28.txt,R. L. Stevenson,E. L. BURLINGAME,MARCH 1892,MARCH,,1892.0
PER,0.61361414,11,22,wikisource_vol2_ch11_letter29.txt,T. W. Dover,T. W. DOVER,JUNE 20 1892,JUNE,20.0,1892.0
LOC,0.81471545,24,37,wikisource_vol2_ch11_letter29.txt,Vailima Plant,T. W. DOVER,JUNE 20 1892,JUNE,20.0,1892.0
LOC,0.9991782,44,49,wikisource_vol2_ch11_letter29.txt,Upolu,T. W. DOVER,JUNE 20 1892,JUNE,20.0,1892.0
LOC,0.9998653,51,56,wikisource_vol2_ch11_letter29.txt,Samoa,T. W. DOVER,JUNE 20 1892,JUNE,20.0,1892.0
PER,0.99969786,1902,1924,wikisource_vol2_ch11_letter29.txt,Robert Louis Stevenson,T. W. DOVER,JUNE 20 1892,JUNE,20.0,1892.0
PER,0.9987253,11,31,wikisource_vol2_ch11_letter3.txt,Henry James Vailima,HENRY JAMES,DECEMBER 29 1890,DECEMBER,29.0,1890.0
LOC,0.99961925,33,37,wikisource_vol2_ch11_letter3.txt,Apia,HENRY JAMES,DECEMBER 29 1890,DECEMBER,29.0,1890.0
LOC,0.99983454,39,44,wikisource_vol2_ch11_letter3.txt,Samoa,HENRY JAMES,DECEMBER 29 1890,DECEMBER,29.0,1890.0
PER,0.999632,75,86,wikisource_vol2_ch11_letter3.txt,Henry James,HENRY JAMES,DECEMBER 29 1890,DECEMBER,29.0,1890.0
ORG,0.98719454,201,212,wikisource_vol2_ch11_letter3.txt,Post Office,HENRY JAMES,DECEMBER 29 1890,DECEMBER,29.0,1890.0
ORG,0.9699726,307,325,wikisource_vol2_ch11_letter3.txt,Sydney Post Office,HENRY JAMES,DECEMBER 29 1890,DECEMBER,29.0,1890.0
LOC,0.99933666,535,541,wikisource_vol2_ch11_letter3.txt,Sydney,HENRY JAMES,DECEMBER 29 1890,DECEMBER,29.0,1890.0
LOC,0.9996178,1140,1144,wikisource_vol2_ch11_letter3.txt,Apia,HENRY JAMES,DECEMBER 29 1890,DECEMBER,29.0,1890.0
LOC,0.5509846,1509,1514,wikisource_vol2_ch11_letter3.txt,Quant,HENRY JAMES,DECEMBER 29 1890,DECEMBER,29.0,1890.0
PER,0.99973625,1589,1594,wikisource_vol2_ch11_letter3.txt,Baker,HENRY JAMES,DECEMBER 29 1890,DECEMBER,29.0,1890.0
LOC,0.99967694,1598,1603,wikisource_vol2_ch11_letter3.txt,Tonga,HENRY JAMES,DECEMBER 29 1890,DECEMBER,29.0,1890.0
LOC,0.99979913,1872,1881,wikisource_vol2_ch11_letter3.txt,South Sea,HENRY JAMES,DECEMBER 29 1890,DECEMBER,29.0,1890.0
LOC,0.99708956,2036,2043,wikisource_vol2_ch11_letter3.txt,Pacific,HENRY JAMES,DECEMBER 29 1890,DECEMBER,29.0,1890.0
PER,0.9331946,11,36,wikisource_vol2_ch11_letter30.txt,E. L. Burlingame Vailima,E. L. BURLINGAME,SUMMER 1892,SUMMER,,1892.0
LOC,0.9852385,287,292,wikisource_vol2_ch11_letter30.txt,Samoa,E. L. BURLINGAME,SUMMER 1892,SUMMER,,1892.0
PER,0.9955194,353,357,wikisource_vol2_ch11_letter30.txt,Lord,E. L. BURLINGAME,SUMMER 1892,SUMMER,,1892.0
PER,0.5865196,665,669,wikisource_vol2_ch11_letter30.txt,Cass,E. L. BURLINGAME,SUMMER 1892,SUMMER,,1892.0
PER,0.999186,699,705,wikisource_vol2_ch11_letter30.txt,Baxter,E. L. BURLINGAME,SUMMER 1892,SUMMER,,1892.0
ORG,0.7057132,768,774,wikisource_vol2_ch11_letter30.txt,La Cha,E. L. BURLINGAME,SUMMER 1892,SUMMER,,1892.0
PER,0.69505036,805,811,wikisource_vol2_ch11_letter30.txt,Barbey,E. L. BURLINGAME,SUMMER 1892,SUMMER,,1892.0
PER,0.61833864,845,852,wikisource_vol2_ch11_letter30.txt,Pineros,E. L. BURLINGAME,SUMMER 1892,SUMMER,,1892.0
ORG,0.9345175,937,949,wikisource_vol2_ch11_letter30.txt,Saga Library,E. L. BURLINGAME,SUMMER 1892,SUMMER,,1892.0
LOC,0.9923637,1134,1139,wikisource_vol2_ch11_letter30.txt,Samoa,E. L. BURLINGAME,SUMMER 1892,SUMMER,,1892.0
LOC,0.95332134,1625,1630,wikisource_vol2_ch11_letter30.txt,Samoa,E. L. BURLINGAME,SUMMER 1892,SUMMER,,1892.0
PER,0.9994972,1658,1661,wikisource_vol2_ch11_letter30.txt,God,E. L. BURLINGAME,SUMMER 1892,SUMMER,,1892.0
PER,0.9996144,1687,1709,wikisource_vol2_ch11_letter30.txt,Robert Louis Stevenson,E. L. BURLINGAME,SUMMER 1892,SUMMER,,1892.0
PER,0.9980126,11,25,wikisource_vol2_ch11_letter31.txt,Charles Baxter,CHARLES BAXTER,JULY 18 1892,JULY,18.0,1892.0
LOC,0.8368041,27,40,wikisource_vol2_ch11_letter31.txt,Vailima Plant,CHARLES BAXTER,JULY 18 1892,JULY,18.0,1892.0
LOC,0.9991058,47,52,wikisource_vol2_ch11_letter31.txt,Upolu,CHARLES BAXTER,JULY 18 1892,JULY,18.0,1892.0
LOC,0.9996976,54,68,wikisource_vol2_ch11_letter31.txt,Samoan Islands,CHARLES BAXTER,JULY 18 1892,JULY,18.0,1892.0
PER,0.99907124,94,101,wikisource_vol2_ch11_letter31.txt,Charles,CHARLES BAXTER,JULY 18 1892,JULY,18.0,1892.0
ORG,0.99906045,239,244,wikisource_vol2_ch11_letter31.txt,Times,CHARLES BAXTER,JULY 18 1892,JULY,18.0,1892.0
LOC,0.9994377,330,335,wikisource_vol2_ch11_letter31.txt,Upolu,CHARLES BAXTER,JULY 18 1892,JULY,18.0,1892.0
LOC,0.99947166,403,410,wikisource_vol2_ch11_letter31.txt,Vailima,CHARLES BAXTER,JULY 18 1892,JULY,18.0,1892.0
LOC,0.99444455,567,575,wikisource_vol2_ch11_letter31.txt,Highland,CHARLES BAXTER,JULY 18 1892,JULY,18.0,1892.0
LOC,0.9990518,636,650,wikisource_vol2_ch11_letter31.txt,Waterloo Place,CHARLES BAXTER,JULY 18 1892,JULY,18.0,1892.0
PER,0.99958926,897,903,wikisource_vol2_ch11_letter31.txt,Henley,CHARLES BAXTER,JULY 18 1892,JULY,18.0,1892.0
LOC,0.8937419,1410,1411,wikisource_vol2_ch11_letter31.txt,S,CHARLES BAXTER,JULY 18 1892,JULY,18.0,1892.0
LOC,0.99672383,1546,1552,wikisource_vol2_ch11_letter31.txt,Henley,CHARLES BAXTER,JULY 18 1892,JULY,18.0,1892.0
PER,0.9995432,1773,1780,wikisource_vol2_ch11_letter31.txt,Charles,CHARLES BAXTER,JULY 18 1892,JULY,18.0,1892.0
PER,0.9984269,1782,1804,wikisource_vol2_ch11_letter31.txt,Robert Louis Stevenson,CHARLES BAXTER,JULY 18 1892,JULY,18.0,1892.0
PER,0.98130214,11,23,wikisource_vol2_ch11_letter32.txt,W. E. Henley,W. E. HENLEY,AUGUST 1 1892,AUGUST,1.0,1892.0
LOC,0.7758295,25,32,wikisource_vol2_ch11_letter32.txt,Vailima,W. E. HENLEY,AUGUST 1 1892,AUGUST,1.0,1892.0
LOC,0.9981714,45,50,wikisource_vol2_ch11_letter32.txt,Upolu,W. E. HENLEY,AUGUST 1 1892,AUGUST,1.0,1892.0
LOC,0.99977785,52,57,wikisource_vol2_ch11_letter32.txt,Samoa,W. E. HENLEY,AUGUST 1 1892,AUGUST,1.0,1892.0
PER,0.9959741,85,91,wikisource_vol2_ch11_letter32.txt,Henley,W. E. HENLEY,AUGUST 1 1892,AUGUST,1.0,1892.0
PER,0.9986759,204,209,wikisource_vol2_ch11_letter32.txt,G. M.,W. E. HENLEY,AUGUST 1 1892,AUGUST,1.0,1892.0
PER,0.76630586,411,414,wikisource_vol2_ch11_letter32.txt,And,W. E. HENLEY,AUGUST 1 1892,AUGUST,1.0,1892.0
PER,0.9998678,637,643,wikisource_vol2_ch11_letter32.txt,Apollo,W. E. HENLEY,AUGUST 1 1892,AUGUST,1.0,1892.0
PER,0.9998458,816,838,wikisource_vol2_ch11_letter32.txt,Robert Louis Stevenson,W. E. HENLEY,AUGUST 1 1892,AUGUST,1.0,1892.0
PER,0.9996896,871,875,wikisource_vol2_ch11_letter32.txt,Esau,W. E. HENLEY,AUGUST 1 1892,AUGUST,1.0,1892.0
PER,0.9811338,1106,1112,wikisource_vol2_ch11_letter32.txt,Mother,W. E. HENLEY,AUGUST 1 1892,AUGUST,1.0,1892.0
PER,0.9486853,1261,1268,wikisource_vol2_ch11_letter32.txt,R. L. S,W. E. HENLEY,AUGUST 1 1892,AUGUST,1.0,1892.0
PER,0.99553245,11,27,wikisource_vol2_ch11_letter33.txt,E. L. Burlingame,E. L. BURLINGAME,AUGUST 1 1892,AUGUST,1.0,1892.0
LOC,0.9742565,29,36,wikisource_vol2_ch11_letter33.txt,Vailima,E. L. BURLINGAME,AUGUST 1 1892,AUGUST,1.0,1892.0
LOC,0.99791086,38,43,wikisource_vol2_ch11_letter33.txt,Upolu,E. L. BURLINGAME,AUGUST 1 1892,AUGUST,1.0,1892.0
LOC,0.7552886,415,424,wikisource_vol2_ch11_letter33.txt,Coruiskin,E. L. BURLINGAME,AUGUST 1 1892,AUGUST,1.0,1892.0
LOC,0.99921644,662,667,wikisource_vol2_ch11_letter33.txt,Samoa,E. L. BURLINGAME,AUGUST 1 1892,AUGUST,1.0,1892.0
PER,0.99977344,710,715,wikisource_vol2_ch11_letter33.txt,Adams,E. L. BURLINGAME,AUGUST 1 1892,AUGUST,1.0,1892.0
PER,0.99968135,844,854,wikisource_vol2_ch11_letter33.txt,Barry Pain,E. L. BURLINGAME,AUGUST 1 1892,AUGUST,1.0,1892.0
PER,0.9997559,894,906,wikisource_vol2_ch11_letter33.txt,David Masson,E. L. BURLINGAME,AUGUST 1 1892,AUGUST,1.0,1892.0
PER,0.9995904,1326,1339,wikisource_vol2_ch11_letter33.txt,David Balfour,E. L. BURLINGAME,AUGUST 1 1892,AUGUST,1.0,1892.0
PER,0.99170554,1551,1558,wikisource_vol2_ch11_letter33.txt,R. L. S,E. L. BURLINGAME,AUGUST 1 1892,AUGUST,1.0,1892.0
PER,0.9972702,11,22,wikisource_vol2_ch11_letter34.txt,Andrew Lang,ANDREW LANG,AUGUST 1892,AUGUST,,1892.0
LOC,0.9983256,25,32,wikisource_vol2_ch11_letter34.txt,Vailima,ANDREW LANG,AUGUST 1892,AUGUST,,1892.0
PER,0.62989485,51,55,wikisource_vol2_ch11_letter34.txt,Dear,ANDREW LANG,AUGUST 1892,AUGUST,,1892.0
PER,0.96170497,178,183,wikisource_vol2_ch11_letter34.txt,Brown,ANDREW LANG,AUGUST 1892,AUGUST,,1892.0
PER,0.43301052,186,191,wikisource_vol2_ch11_letter34.txt,Blair,ANDREW LANG,AUGUST 1892,AUGUST,,1892.0
LOC,0.9794028,195,202,wikisource_vol2_ch11_letter34.txt,Balmyle,ANDREW LANG,AUGUST 1892,AUGUST,,1892.0
PER,0.97475183,205,218,wikisource_vol2_ch11_letter34.txt,Francie Blair,ANDREW LANG,AUGUST 1892,AUGUST,,1892.0
LOC,0.971669,259,266,wikisource_vol2_ch11_letter34.txt,Balmyle,ANDREW LANG,AUGUST 1892,AUGUST,,1892.0
PER,0.9994314,426,439,wikisource_vol2_ch11_letter34.txt,David Balfour,ANDREW LANG,AUGUST 1892,AUGUST,,1892.0
ORG,0.9995609,1090,1095,wikisource_vol2_ch11_letter34.txt,Times,ANDREW LANG,AUGUST 1892,AUGUST,,1892.0
PER,0.9997017,1176,1189,wikisource_vol2_ch11_letter34.txt,David Balfour,ANDREW LANG,AUGUST 1892,AUGUST,,1892.0
LOC,0.9995442,1208,1215,wikisource_vol2_ch11_letter34.txt,Glasgow,ANDREW LANG,AUGUST 1892,AUGUST,,1892.0
LOC,0.9995975,1233,1242,wikisource_vol2_ch11_letter34.txt,Edinburgh,ANDREW LANG,AUGUST 1892,AUGUST,,1892.0
PER,0.9992534,1244,1254,wikisource_vol2_ch11_letter34.txt,James More,ANDREW LANG,AUGUST 1892,AUGUST,,1892.0
PER,0.8600855,1319,1330,wikisource_vol2_ch11_letter34.txt,Behring Sea,ANDREW LANG,AUGUST 1892,AUGUST,,1892.0
PER,0.92542326,1338,1344,wikisource_vol2_ch11_letter34.txt,Baring,ANDREW LANG,AUGUST 1892,AUGUST,,1892.0
PER,0.99952066,1382,1392,wikisource_vol2_ch11_letter34.txt,James More,ANDREW LANG,AUGUST 1892,AUGUST,,1892.0
PER,0.7716315,1411,1424,wikisource_vol2_ch11_letter34.txt,Lord Advocate,ANDREW LANG,AUGUST 1892,AUGUST,,1892.0
PER,0.9995532,1462,1470,wikisource_vol2_ch11_letter34.txt,Catriona,ANDREW LANG,AUGUST 1892,AUGUST,,1892.0
PER,0.99969256,1498,1508,wikisource_vol2_ch11_letter34.txt,James More,ANDREW LANG,AUGUST 1892,AUGUST,,1892.0
PER,0.87180495,1557,1568,wikisource_vol2_ch11_letter34.txt,Miss Grants,ANDREW LANG,AUGUST 1892,AUGUST,,1892.0
PER,0.9895919,1584,1597,wikisource_vol2_ch11_letter34.txt,Lord Advocate,ANDREW LANG,AUGUST 1892,AUGUST,,1892.0
LOC,0.9993524,1678,1685,wikisource_vol2_ch11_letter34.txt,Holland,ANDREW LANG,AUGUST 1892,AUGUST,,1892.0
LOC,0.9871736,1712,1719,wikisource_vol2_ch11_letter34.txt,Dunkirk,ANDREW LANG,AUGUST 1892,AUGUST,,1892.0
LOC,0.99874383,1762,1767,wikisource_vol2_ch11_letter34.txt,Paris,ANDREW LANG,AUGUST 1892,AUGUST,,1892.0
PER,0.95962656,15,23,wikisource_vol2_ch11_letter35.txt,Countess,THE COUNTESS OF JERSEY,AUGUST 14 1892,AUGUST,14.0,1892.0
PER,0.69819754,27,33,wikisource_vol2_ch11_letter35.txt,Jersey,THE COUNTESS OF JERSEY,AUGUST 14 1892,AUGUST,14.0,1892.0
PER,0.9996152,60,74,wikisource_vol2_ch11_letter35.txt,Amelia Balfour,THE COUNTESS OF JERSEY,AUGUST 14 1892,AUGUST,14.0,1892.0
LOC,0.98648024,226,235,wikisource_vol2_ch11_letter35.txt,Gasi - gasi,THE COUNTESS OF JERSEY,AUGUST 14 1892,AUGUST,14.0,1892.0
PER,0.9995943,413,419,wikisource_vol2_ch11_letter35.txt,Graham,THE COUNTESS OF JERSEY,AUGUST 14 1892,AUGUST,14.0,1892.0
LOC,0.99830604,462,475,wikisource_vol2_ch11_letter35.txt,Osterley Park,THE COUNTESS OF JERSEY,AUGUST 14 1892,AUGUST,14.0,1892.0
LOC,0.9996086,495,500,wikisource_vol2_ch11_letter35.txt,Samoa,THE COUNTESS OF JERSEY,AUGUST 14 1892,AUGUST,14.0,1892.0
PER,0.99972254,544,551,wikisource_vol2_ch11_letter35.txt,Haggard,THE COUNTESS OF JERSEY,AUGUST 14 1892,AUGUST,14.0,1892.0
PER,0.98109186,584,588,wikisource_vol2_ch11_letter35.txt,King,THE COUNTESS OF JERSEY,AUGUST 14 1892,AUGUST,14.0,1892.0
LOC,0.8779379,610,618,wikisource_vol2_ch11_letter35.txt,Gasi - gas,THE COUNTESS OF JERSEY,AUGUST 14 1892,AUGUST,14.0,1892.0
PER,0.9997844,663,670,wikisource_vol2_ch11_letter35.txt,Balfour,THE COUNTESS OF JERSEY,AUGUST 14 1892,AUGUST,14.0,1892.0
PER,0.99985343,896,918,wikisource_vol2_ch11_letter35.txt,Robert Louis Stevenson,THE COUNTESS OF JERSEY,AUGUST 14 1892,AUGUST,14.0,1892.0
PER,0.96867126,15,33,wikisource_vol2_ch11_letter36.txt,Countess Of Jersey,THE COUNTESS OF JERSEY,,,,
PER,0.99720347,339,356,wikisource_vol2_ch11_letter36.txt,Master of Haggard,THE COUNTESS OF JERSEY,,,,
PER,0.99634147,369,377,wikisource_vol2_ch11_letter36.txt,Lockhart,THE COUNTESS OF JERSEY,,,,
LOC,0.99833125,381,384,wikisource_vol2_ch11_letter36.txt,Lee,THE COUNTESS OF JERSEY,,,,
PER,0.9972757,558,575,wikisource_vol2_ch11_letter36.txt,Master of Haggard,THE COUNTESS OF JERSEY,,,,
PER,0.8987417,803,811,wikisource_vol2_ch11_letter36.txt,Tusitala,THE COUNTESS OF JERSEY,,,,
PER,0.8164986,813,816,wikisource_vol2_ch11_letter36.txt,P. S,THE COUNTESS OF JERSEY,,,,
PER,0.9978043,16,33,wikisource_vol2_ch11_letter37.txt,Charles Fairchild,MRS. CHARLES FAIRCHILD,AUGUST 1892,AUGUST,,1892.0
LOC,0.99919,36,43,wikisource_vol2_ch11_letter37.txt,Vailima,MRS. CHARLES FAIRCHILD,AUGUST 1892,AUGUST,,1892.0
PER,0.6625328,72,81,wikisource_vol2_ch11_letter37.txt,Fairchild,MRS. CHARLES FAIRCHILD,AUGUST 1892,AUGUST,,1892.0
PER,0.52635896,438,444,wikisource_vol2_ch11_letter37.txt,Hermit,MRS. CHARLES FAIRCHILD,AUGUST 1892,AUGUST,,1892.0
LOC,0.99941003,448,453,wikisource_vol2_ch11_letter37.txt,Samoa,MRS. CHARLES FAIRCHILD,AUGUST 1892,AUGUST,,1892.0
PER,0.9939884,1879,1884,wikisource_vol2_ch11_letter37.txt,Ibsen,MRS. CHARLES FAIRCHILD,AUGUST 1892,AUGUST,,1892.0
PER,0.8979987,11,33,wikisource_vol2_ch11_letter38.txt,Gordon Browne Vailima,GORDON BROWNE,AUTUMN 1892,AUTUMN,,1892.0
LOC,0.9997285,35,40,wikisource_vol2_ch11_letter38.txt,Samoa,GORDON BROWNE,AUTUMN 1892,AUTUMN,,1892.0
PER,0.99804854,152,157,wikisource_vol2_ch11_letter38.txt,G. B.,GORDON BROWNE,AUTUMN 1892,AUTUMN,,1892.0
LOC,0.99811184,507,516,wikisource_vol2_ch11_letter38.txt,Wiltshire,GORDON BROWNE,AUTUMN 1892,AUTUMN,,1892.0
LOC,0.9975418,576,585,wikisource_vol2_ch11_letter38.txt,Wiltshire,GORDON BROWNE,AUTUMN 1892,AUTUMN,,1892.0
PER,0.99882656,718,722,wikisource_vol2_ch11_letter38.txt,Case,GORDON BROWNE,AUTUMN 1892,AUTUMN,,1892.0
PER,0.9997646,937,945,wikisource_vol2_ch11_letter38.txt,Tarleton,GORDON BROWNE,AUTUMN 1892,AUTUMN,,1892.0
PER,0.99888164,1087,1091,wikisource_vol2_ch11_letter38.txt,Case,GORDON BROWNE,AUTUMN 1892,AUTUMN,,1892.0
PER,0.9994564,1119,1127,wikisource_vol2_ch11_letter38.txt,Tarleton,GORDON BROWNE,AUTUMN 1892,AUTUMN,,1892.0
PER,0.9998203,1601,1623,wikisource_vol2_ch11_letter38.txt,Robert Louis Stevenson,GORDON BROWNE,AUTUMN 1892,AUTUMN,,1892.0
PER,0.8650012,16,30,wikisource_vol2_ch11_letter39.txt,Morse Vailima,MISS MORSE,OCTOBER 7 1892,OCTOBER,7.0,1892.0
LOC,0.9998293,32,46,wikisource_vol2_ch11_letter39.txt,Samoan Islands,MISS MORSE,OCTOBER 7 1892,OCTOBER,7.0,1892.0
PER,0.8351278,72,75,wikisource_vol2_ch11_letter39.txt,Mad,MISS MORSE,OCTOBER 7 1892,OCTOBER,7.0,1892.0
PER,0.8899664,433,438,wikisource_vol2_ch11_letter39.txt,Madam,MISS MORSE,OCTOBER 7 1892,OCTOBER,7.0,1892.0
PER,0.9374416,1181,1186,wikisource_vol2_ch11_letter39.txt,Madam,MISS MORSE,OCTOBER 7 1892,OCTOBER,7.0,1892.0
PER,0.99979025,1683,1705,wikisource_vol2_ch11_letter39.txt,Robert Louis Stevenson,MISS MORSE,OCTOBER 7 1892,OCTOBER,7.0,1892.0
PER,0.9993684,11,26,wikisource_vol2_ch11_letter4.txt,Rudyard Kipling,RUDYARD KIPLING,1891,,,1891.0
LOC,0.9949411,29,36,wikisource_vol2_ch11_letter4.txt,Vailima,RUDYARD KIPLING,1891,,,1891.0
LOC,0.9997769,197,204,wikisource_vol2_ch11_letter4.txt,Ireland,RUDYARD KIPLING,1891,,,1891.0
PER,0.99951243,561,568,wikisource_vol2_ch11_letter4.txt,Balfour,RUDYARD KIPLING,1891,,,1891.0
PER,0.88095677,576,580,wikisource_vol2_ch11_letter4.txt,Shaw,RUDYARD KIPLING,1891,,,1891.0
LOC,0.99939066,590,597,wikisource_vol2_ch11_letter4.txt,Lothian,RUDYARD KIPLING,1891,,,1891.0
PER,0.99905145,1015,1024,wikisource_vol2_ch11_letter4.txt,McIlvaine,RUDYARD KIPLING,1891,,,1891.0
PER,0.9995298,1111,1119,wikisource_vol2_ch11_letter4.txt,Coupling,RUDYARD KIPLING,1891,,,1891.0
PER,0.99965364,1488,1496,wikisource_vol2_ch11_letter4.txt,Coupling,RUDYARD KIPLING,1891,,,1891.0
PER,0.9995888,1580,1589,wikisource_vol2_ch11_letter4.txt,Stevenson,RUDYARD KIPLING,1891,,,1891.0
PER,0.99977493,1731,1741,wikisource_vol2_ch11_letter4.txt,A. Stewart,RUDYARD KIPLING,1891,,,1891.0
LOC,0.61684275,1756,1758,wikisource_vol2_ch11_letter4.txt,St,RUDYARD KIPLING,1891,,,1891.0
PER,0.5007315,1758,1765,wikisource_vol2_ch11_letter4.txt,. Louis,RUDYARD KIPLING,1891,,,1891.0
PER,0.9984822,1774,1783,wikisource_vol2_ch11_letter4.txt,M ' Ilvaine,RUDYARD KIPLING,1891,,,1891.0
PER,0.9981721,1842,1850,wikisource_vol2_ch11_letter4.txt,Coupling,RUDYARD KIPLING,1891,,,1891.0
ORG,0.9707388,1880,1892,wikisource_vol2_ch11_letter4.txt,Barrack Room,RUDYARD KIPLING,1891,,,1891.0
PER,0.9036736,11,24,wikisource_vol2_ch11_letter40.txt,E. L. Burling,E. L. BURLINGAME,OCTOBER 10 1892,OCTOBER,10.0,1892.0
LOC,0.9937245,29,36,wikisource_vol2_ch11_letter40.txt,Vailima,E. L. BURLINGAME,OCTOBER 10 1892,OCTOBER,10.0,1892.0
LOC,0.9990818,49,63,wikisource_vol2_ch11_letter40.txt,Samoan Islands,E. L. BURLINGAME,OCTOBER 10 1892,OCTOBER,10.0,1892.0
LOC,0.9988193,178,193,wikisource_vol2_ch11_letter40.txt,Island of Upolu,E. L. BURLINGAME,OCTOBER 10 1892,OCTOBER,10.0,1892.0
LOC,0.999696,236,241,wikisource_vol2_ch11_letter40.txt,Samoa,E. L. BURLINGAME,OCTOBER 10 1892,OCTOBER,10.0,1892.0
ORG,0.9996295,639,650,wikisource_vol2_ch11_letter40.txt,Post Office,E. L. BURLINGAME,OCTOBER 10 1892,OCTOBER,10.0,1892.0
PER,0.9986492,690,697,wikisource_vol2_ch11_letter40.txt,Sanchez,E. L. BURLINGAME,OCTOBER 10 1892,OCTOBER,10.0,1892.0
LOC,0.9988305,1015,1023,wikisource_vol2_ch11_letter40.txt,Broadway,E. L. BURLINGAME,OCTOBER 10 1892,OCTOBER,10.0,1892.0
ORG,0.9997003,1214,1225,wikisource_vol2_ch11_letter40.txt,Post Office,E. L. BURLINGAME,OCTOBER 10 1892,OCTOBER,10.0,1892.0
LOC,0.9998373,1290,1296,wikisource_vol2_ch11_letter40.txt,States,E. L. BURLINGAME,OCTOBER 10 1892,OCTOBER,10.0,1892.0
LOC,0.9998772,1341,1348,wikisource_vol2_ch11_letter40.txt,England,E. L. BURLINGAME,OCTOBER 10 1892,OCTOBER,10.0,1892.0
PER,0.99940175,1369,1391,wikisource_vol2_ch11_letter40.txt,Robert Louis Stevenson,E. L. BURLINGAME,OCTOBER 10 1892,OCTOBER,10.0,1892.0
PER,0.9802087,11,23,wikisource_vol2_ch11_letter41.txt,J. M. Barrie,J. M. BARRIE,NOVEMBER 1 1892,NOVEMBER,1.0,1892.0
LOC,0.834261,25,38,wikisource_vol2_ch11_letter41.txt,Vailima Plant,J. M. BARRIE,NOVEMBER 1 1892,NOVEMBER,1.0,1892.0
LOC,0.99971753,45,59,wikisource_vol2_ch11_letter41.txt,Samoan Islands,J. M. BARRIE,NOVEMBER 1 1892,NOVEMBER,1.0,1892.0
PER,0.99933743,90,96,wikisource_vol2_ch11_letter41.txt,Barrie,J. M. BARRIE,NOVEMBER 1 1892,NOVEMBER,1.0,1892.0
LOC,0.7964165,317,327,wikisource_vol2_ch11_letter41.txt,Auld Licht,J. M. BARRIE,NOVEMBER 1 1892,NOVEMBER,1.0,1892.0
LOC,0.9990022,390,400,wikisource_vol2_ch11_letter41.txt,South Seas,J. M. BARRIE,NOVEMBER 1 1892,NOVEMBER,1.0,1892.0
PER,0.99971586,564,577,wikisource_vol2_ch11_letter41.txt,David Balfour,J. M. BARRIE,NOVEMBER 1 1892,NOVEMBER,1.0,1892.0
LOC,0.99982697,658,664,wikisource_vol2_ch11_letter41.txt,France,J. M. BARRIE,NOVEMBER 1 1892,NOVEMBER,1.0,1892.0
LOC,0.99981827,677,685,wikisource_vol2_ch11_letter41.txt,Scotland,J. M. BARRIE,NOVEMBER 1 1892,NOVEMBER,1.0,1892.0
PER,0.86947674,711,718,wikisource_vol2_ch11_letter41.txt,Charlie,J. M. BARRIE,NOVEMBER 1 1892,NOVEMBER,1.0,1892.0
PER,0.9993147,919,928,wikisource_vol2_ch11_letter41.txt,Braxfield,J. M. BARRIE,NOVEMBER 1 1892,NOVEMBER,1.0,1892.0
PER,0.9919227,931,940,wikisource_vol2_ch11_letter41.txt,Braxfield,J. M. BARRIE,NOVEMBER 1 1892,NOVEMBER,1.0,1892.0
PER,0.99958634,1104,1111,wikisource_vol2_ch11_letter41.txt,Rintoul,J. M. BARRIE,NOVEMBER 1 1892,NOVEMBER,1.0,1892.0
PER,0.8877314,11,19,wikisource_vol2_ch11_letter42.txt,E. L. Bu,E. L. BURLINGAME,NOVEMBER 2 1892,NOVEMBER,2.0,1892.0
LOC,0.9747397,29,36,wikisource_vol2_ch11_letter42.txt,Vailima,E. L. BURLINGAME,NOVEMBER 2 1892,NOVEMBER,2.0,1892.0
PER,0.99928856,219,224,wikisource_vol2_ch11_letter42.txt,Scott,E. L. BURLINGAME,NOVEMBER 2 1892,NOVEMBER,2.0,1892.0
PER,0.9998104,449,454,wikisource_vol2_ch11_letter42.txt,Adams,E. L. BURLINGAME,NOVEMBER 2 1892,NOVEMBER,2.0,1892.0
PER,0.976014,654,660,wikisource_vol2_ch11_letter42.txt,Falesa,E. L. BURLINGAME,NOVEMBER 2 1892,NOVEMBER,2.0,1892.0
PER,0.9996648,700,706,wikisource_vol2_ch11_letter42.txt,Baxter,E. L. BURLINGAME,NOVEMBER 2 1892,NOVEMBER,2.0,1892.0
ORG,0.97347414,826,837,wikisource_vol2_ch11_letter42.txt,Post Office,E. L. BURLINGAME,NOVEMBER 2 1892,NOVEMBER,2.0,1892.0
LOC,0.99974567,891,896,wikisource_vol2_ch11_letter42.txt,Samoa,E. L. BURLINGAME,NOVEMBER 2 1892,NOVEMBER,2.0,1892.0
LOC,0.99978477,946,952,wikisource_vol2_ch11_letter42.txt,Hawaii,E. L. BURLINGAME,NOVEMBER 2 1892,NOVEMBER,2.0,1892.0
PER,0.99955946,980,988,wikisource_vol2_ch11_letter42.txt,Stoddard,E. L. BURLINGAME,NOVEMBER 2 1892,NOVEMBER,2.0,1892.0
PER,0.9991927,1009,1024,wikisource_vol2_ch11_letter42.txt,R. L. Stevenson,E. L. BURLINGAME,NOVEMBER 2 1892,NOVEMBER,2.0,1892.0
ORG,0.98199075,1219,1230,wikisource_vol2_ch11_letter42.txt,Post Office,E. L. BURLINGAME,NOVEMBER 2 1892,NOVEMBER,2.0,1892.0
PER,0.9973053,1748,1755,wikisource_vol2_ch11_letter42.txt,R. L. S,E. L. BURLINGAME,NOVEMBER 2 1892,NOVEMBER,2.0,1892.0
PER,0.7275976,22,36,wikisource_vol2_ch11_letter43.txt,Eeles Vailima,LIEUTENANT EELES,NOVEMBER 15 1892,NOVEMBER,15.0,1892.0
LOC,0.99848473,49,54,wikisource_vol2_ch11_letter43.txt,Upolu,LIEUTENANT EELES,NOVEMBER 15 1892,NOVEMBER,15.0,1892.0
LOC,0.99959546,56,70,wikisource_vol2_ch11_letter43.txt,Samoan Islands,LIEUTENANT EELES,NOVEMBER 15 1892,NOVEMBER,15.0,1892.0
PER,0.9987693,98,103,wikisource_vol2_ch11_letter43.txt,Eeles,LIEUTENANT EELES,NOVEMBER 15 1892,NOVEMBER,15.0,1892.0
LOC,0.99894685,574,583,wikisource_vol2_ch11_letter43.txt,Nukufetau,LIEUTENANT EELES,NOVEMBER 15 1892,NOVEMBER,15.0,1892.0
PER,0.9992742,702,708,wikisource_vol2_ch11_letter43.txt,Hoskin,LIEUTENANT EELES,NOVEMBER 15 1892,NOVEMBER,15.0,1892.0
PER,0.9996246,1270,1274,wikisource_vol2_ch11_letter43.txt,Burn,LIEUTENANT EELES,NOVEMBER 15 1892,NOVEMBER,15.0,1892.0
PER,0.9997783,1446,1458,wikisource_vol2_ch11_letter43.txt,Tommy Haddon,LIEUTENANT EELES,NOVEMBER 15 1892,NOVEMBER,15.0,1892.0
PER,0.9997992,1600,1605,wikisource_vol2_ch11_letter43.txt,Tommy,LIEUTENANT EELES,NOVEMBER 15 1892,NOVEMBER,15.0,1892.0
LOC,0.9966467,1707,1711,wikisource_vol2_ch11_letter43.txt,Fiji,LIEUTENANT EELES,NOVEMBER 15 1892,NOVEMBER,15.0,1892.0
PER,0.6356503,1776,1778,wikisource_vol2_ch11_letter43.txt,Cu,LIEUTENANT EELES,NOVEMBER 15 1892,NOVEMBER,15.0,1892.0
LOC,0.9666997,1778,1783,wikisource_vol2_ch11_letter43.txt,##racoa,LIEUTENANT EELES,NOVEMBER 15 1892,NOVEMBER,15.0,1892.0
PER,0.99982226,11,25,wikisource_vol2_ch11_letter44.txt,Charles Baxter,CHARLES BAXTER,DECEMBER 1 1892,DECEMBER,1.0,1892.0
LOC,0.91378915,161,163,wikisource_vol2_ch11_letter44.txt,Br,CHARLES BAXTER,DECEMBER 1 1892,DECEMBER,1.0,1892.0
PER,0.69705915,163,170,wikisource_vol2_ch11_letter44.txt,##axfield,CHARLES BAXTER,DECEMBER 1 1892,DECEMBER,1.0,1892.0
PER,0.9935589,197,205,wikisource_vol2_ch11_letter44.txt,Cockburn,CHARLES BAXTER,DECEMBER 1 1892,DECEMBER,1.0,1892.0
LOC,0.68522567,421,423,wikisource_vol2_ch11_letter44.txt,Br,CHARLES BAXTER,DECEMBER 1 1892,DECEMBER,1.0,1892.0
PER,0.86946714,423,430,wikisource_vol2_ch11_letter44.txt,##axfield,CHARLES BAXTER,DECEMBER 1 1892,DECEMBER,1.0,1892.0
PER,0.9737387,561,569,wikisource_vol2_ch11_letter44.txt,Pitcairn,CHARLES BAXTER,DECEMBER 1 1892,DECEMBER,1.0,1892.0
LOC,0.7392574,677,680,wikisource_vol2_ch11_letter44.txt,Pit,CHARLES BAXTER,DECEMBER 1 1892,DECEMBER,1.0,1892.0
PER,0.6781356,680,682,wikisource_vol2_ch11_letter44.txt,##ca,CHARLES BAXTER,DECEMBER 1 1892,DECEMBER,1.0,1892.0
LOC,0.5118822,682,685,wikisource_vol2_ch11_letter44.txt,##irn,CHARLES BAXTER,DECEMBER 1 1892,DECEMBER,1.0,1892.0
PER,0.9910787,1020,1025,wikisource_vol2_ch11_letter44.txt,J. - C.,CHARLES BAXTER,DECEMBER 1 1892,DECEMBER,1.0,1892.0
PER,0.9799058,1070,1075,wikisource_vol2_ch11_letter44.txt,J. - C.,CHARLES BAXTER,DECEMBER 1 1892,DECEMBER,1.0,1892.0
PER,0.92620397,1123,1135,wikisource_vol2_ch11_letter44.txt,Lord - Justice,CHARLES BAXTER,DECEMBER 1 1892,DECEMBER,1.0,1892.0
LOC,0.9979888,1190,1199,wikisource_vol2_ch11_letter44.txt,Edinburgh,CHARLES BAXTER,DECEMBER 1 1892,DECEMBER,1.0,1892.0
PER,0.9998414,1270,1292,wikisource_vol2_ch11_letter44.txt,Robert Louis Stevenson,CHARLES BAXTER,DECEMBER 1 1892,DECEMBER,1.0,1892.0
PER,0.9922726,16,22,wikisource_vol2_ch11_letter45.txt,Jenkin,MRS. JENKIN,DECEMBER 5 1892,DECEMBER,5.0,1892.0
PER,0.99238604,57,63,wikisource_vol2_ch11_letter45.txt,Jenkin,MRS. JENKIN,DECEMBER 5 1892,DECEMBER,5.0,1892.0
LOC,0.99967265,271,284,wikisource_vol2_ch11_letter45.txt,San Francisco,MRS. JENKIN,DECEMBER 5 1892,DECEMBER,5.0,1892.0
LOC,0.9997825,310,319,wikisource_vol2_ch11_letter45.txt,Liverpool,MRS. JENKIN,DECEMBER 5 1892,DECEMBER,5.0,1892.0
PER,0.9997316,933,955,wikisource_vol2_ch11_letter45.txt,Robert Louis Stevenson,MRS. JENKIN,DECEMBER 5 1892,DECEMBER,5.0,1892.0
PER,0.9996377,11,22,wikisource_vol2_ch11_letter46.txt,Henry James,HENRY JAMES,DECEMBER 5 1892,DECEMBER,5.0,1892.0
PER,0.89617753,52,57,wikisource_vol2_ch11_letter46.txt,James,HENRY JAMES,DECEMBER 5 1892,DECEMBER,5.0,1892.0
PER,0.9970345,460,466,wikisource_vol2_ch11_letter46.txt,Marbot,HENRY JAMES,DECEMBER 5 1892,DECEMBER,5.0,1892.0
PER,0.6276218,716,722,wikisource_vol2_ch11_letter46.txt,Falesa,HENRY JAMES,DECEMBER 5 1892,DECEMBER,5.0,1892.0
PER,0.9950571,866,879,wikisource_vol2_ch11_letter46.txt,David Balfour,HENRY JAMES,DECEMBER 5 1892,DECEMBER,5.0,1892.0
PER,0.9030687,1292,1299,wikisource_vol2_ch11_letter46.txt,Mulinuu,HENRY JAMES,DECEMBER 5 1892,DECEMBER,5.0,1892.0
PER,0.99975574,1301,1318,wikisource_vol2_ch11_letter46.txt,C. J. Cedercrantz,HENRY JAMES,DECEMBER 5 1892,DECEMBER,5.0,1892.0
PER,0.99895567,1330,1348,wikisource_vol2_ch11_letter46.txt,Senfft von Pilsach,HENRY JAMES,DECEMBER 5 1892,DECEMBER,5.0,1892.0
LOC,0.9992945,1686,1691,wikisource_vol2_ch11_letter46.txt,Samoa,HENRY JAMES,DECEMBER 5 1892,DECEMBER,5.0,1892.0
PER,0.9954277,1770,1785,wikisource_vol2_ch11_letter46.txt,Yours Sincerely,HENRY JAMES,DECEMBER 5 1892,DECEMBER,5.0,1892.0
PER,0.99974567,11,23,wikisource_vol2_ch11_letter47.txt,J. M. Barrie,J. M. BARRIE,DECEMBER 5 1892,DECEMBER,5.0,1892.0
LOC,0.998593,26,33,wikisource_vol2_ch11_letter47.txt,Vailima,J. M. BARRIE,DECEMBER 5 1892,DECEMBER,5.0,1892.0
PER,0.9996968,56,68,wikisource_vol2_ch11_letter47.txt,J. M. Barrie,J. M. BARRIE,DECEMBER 5 1892,DECEMBER,5.0,1892.0
PER,0.99961495,658,664,wikisource_vol2_ch11_letter47.txt,Barrie,J. M. BARRIE,DECEMBER 5 1892,DECEMBER,5.0,1892.0
PER,0.9983904,787,799,wikisource_vol2_ch11_letter47.txt,Tibbie Birse,J. M. BARRIE,DECEMBER 5 1892,DECEMBER,5.0,1892.0
PER,0.99984586,937,951,wikisource_vol2_ch11_letter47.txt,Thomas Haggard,J. M. BARRIE,DECEMBER 5 1892,DECEMBER,5.0,1892.0
PER,0.99945694,953,959,wikisource_vol2_ch11_letter47.txt,Thomas,J. M. BARRIE,DECEMBER 5 1892,DECEMBER,5.0,1892.0
PER,0.9998331,1226,1238,wikisource_vol2_ch11_letter47.txt,Gavin Ogilvy,J. M. BARRIE,DECEMBER 5 1892,DECEMBER,5.0,1892.0
PER,0.9998368,1271,1283,wikisource_vol2_ch11_letter47.txt,Gavin Ogilvy,J. M. BARRIE,DECEMBER 5 1892,DECEMBER,5.0,1892.0
PER,0.99980086,1287,1299,wikisource_vol2_ch11_letter47.txt,J. M. Barrie,J. M. BARRIE,DECEMBER 5 1892,DECEMBER,5.0,1892.0
PER,0.9997565,1557,1561,wikisource_vol2_ch11_letter47.txt,Jess,J. M. BARRIE,DECEMBER 5 1892,DECEMBER,5.0,1892.0
PER,0.97307235,11,24,wikisource_vol2_ch11_letter5.txt,Marcel Schwob,MARCEL SCHWOB,JANUARY 19 1891,JANUARY,19.0,1891.0
LOC,0.9993024,26,32,wikisource_vol2_ch11_letter5.txt,Sydney,MARCEL SCHWOB,JANUARY 19 1891,JANUARY,19.0,1891.0
PER,0.7268312,69,71,wikisource_vol2_ch11_letter5.txt,Sa,MARCEL SCHWOB,JANUARY 19 1891,JANUARY,19.0,1891.0
PER,0.85599333,99,106,wikisource_vol2_ch11_letter5.txt,Richard,MARCEL SCHWOB,JANUARY 19 1891,JANUARY,19.0,1891.0
PER,0.99818355,116,121,wikisource_vol2_ch11_letter5.txt,Dumas,MARCEL SCHWOB,JANUARY 19 1891,JANUARY,19.0,1891.0
PER,0.93979484,186,193,wikisource_vol2_ch11_letter5.txt,Richard,MARCEL SCHWOB,JANUARY 19 1891,JANUARY,19.0,1891.0
PER,0.98762345,393,414,wikisource_vol2_ch11_letter5.txt,Vicomte de Bragelonne,MARCEL SCHWOB,JANUARY 19 1891,JANUARY,19.0,1891.0
PER,0.8829819,418,427,wikisource_vol2_ch11_letter5.txt,Richard I,MARCEL SCHWOB,JANUARY 19 1891,JANUARY,19.0,1891.0
PER,0.973275,491,498,wikisource_vol2_ch11_letter5.txt,Vicomte,MARCEL SCHWOB,JANUARY 19 1891,JANUARY,19.0,1891.0
PER,0.9994622,548,552,wikisource_vol2_ch11_letter5.txt,Lear,MARCEL SCHWOB,JANUARY 19 1891,JANUARY,19.0,1891.0
PER,0.99908084,557,564,wikisource_vol2_ch11_letter5.txt,Othello,MARCEL SCHWOB,JANUARY 19 1891,JANUARY,19.0,1891.0
PER,0.99979585,600,611,wikisource_vol2_ch11_letter5.txt,Shakespeare,MARCEL SCHWOB,JANUARY 19 1891,JANUARY,19.0,1891.0
PER,0.9996946,743,754,wikisource_vol2_ch11_letter5.txt,Shakespeare,MARCEL SCHWOB,JANUARY 19 1891,JANUARY,19.0,1891.0
PER,0.98886234,1021,1028,wikisource_vol2_ch11_letter5.txt,Vicomte,MARCEL SCHWOB,JANUARY 19 1891,JANUARY,19.0,1891.0
PER,0.9330146,1243,1252,wikisource_vol2_ch11_letter5.txt,Kidnapped,MARCEL SCHWOB,JANUARY 19 1891,JANUARY,19.0,1891.0
PER,0.9791023,1261,1267,wikisource_vol2_ch11_letter5.txt,Master,MARCEL SCHWOB,JANUARY 19 1891,JANUARY,19.0,1891.0
LOC,0.62154704,1271,1275,wikisource_vol2_ch11_letter5.txt,Ball,MARCEL SCHWOB,JANUARY 19 1891,JANUARY,19.0,1891.0
PER,0.95777595,1275,1281,wikisource_vol2_ch11_letter5.txt,##antrae,MARCEL SCHWOB,JANUARY 19 1891,JANUARY,19.0,1891.0
PER,0.99903405,1334,1339,wikisource_vol2_ch11_letter5.txt,Henry,MARCEL SCHWOB,JANUARY 19 1891,JANUARY,19.0,1891.0
PER,0.99956936,1456,1460,wikisource_vol2_ch11_letter5.txt,Hugo,MARCEL SCHWOB,JANUARY 19 1891,JANUARY,19.0,1891.0
LOC,0.9980415,1638,1643,wikisource_vol2_ch11_letter5.txt,Paris,MARCEL SCHWOB,JANUARY 19 1891,JANUARY,19.0,1891.0
PER,0.9995805,11,25,wikisource_vol2_ch11_letter6.txt,Charles Baxter,CHARLES BAXTER,MARCH 1891,MARCH,,1891.0
PER,0.98393905,32,38,wikisource_vol2_ch11_letter6.txt,Lubeck,CHARLES BAXTER,MARCH 1891,MARCH,,1891.0
LOC,0.9995722,75,81,wikisource_vol2_ch11_letter6.txt,Sydney,CHARLES BAXTER,MARCH 1891,MARCH,,1891.0
PER,0.99864155,104,111,wikisource_vol2_ch11_letter6.txt,Charles,CHARLES BAXTER,MARCH 1891,MARCH,,1891.0
LOC,0.9994985,419,425,wikisource_vol2_ch11_letter6.txt,Sydney,CHARLES BAXTER,MARCH 1891,MARCH,,1891.0
PER,0.998586,953,960,wikisource_vol2_ch11_letter6.txt,R. L. S,CHARLES BAXTER,MARCH 1891,MARCH,,1891.0
PER,0.99926656,11,24,wikisource_vol2_ch11_letter7.txt,H. B. Baildon,H. B. BAILDON,1891,,,1891.0
LOC,0.8202753,26,29,wikisource_vol2_ch11_letter7.txt,Vai,H. B. BAILDON,1891,,,1891.0
LOC,0.8179102,35,37,wikisource_vol2_ch11_letter7.txt,Up,H. B. BAILDON,1891,,,1891.0
PER,0.9912533,81,88,wikisource_vol2_ch11_letter7.txt,Baildon,H. B. BAILDON,1891,,,1891.0
PER,0.9993678,726,732,wikisource_vol2_ch11_letter7.txt,Gordon,H. B. BAILDON,1891,,,1891.0
PER,0.9997682,747,755,wikisource_vol2_ch11_letter7.txt,Chalmers,H. B. BAILDON,1891,,,1891.0
LOC,0.99956965,1014,1032,wikisource_vol2_ch11_letter7.txt,Caledonian Station,H. B. BAILDON,1891,,,1891.0
PER,0.9991906,1078,1083,wikisource_vol2_ch11_letter7.txt,Satan,H. B. BAILDON,1891,,,1891.0
PER,0.9996833,1189,1205,wikisource_vol2_ch11_letter7.txt,Robert Fergusson,H. B. BAILDON,1891,,,1891.0
PER,0.9997282,1337,1345,wikisource_vol2_ch11_letter7.txt,Chalmers,H. B. BAILDON,1891,,,1891.0
PER,0.9994642,1492,1499,wikisource_vol2_ch11_letter7.txt,Thomson,H. B. BAILDON,1891,,,1891.0
PER,0.9969094,1547,1549,wikisource_vol2_ch11_letter7.txt,C.,H. B. BAILDON,1891,,,1891.0
PER,0.7571951,1817,1822,wikisource_vol2_ch11_letter7.txt,Old X,H. B. BAILDON,1891,,,1891.0
PER,0.99909025,11,26,wikisource_vol2_ch11_letter8.txt,W. Craibe Angus,W. CRAIBE ANGUS,APRIL 1891,APRIL,,1891.0
LOC,0.9755527,28,35,wikisource_vol2_ch11_letter8.txt,Vailima,W. CRAIBE ANGUS,APRIL 1891,APRIL,,1891.0
LOC,0.9995503,37,42,wikisource_vol2_ch11_letter8.txt,Samoa,W. CRAIBE ANGUS,APRIL 1891,APRIL,,1891.0
PER,0.9997712,65,70,wikisource_vol2_ch11_letter8.txt,Angus,W. CRAIBE ANGUS,APRIL 1891,APRIL,,1891.0
PER,0.99947023,104,116,wikisource_vol2_ch11_letter8.txt,W. C. Murray,W. CRAIBE ANGUS,APRIL 1891,APRIL,,1891.0
PER,0.9998312,529,534,wikisource_vol2_ch11_letter8.txt,Burns,W. CRAIBE ANGUS,APRIL 1891,APRIL,,1891.0
PER,0.93631876,669,674,wikisource_vol2_ch11_letter8.txt,Nancy,W. CRAIBE ANGUS,APRIL 1891,APRIL,,1891.0
LOC,0.61438024,842,845,wikisource_vol2_ch11_letter8.txt,Ley,W. CRAIBE ANGUS,APRIL 1891,APRIL,,1891.0
PER,0.5005609,845,848,wikisource_vol2_ch11_letter8.txt,##den,W. CRAIBE ANGUS,APRIL 1891,APRIL,,1891.0
PER,0.9998461,901,906,wikisource_vol2_ch11_letter8.txt,Burns,W. CRAIBE ANGUS,APRIL 1891,APRIL,,1891.0
PER,0.9998548,977,982,wikisource_vol2_ch11_letter8.txt,Scott,W. CRAIBE ANGUS,APRIL 1891,APRIL,,1891.0
PER,0.81923187,1053,1059,wikisource_vol2_ch11_letter8.txt,Lochow,W. CRAIBE ANGUS,APRIL 1891,APRIL,,1891.0
LOC,0.9914646,1074,1081,wikisource_vol2_ch11_letter8.txt,Vailima,W. CRAIBE ANGUS,APRIL 1891,APRIL,,1891.0
LOC,0.95505476,1131,1139,wikisource_vol2_ch11_letter8.txt,Highland,W. CRAIBE ANGUS,APRIL 1891,APRIL,,1891.0
LOC,0.98457646,1169,1177,wikisource_vol2_ch11_letter8.txt,Hebrides,W. CRAIBE ANGUS,APRIL 1891,APRIL,,1891.0
LOC,0.92689556,1230,1239,wikisource_vol2_ch11_letter8.txt,Edinburgh,W. CRAIBE ANGUS,APRIL 1891,APRIL,,1891.0
PER,0.9721051,1240,1245,wikisource_vol2_ch11_letter8.txt,Robin,W. CRAIBE ANGUS,APRIL 1891,APRIL,,1891.0
PER,0.99984574,1247,1252,wikisource_vol2_ch11_letter8.txt,Burns,W. CRAIBE ANGUS,APRIL 1891,APRIL,,1891.0
PER,0.9998405,1296,1301,wikisource_vol2_ch11_letter8.txt,Burns,W. CRAIBE ANGUS,APRIL 1891,APRIL,,1891.0
LOC,0.9984653,1431,1440,wikisource_vol2_ch11_letter8.txt,Edinburgh,W. CRAIBE ANGUS,APRIL 1891,APRIL,,1891.0
PER,0.99853563,1492,1501,wikisource_vol2_ch11_letter8.txt,Fergusson,W. CRAIBE ANGUS,APRIL 1891,APRIL,,1891.0
PER,0.78136057,1639,1644,wikisource_vol2_ch11_letter8.txt,Robin,W. CRAIBE ANGUS,APRIL 1891,APRIL,,1891.0
PER,0.99968445,11,23,wikisource_vol2_ch11_letter9.txt,Edmund Gosse,EDMUND GOSSE,APRIL 1891,APRIL,,1891.0
LOC,0.66553414,25,32,wikisource_vol2_ch11_letter9.txt,Vailima,EDMUND GOSSE,APRIL 1891,APRIL,,1891.0
PER,0.9722625,54,59,wikisource_vol2_ch11_letter9.txt,Gosse,EDMUND GOSSE,APRIL 1891,APRIL,,1891.0
PER,0.9974572,92,97,wikisource_vol2_ch11_letter9.txt,Gosse,EDMUND GOSSE,APRIL 1891,APRIL,,1891.0
PER,0.9939534,1165,1173,wikisource_vol2_ch11_letter9.txt,Flaubert,EDMUND GOSSE,APRIL 1891,APRIL,,1891.0
PER,0.9979766,1464,1472,wikisource_vol2_ch11_letter9.txt,Flaubert,EDMUND GOSSE,APRIL 1891,APRIL,,1891.0
PER,0.99981266,1781,1784,wikisource_vol2_ch11_letter9.txt,God,EDMUND GOSSE,APRIL 1891,APRIL,,1891.0
PER,0.9990934,11,25,wikisource_vol2_ch12_letter1.txt,Charles Baxter,CHARLES BAXTER,APRIL 1893,APRIL,,1893.0
PER,0.999281,231,236,wikisource_vol2_ch12_letter1.txt,Fanny,CHARLES BAXTER,APRIL 1893,APRIL,,1893.0
PER,0.99590766,625,642,wikisource_vol2_ch12_letter1.txt,Weir Of Hermiston,CHARLES BAXTER,APRIL 1893,APRIL,,1893.0
PER,0.998667,647,653,wikisource_vol2_ch12_letter1.txt,Colvin,CHARLES BAXTER,APRIL 1893,APRIL,,1893.0
PER,0.99220496,973,985,wikisource_vol2_ch12_letter1.txt,Fountainhall,CHARLES BAXTER,APRIL 1893,APRIL,,1893.0
PER,0.57932466,1129,1131,wikisource_vol2_ch12_letter1.txt,##ng,CHARLES BAXTER,APRIL 1893,APRIL,,1893.0
PER,0.7002872,1204,1207,wikisource_vol2_ch12_letter1.txt,Bal,CHARLES BAXTER,APRIL 1893,APRIL,,1893.0
PER,0.9993783,1335,1344,wikisource_vol2_ch12_letter1.txt,Stevenson,CHARLES BAXTER,APRIL 1893,APRIL,,1893.0
PER,0.9790365,1381,1388,wikisource_vol2_ch12_letter1.txt,MacGreg,CHARLES BAXTER,APRIL 1893,APRIL,,1893.0
PER,0.97533834,1548,1555,wikisource_vol2_ch12_letter1.txt,R. L. S,CHARLES BAXTER,APRIL 1893,APRIL,,1893.0
PER,0.9997386,11,25,wikisource_vol2_ch12_letter10.txt,A. Conan Doyle,A. CONAN DOYLE,AUGUST 23 1893,AUGUST,23.0,1893.0
LOC,0.99251455,27,34,wikisource_vol2_ch12_letter10.txt,Vailima,A. CONAN DOYLE,AUGUST 23 1893,AUGUST,23.0,1893.0
PER,0.9290453,67,78,wikisource_vol2_ch12_letter10.txt,Conan Doyle,A. CONAN DOYLE,AUGUST 23 1893,AUGUST,23.0,1893.0
PER,0.997853,272,278,wikisource_vol2_ch12_letter10.txt,Simele,A. CONAN DOYLE,AUGUST 23 1893,AUGUST,23.0,1893.0
PER,0.9979474,740,746,wikisource_vol2_ch12_letter10.txt,Simele,A. CONAN DOYLE,AUGUST 23 1893,AUGUST,23.0,1893.0
LOC,0.99925214,853,858,wikisource_vol2_ch12_letter10.txt,Samoa,A. CONAN DOYLE,AUGUST 23 1893,AUGUST,23.0,1893.0
PER,0.8599065,891,897,wikisource_vol2_ch12_letter10.txt,Author,A. CONAN DOYLE,AUGUST 23 1893,AUGUST,23.0,1893.0
PER,0.99956113,1012,1015,wikisource_vol2_ch12_letter10.txt,God,A. CONAN DOYLE,AUGUST 23 1893,AUGUST,23.0,1893.0
PER,0.999547,1302,1313,wikisource_vol2_ch12_letter10.txt,Vanderputty,A. CONAN DOYLE,AUGUST 23 1893,AUGUST,23.0,1893.0
PER,0.99935204,1334,1342,wikisource_vol2_ch12_letter10.txt,Gobbling,A. CONAN DOYLE,AUGUST 23 1893,AUGUST,23.0,1893.0
PER,0.9417952,1702,1710,wikisource_vol2_ch12_letter10.txt,Tusitala,A. CONAN DOYLE,AUGUST 23 1893,AUGUST,23.0,1893.0
PER,0.9989296,1736,1751,wikisource_vol2_ch12_letter10.txt,R. L. Stevenson,A. CONAN DOYLE,AUGUST 23 1893,AUGUST,23.0,1893.0
PER,0.99951196,1777,1782,wikisource_vol2_ch12_letter10.txt,Conde,A. CONAN DOYLE,AUGUST 23 1893,AUGUST,23.0,1893.0
PER,0.99949837,1791,1799,wikisource_vol2_ch12_letter10.txt,P. Murat,A. CONAN DOYLE,AUGUST 23 1893,AUGUST,23.0,1893.0
PER,0.95484424,1811,1821,wikisource_vol2_ch12_letter10.txt,Louis Xiv.,A. CONAN DOYLE,AUGUST 23 1893,AUGUST,23.0,1893.0
PER,0.9994495,1826,1833,wikisource_vol2_ch12_letter10.txt,Louvois,A. CONAN DOYLE,AUGUST 23 1893,AUGUST,23.0,1893.0
PER,0.9986292,11,26,wikisource_vol2_ch12_letter11.txt,George Meredith,GEORGE MEREDITH,SEPTEMBER 5 1893,SEPTEMBER,5.0,1893.0
LOC,0.9404183,45,63,wikisource_vol2_ch12_letter11.txt,Vailima Plantation,GEORGE MEREDITH,SEPTEMBER 5 1893,SEPTEMBER,5.0,1893.0
LOC,0.998804,65,70,wikisource_vol2_ch12_letter11.txt,Upolu,GEORGE MEREDITH,SEPTEMBER 5 1893,SEPTEMBER,5.0,1893.0
LOC,0.9998369,72,77,wikisource_vol2_ch12_letter11.txt,Samoa,GEORGE MEREDITH,SEPTEMBER 5 1893,SEPTEMBER,5.0,1893.0
PER,0.9662465,87,95,wikisource_vol2_ch12_letter11.txt,Meredith,GEORGE MEREDITH,SEPTEMBER 5 1893,SEPTEMBER,5.0,1893.0
PER,0.9487786,11,31,wikisource_vol2_ch12_letter12.txt,Augustus St. Gaudens,AUGUSTUS ST. GAUDENS,SEPTEMBER 1893,SEPTEMBER,,1893.0
LOC,0.8914714,33,40,wikisource_vol2_ch12_letter12.txt,Vailima,AUGUSTUS ST. GAUDENS,SEPTEMBER 1893,SEPTEMBER,,1893.0
PER,0.6412039,66,68,wikisource_vol2_ch12_letter12.txt,St,AUGUSTUS ST. GAUDENS,SEPTEMBER 1893,SEPTEMBER,,1893.0
PER,0.74055725,70,77,wikisource_vol2_ch12_letter12.txt,Gaudens,AUGUSTUS ST. GAUDENS,SEPTEMBER 1893,SEPTEMBER,,1893.0
PER,0.9892678,547,555,wikisource_vol2_ch12_letter12.txt,R. L. S.,AUGUSTUS ST. GAUDENS,SEPTEMBER 1893,SEPTEMBER,,1893.0
LOC,0.9943095,1087,1097,wikisource_vol2_ch12_letter12.txt,Abbotsford,AUGUSTUS ST. GAUDENS,SEPTEMBER 1893,SEPTEMBER,,1893.0
PER,0.9997918,1670,1692,wikisource_vol2_ch12_letter12.txt,Robert Louis Stevenson,AUGUSTUS ST. GAUDENS,SEPTEMBER 1893,SEPTEMBER,,1893.0
PER,0.994263,1881,1888,wikisource_vol2_ch12_letter12.txt,R. L. S,AUGUSTUS ST. GAUDENS,SEPTEMBER 1893,SEPTEMBER,,1893.0
PER,0.99812233,11,29,wikisource_vol2_ch12_letter13.txt,J. Horne Stevenson,J. HORNE STEVENSON,NOVEMBER 5 1893,NOVEMBER,5.0,1893.0
LOC,0.9369966,31,38,wikisource_vol2_ch12_letter13.txt,Vailima,J. HORNE STEVENSON,NOVEMBER 5 1893,NOVEMBER,5.0,1893.0
LOC,0.9997937,40,45,wikisource_vol2_ch12_letter13.txt,Samoa,J. HORNE STEVENSON,NOVEMBER 5 1893,NOVEMBER,5.0,1893.0
PER,0.99742717,75,84,wikisource_vol2_ch12_letter13.txt,Stevenson,J. HORNE STEVENSON,NOVEMBER 5 1893,NOVEMBER,5.0,1893.0
PER,0.99855787,154,160,wikisource_vol2_ch12_letter13.txt,Baxter,J. HORNE STEVENSON,NOVEMBER 5 1893,NOVEMBER,5.0,1893.0
PER,0.9993931,459,468,wikisource_vol2_ch12_letter13.txt,Stevenson,J. HORNE STEVENSON,NOVEMBER 5 1893,NOVEMBER,5.0,1893.0
LOC,0.99434596,472,480,wikisource_vol2_ch12_letter13.txt,Caldwell,J. HORNE STEVENSON,NOVEMBER 5 1893,NOVEMBER,5.0,1893.0
PER,0.95076495,522,526,wikisource_vol2_ch12_letter13.txt,Muir,J. HORNE STEVENSON,NOVEMBER 5 1893,NOVEMBER,5.0,1893.0
PER,0.9992115,604,618,wikisource_vol2_ch12_letter13.txt,Charles Baxter,J. HORNE STEVENSON,NOVEMBER 5 1893,NOVEMBER,5.0,1893.0
LOC,0.9929975,648,662,wikisource_vol2_ch12_letter13.txt,Register House,J. HORNE STEVENSON,NOVEMBER 5 1893,NOVEMBER,5.0,1893.0
PER,0.9983224,856,870,wikisource_vol2_ch12_letter13.txt,John Stevenson,J. HORNE STEVENSON,NOVEMBER 5 1893,NOVEMBER,5.0,1893.0
LOC,0.98669446,904,910,wikisource_vol2_ch12_letter13.txt,Dailly,J. HORNE STEVENSON,NOVEMBER 5 1893,NOVEMBER,5.0,1893.0
LOC,0.99889845,941,949,wikisource_vol2_ch12_letter13.txt,Ayrshire,J. HORNE STEVENSON,NOVEMBER 5 1893,NOVEMBER,5.0,1893.0
PER,0.99618894,965,975,wikisource_vol2_ch12_letter13.txt,Cunningham,J. HORNE STEVENSON,NOVEMBER 5 1893,NOVEMBER,5.0,1893.0
ORG,0.9702477,1221,1230,wikisource_vol2_ch12_letter13.txt,Engineers,J. HORNE STEVENSON,NOVEMBER 5 1893,NOVEMBER,5.0,1893.0
PER,0.9993165,1546,1568,wikisource_vol2_ch12_letter13.txt,Robert Louis Stevenson,J. HORNE STEVENSON,NOVEMBER 5 1893,NOVEMBER,5.0,1893.0
PER,0.8807327,1668,1675,wikisource_vol2_ch12_letter13.txt,R. L. S,J. HORNE STEVENSON,NOVEMBER 5 1893,NOVEMBER,5.0,1893.0
PER,0.85065967,11,19,wikisource_vol2_ch12_letter14.txt,John P - N,JOHN P,DECEMBER 3 1893,DECEMBER,3.0,1893.0
LOC,0.77571857,21,24,wikisource_vol2_ch12_letter14.txt,Vai,JOHN P,DECEMBER 3 1893,DECEMBER,3.0,1893.0
PER,0.9436879,24,28,wikisource_vol2_ch12_letter14.txt,##lima,JOHN P,DECEMBER 3 1893,DECEMBER,3.0,1893.0
LOC,0.99978405,30,35,wikisource_vol2_ch12_letter14.txt,Samoa,JOHN P,DECEMBER 3 1893,DECEMBER,3.0,1893.0
PER,0.9968666,62,69,wikisource_vol2_ch12_letter14.txt,Johnnie,JOHN P,DECEMBER 3 1893,DECEMBER,3.0,1893.0
PER,0.8125487,241,246,wikisource_vol2_ch12_letter14.txt,Moses,JOHN P,DECEMBER 3 1893,DECEMBER,3.0,1893.0
PER,0.99986225,502,524,wikisource_vol2_ch12_letter14.txt,Robert Louis Stevenson,JOHN P,DECEMBER 3 1893,DECEMBER,3.0,1893.0
PER,0.9996376,11,18,wikisource_vol2_ch12_letter15.txt,Russell,RUSSELL P,DECEMBER 3 1893,DECEMBER,3.0,1893.0
LOC,0.989276,24,31,wikisource_vol2_ch12_letter15.txt,Vailima,RUSSELL P,DECEMBER 3 1893,DECEMBER,3.0,1893.0
LOC,0.99980277,33,38,wikisource_vol2_ch12_letter15.txt,Samoa,RUSSELL P,DECEMBER 3 1893,DECEMBER,3.0,1893.0
PER,0.9997483,65,72,wikisource_vol2_ch12_letter15.txt,Russell,RUSSELL P,DECEMBER 3 1893,DECEMBER,3.0,1893.0
LOC,0.9998734,158,163,wikisource_vol2_ch12_letter15.txt,Samoa,RUSSELL P,DECEMBER 3 1893,DECEMBER,3.0,1893.0
LOC,0.9998803,587,593,wikisource_vol2_ch12_letter15.txt,Ceylon,RUSSELL P,DECEMBER 3 1893,DECEMBER,3.0,1893.0
PER,0.9998103,643,665,wikisource_vol2_ch12_letter15.txt,Robert Louis Stevenson,RUSSELL P,DECEMBER 3 1893,DECEMBER,3.0,1893.0
PER,0.9848937,11,37,wikisource_vol2_ch12_letter16.txt,Alison Cunningham Vailima,ALISON CUNNINGHAM,DECEMBER 5 1893,DECEMBER,5.0,1893.0
LOC,0.99932516,379,383,wikisource_vol2_ch12_letter16.txt,Fife,ALISON CUNNINGHAM,DECEMBER 5 1893,DECEMBER,5.0,1893.0
PER,0.99937946,1081,1088,wikisource_vol2_ch12_letter16.txt,R. L. S,ALISON CUNNINGHAM,DECEMBER 5 1893,DECEMBER,5.0,1893.0
PER,0.9994755,11,25,wikisource_vol2_ch12_letter17.txt,Charles Baxter,CHARLES BAXTER,DECEMBER 6 1893,DECEMBER,6.0,1893.0
ORG,0.9785556,70,83,wikisource_vol2_ch12_letter17.txt,Privy Council,CHARLES BAXTER,DECEMBER 6 1893,DECEMBER,6.0,1893.0
PER,0.99955404,85,98,wikisource_vol2_ch12_letter17.txt,George Murray,CHARLES BAXTER,DECEMBER 6 1893,DECEMBER,6.0,1893.0
ORG,0.9514471,118,130,wikisource_vol2_ch12_letter17.txt,King ' s Guard,CHARLES BAXTER,DECEMBER 6 1893,DECEMBER,6.0,1893.0
ORG,0.99956864,210,223,wikisource_vol2_ch12_letter17.txt,Privy Council,CHARLES BAXTER,DECEMBER 6 1893,DECEMBER,6.0,1893.0
PER,0.9994057,251,264,wikisource_vol2_ch12_letter17.txt,Janet Pringle,CHARLES BAXTER,DECEMBER 6 1893,DECEMBER,6.0,1893.0
PER,0.95200986,287,294,wikisource_vol2_ch12_letter17.txt,Clifton,CHARLES BAXTER,DECEMBER 6 1893,DECEMBER,6.0,1893.0
PER,0.99945337,376,390,wikisource_vol2_ch12_letter17.txt,Andrew Pringle,CHARLES BAXTER,DECEMBER 6 1893,DECEMBER,6.0,1893.0
PER,0.9994452,448,462,wikisource_vol2_ch12_letter17.txt,Andrew Pringle,CHARLES BAXTER,DECEMBER 6 1893,DECEMBER,6.0,1893.0
LOC,0.867494,617,629,wikisource_vol2_ch12_letter17.txt,Fountainhall,CHARLES BAXTER,DECEMBER 6 1893,DECEMBER,6.0,1893.0
PER,0.9940542,655,669,wikisource_vol2_ch12_letter17.txt,Wappus Pringle,CHARLES BAXTER,DECEMBER 6 1893,DECEMBER,6.0,1893.0
LOC,0.99819,673,680,wikisource_vol2_ch12_letter17.txt,Clifton,CHARLES BAXTER,DECEMBER 6 1893,DECEMBER,6.0,1893.0
PER,0.9974607,762,768,wikisource_vol2_ch12_letter17.txt,Murray,CHARLES BAXTER,DECEMBER 6 1893,DECEMBER,6.0,1893.0
PER,0.99914587,879,886,wikisource_vol2_ch12_letter17.txt,Charles,CHARLES BAXTER,DECEMBER 6 1893,DECEMBER,6.0,1893.0
PER,0.9997159,1048,1061,wikisource_vol2_ch12_letter17.txt,George Murray,CHARLES BAXTER,DECEMBER 6 1893,DECEMBER,6.0,1893.0
PER,0.8655002,1154,1156,wikisource_vol2_ch12_letter17.txt,G.,CHARLES BAXTER,DECEMBER 6 1893,DECEMBER,6.0,1893.0
PER,0.9803584,1195,1203,wikisource_vol2_ch12_letter17.txt,Pringles,CHARLES BAXTER,DECEMBER 6 1893,DECEMBER,6.0,1893.0
ORG,0.6112358,1572,1582,wikisource_vol2_ch12_letter17.txt,Heathercat,CHARLES BAXTER,DECEMBER 6 1893,DECEMBER,6.0,1893.0
ORG,0.62394893,1821,1826,wikisource_vol2_ch12_letter17.txt,##tairs,CHARLES BAXTER,DECEMBER 6 1893,DECEMBER,6.0,1893.0
ORG,0.8373604,1835,1844,wikisource_vol2_ch12_letter17.txt,Marchmont,CHARLES BAXTER,DECEMBER 6 1893,DECEMBER,6.0,1893.0
ORG,0.91242313,1853,1864,wikisource_vol2_ch12_letter17.txt,Jerviswoode,CHARLES BAXTER,DECEMBER 6 1893,DECEMBER,6.0,1893.0
PER,0.9990981,11,23,wikisource_vol2_ch12_letter18.txt,J. M. Barrie,J. M. BARRIE,DECEMBER 7 1893,DECEMBER,7.0,1893.0
LOC,0.74833393,25,28,wikisource_vol2_ch12_letter18.txt,Vai,J. M. BARRIE,DECEMBER 7 1893,DECEMBER,7.0,1893.0
PER,0.37167606,28,32,wikisource_vol2_ch12_letter18.txt,##lima,J. M. BARRIE,DECEMBER 7 1893,DECEMBER,7.0,1893.0
LOC,0.9998294,34,39,wikisource_vol2_ch12_letter18.txt,Samoa,J. M. BARRIE,DECEMBER 7 1893,DECEMBER,7.0,1893.0
PER,0.99957436,179,184,wikisource_vol2_ch12_letter18.txt,Clark,J. M. BARRIE,DECEMBER 7 1893,DECEMBER,7.0,1893.0
PER,0.9995513,341,352,wikisource_vol2_ch12_letter18.txt,Tibby Birse,J. M. BARRIE,DECEMBER 7 1893,DECEMBER,7.0,1893.0
PER,0.9996501,372,383,wikisource_vol2_ch12_letter18.txt,Tibby Birse,J. M. BARRIE,DECEMBER 7 1893,DECEMBER,7.0,1893.0
LOC,0.9996668,425,434,wikisource_vol2_ch12_letter18.txt,Edinburgh,J. M. BARRIE,DECEMBER 7 1893,DECEMBER,7.0,1893.0
PER,0.8364189,463,475,wikisource_vol2_ch12_letter18.txt,Miss Broddie,J. M. BARRIE,DECEMBER 7 1893,DECEMBER,7.0,1893.0
PER,0.9990463,894,900,wikisource_vol2_ch12_letter18.txt,Tibbie,J. M. BARRIE,DECEMBER 7 1893,DECEMBER,7.0,1893.0
LOC,0.99964404,1140,1148,wikisource_vol2_ch12_letter18.txt,Honolulu,J. M. BARRIE,DECEMBER 7 1893,DECEMBER,7.0,1893.0
PER,0.9998147,1721,1735,wikisource_vol2_ch12_letter18.txt,Graham Balfour,J. M. BARRIE,DECEMBER 7 1893,DECEMBER,7.0,1893.0
PER,0.9973525,11,26,wikisource_vol2_ch12_letter19.txt,R. Le Gallienne,R. LE GALLIENNE,DECEMBER 28 1893,DECEMBER,28.0,1893.0
LOC,0.68636715,28,35,wikisource_vol2_ch12_letter19.txt,Vailima,R. LE GALLIENNE,DECEMBER 28 1893,DECEMBER,28.0,1893.0
LOC,0.9997806,37,42,wikisource_vol2_ch12_letter19.txt,Samoa,R. LE GALLIENNE,DECEMBER 28 1893,DECEMBER,28.0,1893.0
PER,0.96128005,74,86,wikisource_vol2_ch12_letter19.txt,Le Gallienne,R. LE GALLIENNE,DECEMBER 28 1893,DECEMBER,28.0,1893.0
PER,0.704225,145,151,wikisource_vol2_ch12_letter19.txt,Taylor,R. LE GALLIENNE,DECEMBER 28 1893,DECEMBER,28.0,1893.0
ORG,0.9992623,314,321,wikisource_vol2_ch12_letter19.txt,Academy,R. LE GALLIENNE,DECEMBER 28 1893,DECEMBER,28.0,1893.0
PER,0.99976164,1736,1739,wikisource_vol2_ch12_letter19.txt,God,R. LE GALLIENNE,DECEMBER 28 1893,DECEMBER,28.0,1893.0
LOC,0.9997855,1837,1844,wikisource_vol2_ch12_letter19.txt,England,R. LE GALLIENNE,DECEMBER 28 1893,DECEMBER,28.0,1893.0
PER,0.9996005,11,25,wikisource_vol2_ch12_letter2.txt,A. Conan Doyle,A. CONAN DOYLE,APRIL 5 1893,APRIL,5.0,1893.0
LOC,0.9917452,27,34,wikisource_vol2_ch12_letter2.txt,Vailima,A. CONAN DOYLE,APRIL 5 1893,APRIL,5.0,1893.0
LOC,0.99605465,36,40,wikisource_vol2_ch12_letter2.txt,Apia,A. CONAN DOYLE,APRIL 5 1893,APRIL,5.0,1893.0
LOC,0.99970657,42,47,wikisource_vol2_ch12_letter2.txt,Samoa,A. CONAN DOYLE,APRIL 5 1893,APRIL,5.0,1893.0
PER,0.9989869,336,351,wikisource_vol2_ch12_letter2.txt,Sherlock Holmes,A. CONAN DOYLE,APRIL 5 1893,APRIL,5.0,1893.0
PER,0.99986506,657,665,wikisource_vol2_ch12_letter2.txt,Joe Bell,A. CONAN DOYLE,APRIL 5 1893,APRIL,5.0,1893.0
PER,0.9998036,693,715,wikisource_vol2_ch12_letter2.txt,Robert Louis Stevenson,A. CONAN DOYLE,APRIL 5 1893,APRIL,5.0,1893.0
PER,0.77235866,719,720,wikisource_vol2_ch12_letter2.txt,S,A. CONAN DOYLE,APRIL 5 1893,APRIL,5.0,1893.0
LOC,0.99902713,773,778,wikisource_vol2_ch12_letter2.txt,Samoa,A. CONAN DOYLE,APRIL 5 1893,APRIL,5.0,1893.0
PER,0.996723,865,872,wikisource_vol2_ch12_letter2.txt,R. L. S,A. CONAN DOYLE,APRIL 5 1893,APRIL,5.0,1893.0
PER,0.999696,16,24,wikisource_vol2_ch12_letter20.txt,A. Baker,MRS. A. BAKER,DECEMBER 1893,DECEMBER,,1893.0
PER,0.8975184,394,401,wikisource_vol2_ch12_letter20.txt,Catrion,MRS. A. BAKER,DECEMBER 1893,DECEMBER,,1893.0
PER,0.8054109,477,484,wikisource_vol2_ch12_letter20.txt,Cassell,MRS. A. BAKER,DECEMBER 1893,DECEMBER,,1893.0
PER,0.9694013,632,639,wikisource_vol2_ch12_letter20.txt,Cassell,MRS. A. BAKER,DECEMBER 1893,DECEMBER,,1893.0
ORG,0.5810727,644,646,wikisource_vol2_ch12_letter20.txt,Co,MRS. A. BAKER,DECEMBER 1893,DECEMBER,,1893.0
LOC,0.99797183,649,670,wikisource_vol2_ch12_letter20.txt,La Belle Sauvage Yard,MRS. A. BAKER,DECEMBER 1893,DECEMBER,,1893.0
LOC,0.99922746,672,684,wikisource_vol2_ch12_letter20.txt,Ludgate Hill,MRS. A. BAKER,DECEMBER 1893,DECEMBER,,1893.0
PER,0.99050397,732,740,wikisource_vol2_ch12_letter20.txt,Catriona,MRS. A. BAKER,DECEMBER 1893,DECEMBER,,1893.0
PER,0.9994436,935,957,wikisource_vol2_ch12_letter20.txt,Robert Louis Stevenson,MRS. A. BAKER,DECEMBER 1893,DECEMBER,,1893.0
PER,0.9874679,1200,1207,wikisource_vol2_ch12_letter20.txt,R. L. S,MRS. A. BAKER,DECEMBER 1893,DECEMBER,,1893.0
PER,0.99005705,11,25,wikisource_vol2_ch12_letter21.txt,Henry James A,HENRY JAMES,DECEMBER 1893,DECEMBER,,1893.0
LOC,0.6958864,25,28,wikisource_vol2_ch12_letter21.txt,##pia,HENRY JAMES,DECEMBER 1893,DECEMBER,,1893.0
PER,0.9996475,53,64,wikisource_vol2_ch12_letter21.txt,Henry James,HENRY JAMES,DECEMBER 1893,DECEMBER,,1893.0
PER,0.94115156,158,162,wikisource_vol2_ch12_letter21.txt,Lord,HENRY JAMES,DECEMBER 1893,DECEMBER,,1893.0
PER,0.99661446,258,266,wikisource_vol2_ch12_letter21.txt,Catriona,HENRY JAMES,DECEMBER 1893,DECEMBER,,1893.0
PER,0.9990033,1047,1054,wikisource_vol2_ch12_letter21.txt,R. L. S,HENRY JAMES,DECEMBER 1893,DECEMBER,,1893.0
PER,0.99945366,11,25,wikisource_vol2_ch12_letter22.txt,Charles Baxter,CHARLES BAXTER,JANUARY 1 1894,JANUARY,1.0,1894.0
PER,0.98109907,52,59,wikisource_vol2_ch12_letter22.txt,Charles,CHARLES BAXTER,JANUARY 1 1894,JANUARY,1.0,1894.0
LOC,0.997624,211,220,wikisource_vol2_ch12_letter22.txt,Edinburgh,CHARLES BAXTER,JANUARY 1 1894,JANUARY,1.0,1894.0
ORG,0.9917155,279,284,wikisource_vol2_ch12_letter22.txt,Times,CHARLES BAXTER,JANUARY 1 1894,JANUARY,1.0,1894.0
PER,0.9992074,374,385,wikisource_vol2_ch12_letter22.txt,Cedercrantz,CHARLES BAXTER,JANUARY 1 1894,JANUARY,1.0,1894.0
PER,0.9994707,390,397,wikisource_vol2_ch12_letter22.txt,Pilsach,CHARLES BAXTER,JANUARY 1 1894,JANUARY,1.0,1894.0
LOC,0.9735129,897,912,wikisource_vol2_ch12_letter22.txt,Treasure Island,CHARLES BAXTER,JANUARY 1 1894,JANUARY,1.0,1894.0
PER,0.9998355,1097,1110,wikisource_vol2_ch12_letter22.txt,David Balfour,CHARLES BAXTER,JANUARY 1 1894,JANUARY,1.0,1894.0
PER,0.6644553,1133,1144,wikisource_vol2_ch12_letter22.txt,Prince Otto,CHARLES BAXTER,JANUARY 1 1894,JANUARY,1.0,1894.0
PER,0.48310336,1197,1202,wikisource_vol2_ch12_letter22.txt,Arrow,CHARLES BAXTER,JANUARY 1 1894,JANUARY,1.0,1894.0
PER,0.9988336,1777,1784,wikisource_vol2_ch12_letter22.txt,Vailima,CHARLES BAXTER,JANUARY 1 1894,JANUARY,1.0,1894.0
PER,0.99712545,1856,1870,wikisource_vol2_ch12_letter22.txt,Fanny. R. L. S,CHARLES BAXTER,JANUARY 1 1894,JANUARY,1.0,1894.0
PER,0.99886245,11,24,wikisource_vol2_ch12_letter23.txt,H. B. Baildon,H. B. BAILDON,JANUARY 15 1894,JANUARY,15.0,1894.0
LOC,0.8167075,26,33,wikisource_vol2_ch12_letter23.txt,Vailima,H. B. BAILDON,JANUARY 15 1894,JANUARY,15.0,1894.0
PER,0.91319656,63,70,wikisource_vol2_ch12_letter23.txt,Baildon,H. B. BAILDON,JANUARY 15 1894,JANUARY,15.0,1894.0
LOC,0.9972817,123,139,wikisource_vol2_ch12_letter23.txt,Frederick Street,H. B. BAILDON,JANUARY 15 1894,JANUARY,15.0,1894.0
PER,0.53031194,177,181,wikisource_vol2_ch12_letter23.txt,Jack,H. B. BAILDON,JANUARY 15 1894,JANUARY,15.0,1894.0
PER,0.9995487,250,257,wikisource_vol2_ch12_letter23.txt,Froebel,H. B. BAILDON,JANUARY 15 1894,JANUARY,15.0,1894.0
PER,0.99953187,292,299,wikisource_vol2_ch12_letter23.txt,Thomson,H. B. BAILDON,JANUARY 15 1894,JANUARY,15.0,1894.0
PER,0.990528,409,415,wikisource_vol2_ch12_letter23.txt,Tamate,H. B. BAILDON,JANUARY 15 1894,JANUARY,15.0,1894.0
PER,0.998832,614,622,wikisource_vol2_ch12_letter23.txt,Herodias,H. B. BAILDON,JANUARY 15 1894,JANUARY,15.0,1894.0
PER,0.9985543,627,643,wikisource_vol2_ch12_letter23.txt,John the Baptist,H. B. BAILDON,JANUARY 15 1894,JANUARY,15.0,1894.0
PER,0.9093308,723,740,wikisource_vol2_ch12_letter23.txt,God of the Garden,H. B. BAILDON,JANUARY 15 1894,JANUARY,15.0,1894.0
PER,0.999579,852,855,wikisource_vol2_ch12_letter23.txt,God,H. B. BAILDON,JANUARY 15 1894,JANUARY,15.0,1894.0
PER,0.9984214,1743,1752,wikisource_vol2_ch12_letter23.txt,Auriculas,H. B. BAILDON,JANUARY 15 1894,JANUARY,15.0,1894.0
PER,0.9997037,1852,1874,wikisource_vol2_ch12_letter23.txt,Robert Louis Stevenson,H. B. BAILDON,JANUARY 15 1894,JANUARY,15.0,1894.0
PER,0.97039497,11,20,wikisource_vol2_ch12_letter24.txt,W. H. Low,W. H. LOW,JANUARY 15 1894,JANUARY,15.0,1894.0
LOC,0.97373176,23,30,wikisource_vol2_ch12_letter24.txt,Vailima,W. H. LOW,JANUARY 15 1894,JANUARY,15.0,1894.0
LOC,0.9990657,416,424,wikisource_vol2_ch12_letter24.txt,Scotland,W. H. LOW,JANUARY 15 1894,JANUARY,15.0,1894.0
PER,0.9997558,747,751,wikisource_vol2_ch12_letter24.txt,Dodd,W. H. LOW,JANUARY 15 1894,JANUARY,15.0,1894.0
PER,0.9998614,893,902,wikisource_vol2_ch12_letter24.txt,Pinkerton,W. H. LOW,JANUARY 15 1894,JANUARY,15.0,1894.0
PER,0.9998549,1016,1021,wikisource_vol2_ch12_letter24.txt,Scott,W. H. LOW,JANUARY 15 1894,JANUARY,15.0,1894.0
PER,0.99733824,1033,1042,wikisource_vol2_ch12_letter24.txt,Montaigne,W. H. LOW,JANUARY 15 1894,JANUARY,15.0,1894.0
PER,0.9994118,1048,1061,wikisource_vol2_ch12_letter24.txt,Julius Caesar,W. H. LOW,JANUARY 15 1894,JANUARY,15.0,1894.0
PER,0.8954677,1092,1100,wikisource_vol2_ch12_letter24.txt,R. L. S.,W. H. LOW,JANUARY 15 1894,JANUARY,15.0,1894.0
PER,0.9997976,1326,1339,wikisource_vol2_ch12_letter24.txt,David Balfour,W. H. LOW,JANUARY 15 1894,JANUARY,15.0,1894.0
PER,0.8706734,1668,1682,wikisource_vol2_ch12_letter24.txt,David Balfours,W. H. LOW,JANUARY 15 1894,JANUARY,15.0,1894.0
PER,0.9347199,1688,1707,wikisource_vol2_ch12_letter24.txt,Hinc Illae Lacrymae,W. H. LOW,JANUARY 15 1894,JANUARY,15.0,1894.0
PER,0.999779,1849,1863,wikisource_vol2_ch12_letter24.txt,Michael Angelo,W. H. LOW,JANUARY 15 1894,JANUARY,15.0,1894.0
PER,0.99921036,11,24,wikisource_vol2_ch12_letter25.txt,H. B. Baildon,H. B. BAILDON,JANUARY 30 1894,JANUARY,30.0,1894.0
LOC,0.89872277,26,33,wikisource_vol2_ch12_letter25.txt,Vailima,H. B. BAILDON,JANUARY 30 1894,JANUARY,30.0,1894.0
PER,0.9845695,63,70,wikisource_vol2_ch12_letter25.txt,Baildon,H. B. BAILDON,JANUARY 30 1894,JANUARY,30.0,1894.0
PER,0.95481646,1204,1211,wikisource_vol2_ch12_letter25.txt,R. L. S,H. B. BAILDON,JANUARY 30 1894,JANUARY,30.0,1894.0
PER,0.9997711,11,22,wikisource_vol2_ch12_letter26.txt,J. H. Bates,J. H. BATES,MARCH 25 1894,MARCH,25.0,1894.0
LOC,0.98550797,24,31,wikisource_vol2_ch12_letter26.txt,Vailima,J. H. BATES,MARCH 25 1894,MARCH,25.0,1894.0
LOC,0.9998548,33,38,wikisource_vol2_ch12_letter26.txt,Samoa,J. H. BATES,MARCH 25 1894,MARCH,25.0,1894.0
PER,0.9998553,70,82,wikisource_vol2_ch12_letter26.txt,Joe H. Bates,J. H. BATES,MARCH 25 1894,MARCH,25.0,1894.0
PER,0.9998474,1121,1134,wikisource_vol2_ch12_letter26.txt,L. C. Congdon,J. H. BATES,MARCH 25 1894,MARCH,25.0,1894.0
PER,0.99978715,1139,1153,wikisource_vol2_ch12_letter26.txt,E. M. G. Bates,J. H. BATES,MARCH 25 1894,MARCH,25.0,1894.0
PER,0.9998546,1166,1190,wikisource_vol2_ch12_letter26.txt,Edward Hugh Higlee Bates,J. H. BATES,MARCH 25 1894,MARCH,25.0,1894.0
PER,0.99982244,1285,1307,wikisource_vol2_ch12_letter26.txt,Robert Louis Stevenson,J. H. BATES,MARCH 25 1894,MARCH,25.0,1894.0
PER,0.9940059,11,25,wikisource_vol2_ch12_letter27.txt,William Archer,WILLIAM ARCHER,MARCH 27 1894,MARCH,27.0,1894.0
LOC,0.80395716,27,34,wikisource_vol2_ch12_letter27.txt,Vailima,WILLIAM ARCHER,MARCH 27 1894,MARCH,27.0,1894.0
LOC,0.9997868,36,41,wikisource_vol2_ch12_letter27.txt,Samoa,WILLIAM ARCHER,MARCH 27 1894,MARCH,27.0,1894.0
PER,0.99937946,282,289,wikisource_vol2_ch12_letter27.txt,Hazlitt,WILLIAM ARCHER,MARCH 27 1894,MARCH,27.0,1894.0
ORG,0.86827654,405,412,wikisource_vol2_ch12_letter27.txt,Hazlitt,WILLIAM ARCHER,MARCH 27 1894,MARCH,27.0,1894.0
PER,0.8389028,540,551,wikisource_vol2_ch12_letter27.txt,Bauble Shop,WILLIAM ARCHER,MARCH 27 1894,MARCH,27.0,1894.0
PER,0.9730767,556,562,wikisource_vol2_ch12_letter27.txt,Becket,WILLIAM ARCHER,MARCH 27 1894,MARCH,27.0,1894.0
PER,0.99968493,616,632,wikisource_vol2_ch12_letter27.txt,Marjorie Fleming,WILLIAM ARCHER,MARCH 27 1894,MARCH,27.0,1894.0
PER,0.9996941,756,759,wikisource_vol2_ch12_letter27.txt,God,WILLIAM ARCHER,MARCH 27 1894,MARCH,27.0,1894.0
PER,0.9996846,1022,1031,wikisource_vol2_ch12_letter27.txt,Tomarcher,WILLIAM ARCHER,MARCH 27 1894,MARCH,27.0,1894.0
PER,0.99970293,1480,1489,wikisource_vol2_ch12_letter27.txt,Tomarcher,WILLIAM ARCHER,MARCH 27 1894,MARCH,27.0,1894.0
PER,0.99971956,1530,1539,wikisource_vol2_ch12_letter27.txt,Tomarcher,WILLIAM ARCHER,MARCH 27 1894,MARCH,27.0,1894.0
LOC,0.99933404,1622,1628,wikisource_vol2_ch12_letter27.txt,Europe,WILLIAM ARCHER,MARCH 27 1894,MARCH,27.0,1894.0
PER,0.99977285,1784,1799,wikisource_vol2_ch12_letter27.txt,George Meredith,WILLIAM ARCHER,MARCH 27 1894,MARCH,27.0,1894.0
PER,0.99982953,1837,1851,wikisource_vol2_ch12_letter27.txt,Sidney Lysaght,WILLIAM ARCHER,MARCH 27 1894,MARCH,27.0,1894.0
PER,0.9994138,11,22,wikisource_vol2_ch12_letter28.txt,W. B. Yeats,W. B. YEATS,APRIL 14 1894,APRIL,14.0,1894.0
LOC,0.9873812,24,31,wikisource_vol2_ch12_letter28.txt,Vailima,W. B. YEATS,APRIL 14 1894,APRIL,14.0,1894.0
LOC,0.9997819,33,38,wikisource_vol2_ch12_letter28.txt,Samoa,W. B. YEATS,APRIL 14 1894,APRIL,14.0,1894.0
PER,0.9994285,142,151,wikisource_vol2_ch12_letter28.txt,Swinburne,W. B. YEATS,APRIL 14 1894,APRIL,14.0,1894.0
PER,0.9997507,229,237,wikisource_vol2_ch12_letter28.txt,Meredith,W. B. YEATS,APRIL 14 1894,APRIL,14.0,1894.0
PER,0.9654043,416,422,wikisource_vol2_ch12_letter28.txt,Hyeres,W. B. YEATS,APRIL 14 1894,APRIL,14.0,1894.0
PER,0.9997845,765,787,wikisource_vol2_ch12_letter28.txt,Robert Louis Stevenson,W. B. YEATS,APRIL 14 1894,APRIL,14.0,1894.0
PER,0.9993549,11,26,wikisource_vol2_ch12_letter29.txt,George Meredith,GEORGE MEREDITH,APRIL 17 1894,APRIL,17.0,1894.0
LOC,0.85991424,28,35,wikisource_vol2_ch12_letter29.txt,Vailima,GEORGE MEREDITH,APRIL 17 1894,APRIL,17.0,1894.0
LOC,0.9998586,37,42,wikisource_vol2_ch12_letter29.txt,Samoa,GEORGE MEREDITH,APRIL 17 1894,APRIL,17.0,1894.0
PER,0.8619612,70,78,wikisource_vol2_ch12_letter29.txt,Meredith,GEORGE MEREDITH,APRIL 17 1894,APRIL,17.0,1894.0
PER,0.9990852,194,202,wikisource_vol2_ch12_letter29.txt,Mariette,GEORGE MEREDITH,APRIL 17 1894,APRIL,17.0,1894.0
PER,0.9994113,293,300,wikisource_vol2_ch12_letter29.txt,Lysaght,GEORGE MEREDITH,APRIL 17 1894,APRIL,17.0,1894.0
PER,0.99963206,651,658,wikisource_vol2_ch12_letter29.txt,Lysaght,GEORGE MEREDITH,APRIL 17 1894,APRIL,17.0,1894.0
PER,0.9509834,891,906,wikisource_vol2_ch12_letter29.txt,Widdicombe Fair,GEORGE MEREDITH,APRIL 17 1894,APRIL,17.0,1894.0
LOC,0.89673156,1095,1103,wikisource_vol2_ch12_letter29.txt,Box Hill,GEORGE MEREDITH,APRIL 17 1894,APRIL,17.0,1894.0
PER,0.99916565,1491,1505,wikisource_vol2_ch12_letter29.txt,Gower Woodsere,GEORGE MEREDITH,APRIL 17 1894,APRIL,17.0,1894.0
PER,0.9974596,1617,1625,wikisource_vol2_ch12_letter29.txt,Tusitala,GEORGE MEREDITH,APRIL 17 1894,APRIL,17.0,1894.0
PER,0.99975055,1731,1739,wikisource_vol2_ch12_letter29.txt,Meredith,GEORGE MEREDITH,APRIL 17 1894,APRIL,17.0,1894.0
PER,0.98988247,1949,1956,wikisource_vol2_ch12_letter29.txt,Lysaght,GEORGE MEREDITH,APRIL 17 1894,APRIL,17.0,1894.0
PER,0.9973933,11,25,wikisource_vol2_ch12_letter3.txt,S. R. Crockett,S. R. CROCKETT,MAY 17 1893,MAY,17.0,1893.0
LOC,0.98236513,27,34,wikisource_vol2_ch12_letter3.txt,Vailima,S. R. CROCKETT,MAY 17 1893,MAY,17.0,1893.0
LOC,0.9998099,36,41,wikisource_vol2_ch12_letter3.txt,Samoa,S. R. CROCKETT,MAY 17 1893,MAY,17.0,1893.0
PER,0.9907841,68,76,wikisource_vol2_ch12_letter3.txt,Crockett,S. R. CROCKETT,MAY 17 1893,MAY,17.0,1893.0
PER,0.9987312,232,246,wikisource_vol2_ch12_letter3.txt,Charles Baxter,S. R. CROCKETT,MAY 17 1893,MAY,17.0,1893.0
PER,0.76497275,937,941,wikisource_vol2_ch12_letter3.txt,Bill,S. R. CROCKETT,MAY 17 1893,MAY,17.0,1893.0
LOC,0.9348181,1028,1034,wikisource_vol2_ch12_letter3.txt,Fisher,S. R. CROCKETT,MAY 17 1893,MAY,17.0,1893.0
LOC,0.75166965,1037,1042,wikisource_vol2_ch12_letter3.txt,Tryst,S. R. CROCKETT,MAY 17 1893,MAY,17.0,1893.0
LOC,0.99180585,1047,1056,wikisource_vol2_ch12_letter3.txt,Glencorse,S. R. CROCKETT,MAY 17 1893,MAY,17.0,1893.0
LOC,0.81139106,1076,1087,wikisource_vol2_ch12_letter3.txt,Auld Reekie,S. R. CROCKETT,MAY 17 1893,MAY,17.0,1893.0
LOC,0.9980313,1712,1718,wikisource_vol2_ch12_letter3.txt,Sydney,S. R. CROCKETT,MAY 17 1893,MAY,17.0,1893.0
PER,0.99932635,11,25,wikisource_vol2_ch12_letter30.txt,Charles Baxter,CHARLES BAXTER,APRIL 17 1894,APRIL,17.0,1894.0
LOC,0.9991362,28,35,wikisource_vol2_ch12_letter30.txt,Vailima,CHARLES BAXTER,APRIL 17 1894,APRIL,17.0,1894.0
PER,0.9951604,61,68,wikisource_vol2_ch12_letter30.txt,Charles,CHARLES BAXTER,APRIL 17 1894,APRIL,17.0,1894.0
LOC,0.6714156,72,80,wikisource_vol2_ch12_letter30.txt,St. Ives,CHARLES BAXTER,APRIL 17 1894,APRIL,17.0,1894.0
PER,0.78660166,253,256,wikisource_vol2_ch12_letter30.txt,Tom,CHARLES BAXTER,APRIL 17 1894,APRIL,17.0,1894.0
PER,0.99061453,302,308,wikisource_vol2_ch12_letter30.txt,Ashton,CHARLES BAXTER,APRIL 17 1894,APRIL,17.0,1894.0
PER,0.9987476,366,372,wikisource_vol2_ch12_letter30.txt,Colvin,CHARLES BAXTER,APRIL 17 1894,APRIL,17.0,1894.0
ORG,0.9992098,450,467,wikisource_vol2_ch12_letter30.txt,Edinburgh Courant,CHARLES BAXTER,APRIL 17 1894,APRIL,17.0,1894.0
LOC,0.8314282,656,664,wikisource_vol2_ch12_letter30.txt,St. Ives,CHARLES BAXTER,APRIL 17 1894,APRIL,17.0,1894.0
PER,0.9990606,1307,1315,wikisource_vol2_ch12_letter30.txt,Scribner,CHARLES BAXTER,APRIL 17 1894,APRIL,17.0,1894.0
ORG,0.90689707,1370,1378,wikisource_vol2_ch12_letter30.txt,St. Ives,CHARLES BAXTER,APRIL 17 1894,APRIL,17.0,1894.0
PER,0.99968934,1677,1692,wikisource_vol2_ch12_letter30.txt,Scott Dalgleish,CHARLES BAXTER,APRIL 17 1894,APRIL,17.0,1894.0
LOC,0.9894454,1697,1713,wikisource_vol2_ch12_letter30.txt,Mayfield Terrace,CHARLES BAXTER,APRIL 17 1894,APRIL,17.0,1894.0
ORG,0.9996117,1752,1781,wikisource_vol2_ch12_letter30.txt,Ballantyne Memorial Committee,CHARLES BAXTER,APRIL 17 1894,APRIL,17.0,1894.0
PER,0.99546695,16,32,wikisource_vol2_ch12_letter31.txt,Sitwell Vailima,MRS. SITWELL,APRIL 1894,APRIL,,1894.0
PER,0.99964553,153,161,wikisource_vol2_ch12_letter31.txt,Tusitala,MRS. SITWELL,APRIL 1894,APRIL,,1894.0
PER,0.9996786,432,435,wikisource_vol2_ch12_letter31.txt,God,MRS. SITWELL,APRIL 1894,APRIL,,1894.0
PER,0.9996786,587,595,wikisource_vol2_ch12_letter31.txt,Catriona,MRS. SITWELL,APRIL 1894,APRIL,,1894.0
PER,0.99959844,1418,1423,wikisource_vol2_ch12_letter31.txt,Fanny,MRS. SITWELL,APRIL 1894,APRIL,,1894.0
PER,0.99979115,1687,1698,wikisource_vol2_ch12_letter31.txt,Burne Jones,MRS. SITWELL,APRIL 1894,APRIL,,1894.0
PER,0.99937016,1922,1927,wikisource_vol2_ch12_letter31.txt,Louis,MRS. SITWELL,APRIL 1894,APRIL,,1894.0
PER,0.99954426,11,25,wikisource_vol2_ch12_letter32.txt,Charles Baxter,CHARLES BAXTER,MAY 1894,MAY,,1894.0
LOC,0.99895227,28,35,wikisource_vol2_ch12_letter32.txt,Vailima,CHARLES BAXTER,MAY 1894,MAY,,1894.0
PER,0.9990589,56,63,wikisource_vol2_ch12_letter32.txt,Charles,CHARLES BAXTER,MAY 1894,MAY,,1894.0
LOC,0.99945897,1033,1045,wikisource_vol2_ch12_letter32.txt,Lothian Road,CHARLES BAXTER,MAY 1894,MAY,,1894.0
LOC,0.99891824,1140,1145,wikisource_vol2_ch12_letter32.txt,Upolu,CHARLES BAXTER,MAY 1894,MAY,,1894.0
PER,0.999685,1444,1460,wikisource_vol2_ch12_letter32.txt,Robert Fergusson,CHARLES BAXTER,MAY 1894,MAY,,1894.0
PER,0.99958843,1685,1691,wikisource_vol2_ch12_letter32.txt,Robert,CHARLES BAXTER,MAY 1894,MAY,,1894.0
PER,0.998738,11,29,wikisource_vol2_ch12_letter33.txt,R. A. M. Stevenson,R. A. M. STEVENSON,JUNE 1894,JUNE,,1894.0
LOC,0.9622899,31,38,wikisource_vol2_ch12_letter33.txt,Vailima,R. A. M. STEVENSON,JUNE 1894,JUNE,,1894.0
PER,0.90935576,59,62,wikisource_vol2_ch12_letter33.txt,Bob,R. A. M. STEVENSON,JUNE 1894,JUNE,,1894.0
LOC,0.991617,392,402,wikisource_vol2_ch12_letter33.txt,Cunningham,R. A. M. STEVENSON,JUNE 1894,JUNE,,1894.0
LOC,0.99742454,406,416,wikisource_vol2_ch12_letter33.txt,Clydesdale,R. A. M. STEVENSON,JUNE 1894,JUNE,,1894.0
LOC,0.5770891,458,459,wikisource_vol2_ch12_letter33.txt,C,R. A. M. STEVENSON,JUNE 1894,JUNE,,1894.0
PER,0.8147,459,463,wikisource_vol2_ch12_letter33.txt,##ymry,R. A. M. STEVENSON,JUNE 1894,JUNE,,1894.0
LOC,0.8552813,485,490,wikisource_vol2_ch12_letter33.txt,Cymry,R. A. M. STEVENSON,JUNE 1894,JUNE,,1894.0
PER,0.8092201,495,499,wikisource_vol2_ch12_letter33.txt,Pict,R. A. M. STEVENSON,JUNE 1894,JUNE,,1894.0
PER,0.99095553,530,536,wikisource_vol2_ch12_letter33.txt,Arthur,R. A. M. STEVENSON,JUNE 1894,JUNE,,1894.0
PER,0.9992861,547,553,wikisource_vol2_ch12_letter33.txt,Merlin,R. A. M. STEVENSON,JUNE 1894,JUNE,,1894.0
PER,0.9990971,580,589,wikisource_vol2_ch12_letter33.txt,Stevenson,R. A. M. STEVENSON,JUNE 1894,JUNE,,1894.0
LOC,0.7255527,593,602,wikisource_vol2_ch12_letter33.txt,Stevenson,R. A. M. STEVENSON,JUNE 1894,JUNE,,1894.0
PER,0.9992397,659,671,wikisource_vol2_ch12_letter33.txt,Edward First,R. A. M. STEVENSON,JUNE 1894,JUNE,,1894.0
PER,0.9993777,695,704,wikisource_vol2_ch12_letter33.txt,Stevenson,R. A. M. STEVENSON,JUNE 1894,JUNE,,1894.0
LOC,0.79163545,708,717,wikisource_vol2_ch12_letter33.txt,Stevenson,R. A. M. STEVENSON,JUNE 1894,JUNE,,1894.0
PER,0.9910772,794,803,wikisource_vol2_ch12_letter33.txt,Stevenson,R. A. M. STEVENSON,JUNE 1894,JUNE,,1894.0
LOC,0.9838795,825,835,wikisource_vol2_ch12_letter33.txt,Cunningham,R. A. M. STEVENSON,JUNE 1894,JUNE,,1894.0
LOC,0.9832863,878,886,wikisource_vol2_ch12_letter33.txt,Neilston,R. A. M. STEVENSON,JUNE 1894,JUNE,,1894.0
LOC,0.9994237,907,919,wikisource_vol2_ch12_letter33.txt,Renfrewshire,R. A. M. STEVENSON,JUNE 1894,JUNE,,1894.0
LOC,0.8787726,1095,1099,wikisource_vol2_ch12_letter33.txt,Muir,R. A. M. STEVENSON,JUNE 1894,JUNE,,1894.0
LOC,0.9890429,1103,1113,wikisource_vol2_ch12_letter33.txt,Cauldwells,R. A. M. STEVENSON,JUNE 1894,JUNE,,1894.0
LOC,0.52351904,1116,1121,wikisource_vol2_ch12_letter33.txt,James,R. A. M. STEVENSON,JUNE 1894,JUNE,,1894.0
LOC,0.99825996,1125,1141,wikisource_vol2_ch12_letter33.txt,Nether - Carsewell,R. A. M. STEVENSON,JUNE 1894,JUNE,,1894.0
LOC,0.99638164,1190,1197,wikisource_vol2_ch12_letter33.txt,Glasgow,R. A. M. STEVENSON,JUNE 1894,JUNE,,1894.0
PER,0.99911517,1241,1246,wikisource_vol2_ch12_letter33.txt,James,R. A. M. STEVENSON,JUNE 1894,JUNE,,1894.0
PER,0.9991738,1259,1264,wikisource_vol2_ch12_letter33.txt,James,R. A. M. STEVENSON,JUNE 1894,JUNE,,1894.0
LOC,0.997348,1269,1285,wikisource_vol2_ch12_letter33.txt,Nether Carsewell,R. A. M. STEVENSON,JUNE 1894,JUNE,,1894.0
PER,0.99936014,1326,1332,wikisource_vol2_ch12_letter33.txt,Robert,R. A. M. STEVENSON,JUNE 1894,JUNE,,1894.0
PER,0.9996126,1593,1598,wikisource_vol2_ch12_letter33.txt,James,R. A. M. STEVENSON,JUNE 1894,JUNE,,1894.0
LOC,0.99700564,1602,1618,wikisource_vol2_ch12_letter33.txt,Nether Carsewell,R. A. M. STEVENSON,JUNE 1894,JUNE,,1894.0
LOC,0.9856258,1703,1713,wikisource_vol2_ch12_letter33.txt,Cunningham,R. A. M. STEVENSON,JUNE 1894,JUNE,,1894.0
PER,0.9988527,1732,1735,wikisource_vol2_ch12_letter33.txt,God,R. A. M. STEVENSON,JUNE 1894,JUNE,,1894.0
PER,0.9958154,11,31,wikisource_vol2_ch12_letter34.txt,Henry James Vailima,HENRY JAMES,JULY 7 1894,JULY,7.0,1894.0
PER,0.99981105,54,65,wikisource_vol2_ch12_letter34.txt,Henry James,HENRY JAMES,JULY 7 1894,JULY,7.0,1894.0
PER,0.9998114,500,514,wikisource_vol2_ch12_letter34.txt,Graham Balfour,HENRY JAMES,JULY 7 1894,JULY,7.0,1894.0
LOC,0.9990675,1585,1598,wikisource_vol2_ch12_letter34.txt,Great Britain,HENRY JAMES,JULY 7 1894,JULY,7.0,1894.0
ORG,0.7818134,1618,1625,wikisource_vol2_ch12_letter34.txt,Curacoa,HENRY JAMES,JULY 7 1894,JULY,7.0,1894.0
ORG,0.9074744,1773,1785,wikisource_vol2_ch12_letter34.txt,Curacoa Club,HENRY JAMES,JULY 7 1894,JULY,7.0,1894.0
LOC,0.99785626,1806,1813,wikisource_vol2_ch12_letter34.txt,Vailima,HENRY JAMES,JULY 7 1894,JULY,7.0,1894.0
ORG,0.60957724,1830,1837,wikisource_vol2_ch12_letter34.txt,Curacoa,HENRY JAMES,JULY 7 1894,JULY,7.0,1894.0
LOC,0.5128843,1838,1843,wikisource_vol2_ch12_letter34.txt,Track,HENRY JAMES,JULY 7 1894,JULY,7.0,1894.0
PER,0.9997926,15,28,wikisource_vol2_ch12_letter35.txt,Marcel Schwob,MR. MARCEL SCHWOB,JULY 7 1894,JULY,7.0,1894.0
LOC,0.9275368,30,37,wikisource_vol2_ch12_letter35.txt,Vailima,MR. MARCEL SCHWOB,JULY 7 1894,JULY,7.0,1894.0
LOC,0.9983164,39,44,wikisource_vol2_ch12_letter35.txt,Upolu,MR. MARCEL SCHWOB,JULY 7 1894,JULY,7.0,1894.0
LOC,0.99976104,46,51,wikisource_vol2_ch12_letter35.txt,Samoa,MR. MARCEL SCHWOB,JULY 7 1894,JULY,7.0,1894.0
PER,0.9997514,76,89,wikisource_vol2_ch12_letter35.txt,Marcel Schwob,MR. MARCEL SCHWOB,JULY 7 1894,JULY,7.0,1894.0
PER,0.9974431,1533,1539,wikisource_vol2_ch12_letter35.txt,Hermes,MR. MARCEL SCHWOB,JULY 7 1894,JULY,7.0,1894.0
PER,0.99980587,1635,1657,wikisource_vol2_ch12_letter35.txt,Robert Louis Stevenson,MR. MARCEL SCHWOB,JULY 7 1894,JULY,7.0,1894.0
PER,0.99667376,11,25,wikisource_vol2_ch12_letter36.txt,A. St. Gaudens,A. ST. GAUDENS,JULY 8 1894,JULY,8.0,1894.0
LOC,0.7594056,27,34,wikisource_vol2_ch12_letter36.txt,Vailima,A. ST. GAUDENS,JULY 8 1894,JULY,8.0,1894.0
LOC,0.9998306,36,41,wikisource_vol2_ch12_letter36.txt,Samoa,A. ST. GAUDENS,JULY 8 1894,JULY,8.0,1894.0
PER,0.9722851,65,76,wikisource_vol2_ch12_letter36.txt,St. Gaudens,A. ST. GAUDENS,JULY 8 1894,JULY,8.0,1894.0
PER,0.99981713,756,778,wikisource_vol2_ch12_letter36.txt,Robert Louis Stevenson,A. ST. GAUDENS,JULY 8 1894,JULY,8.0,1894.0
PER,0.99390537,16,31,wikisource_vol2_ch12_letter37.txt,Adelaide Boodle,MISS ADELAIDE BOODLE,JULY 14 1894,JULY,14.0,1894.0
LOC,0.9586733,33,40,wikisource_vol2_ch12_letter37.txt,Vailima,MISS ADELAIDE BOODLE,JULY 14 1894,JULY,14.0,1894.0
PER,0.9851834,65,73,wikisource_vol2_ch12_letter37.txt,Adelaide,MISS ADELAIDE BOODLE,JULY 14 1894,JULY,14.0,1894.0
PER,0.70628715,799,802,wikisource_vol2_ch12_letter37.txt,Gut,MISS ADELAIDE BOODLE,JULY 14 1894,JULY,14.0,1894.0
ORG,0.5716594,802,804,wikisource_vol2_ch12_letter37.txt,##ta,MISS ADELAIDE BOODLE,JULY 14 1894,JULY,14.0,1894.0
PER,0.6487142,805,807,wikisource_vol2_ch12_letter37.txt,Ca,MISS ADELAIDE BOODLE,JULY 14 1894,JULY,14.0,1894.0
ORG,0.7427696,807,810,wikisource_vol2_ch12_letter37.txt,##vat,MISS ADELAIDE BOODLE,JULY 14 1894,JULY,14.0,1894.0
PER,0.6043834,811,813,wikisource_vol2_ch12_letter37.txt,La,MISS ADELAIDE BOODLE,JULY 14 1894,JULY,14.0,1894.0
ORG,0.6179807,813,825,wikisource_vol2_ch12_letter37.txt,##pidem Non Vi,MISS ADELAIDE BOODLE,JULY 14 1894,JULY,14.0,1894.0
LOC,0.9965876,1533,1541,wikisource_vol2_ch12_letter37.txt,St. Paul,MISS ADELAIDE BOODLE,JULY 14 1894,JULY,14.0,1894.0
LOC,0.8426066,1564,1568,wikisource_vol2_ch12_letter37.txt,##aman,MISS ADELAIDE BOODLE,JULY 14 1894,JULY,14.0,1894.0
PER,0.99457127,1720,1728,wikisource_vol2_ch12_letter37.txt,Adelaide,MISS ADELAIDE BOODLE,JULY 14 1894,JULY,14.0,1894.0
PER,0.99923754,16,21,wikisource_vol2_ch12_letter38.txt,Baker,MRS. BAKER,JULY 16 1894,JULY,16.0,1894.0
LOC,0.7241552,23,30,wikisource_vol2_ch12_letter38.txt,Vailima,MRS. BAKER,JULY 16 1894,JULY,16.0,1894.0
LOC,0.99983215,32,37,wikisource_vol2_ch12_letter38.txt,Samoa,MRS. BAKER,JULY 16 1894,JULY,16.0,1894.0
PER,0.9988732,64,69,wikisource_vol2_ch12_letter38.txt,Baker,MRS. BAKER,JULY 16 1894,JULY,16.0,1894.0
PER,0.9996207,146,153,wikisource_vol2_ch12_letter38.txt,Skinner,MRS. BAKER,JULY 16 1894,JULY,16.0,1894.0
PER,0.99968374,159,166,wikisource_vol2_ch12_letter38.txt,Skinner,MRS. BAKER,JULY 16 1894,JULY,16.0,1894.0
PER,0.99981993,187,196,wikisource_vol2_ch12_letter38.txt,Stevenson,MRS. BAKER,JULY 16 1894,JULY,16.0,1894.0
PER,0.9998196,680,702,wikisource_vol2_ch12_letter38.txt,Robert Louis Stevenson,MRS. BAKER,JULY 16 1894,JULY,16.0,1894.0
PER,0.9403113,11,32,wikisource_vol2_ch12_letter39.txt,J. M. Barrie Vailima,J. M. BARRIE,JULY 13 1894,JULY,13.0,1894.0
PER,0.99963206,229,243,wikisource_vol2_ch12_letter39.txt,Graham Balfour,J. M. BARRIE,JULY 13 1894,JULY,13.0,1894.0
PER,0.99977994,1292,1298,wikisource_vol2_ch12_letter39.txt,Barrie,J. M. BARRIE,JULY 13 1894,JULY,13.0,1894.0
LOC,0.99369156,1648,1658,wikisource_vol2_ch12_letter39.txt,Kirriemuir,J. M. BARRIE,JULY 13 1894,JULY,13.0,1894.0
LOC,0.9946412,1731,1741,wikisource_vol2_ch12_letter39.txt,Kirriemuir,J. M. BARRIE,JULY 13 1894,JULY,13.0,1894.0
LOC,0.99193686,1801,1809,wikisource_vol2_ch12_letter39.txt,Glenogil,J. M. BARRIE,JULY 13 1894,JULY,13.0,1894.0
LOC,0.98860794,1818,1828,wikisource_vol2_ch12_letter39.txt,Kirriemuir,J. M. BARRIE,JULY 13 1894,JULY,13.0,1894.0
PER,0.85594845,11,31,wikisource_vol2_ch12_letter4.txt,Augustus St. Gaudens,AUGUSTUS ST. GAUDENS,MAY 29 1893,MAY,29.0,1893.0
LOC,0.6525048,33,40,wikisource_vol2_ch12_letter4.txt,Vailima,AUGUSTUS ST. GAUDENS,MAY 29 1893,MAY,29.0,1893.0
LOC,0.9996778,42,47,wikisource_vol2_ch12_letter4.txt,Samoa,AUGUSTUS ST. GAUDENS,MAY 29 1893,MAY,29.0,1893.0
PER,0.9992526,373,386,wikisource_vol2_ch12_letter4.txt,Sidney Colvin,AUGUSTUS ST. GAUDENS,MAY 29 1893,MAY,29.0,1893.0
PER,0.9992819,414,427,wikisource_vol2_ch12_letter4.txt,Sidney Colvin,AUGUSTUS ST. GAUDENS,MAY 29 1893,MAY,29.0,1893.0
LOC,0.9986863,461,475,wikisource_vol2_ch12_letter4.txt,British Museum,AUGUSTUS ST. GAUDENS,MAY 29 1893,MAY,29.0,1893.0
LOC,0.99872106,477,483,wikisource_vol2_ch12_letter4.txt,London,AUGUSTUS ST. GAUDENS,MAY 29 1893,MAY,29.0,1893.0
PER,0.999698,15,23,wikisource_vol2_ch12_letter40.txt,Bakewell,DR. BAKEWELL,AUGUST 7 1894,AUGUST,7.0,1894.0
LOC,0.8331382,25,32,wikisource_vol2_ch12_letter40.txt,Vailima,DR. BAKEWELL,AUGUST 7 1894,AUGUST,7.0,1894.0
PER,0.9992895,59,67,wikisource_vol2_ch12_letter40.txt,Bakewell,DR. BAKEWELL,AUGUST 7 1894,AUGUST,7.0,1894.0
PER,0.88957727,1163,1170,wikisource_vol2_ch12_letter40.txt,R. L. S,DR. BAKEWELL,AUGUST 7 1894,AUGUST,7.0,1894.0
PER,0.9986992,11,21,wikisource_vol2_ch12_letter41.txt,James Payn,JAMES PAYN,AUGUST 11 1894,AUGUST,11.0,1894.0
LOC,0.87105715,23,26,wikisource_vol2_ch12_letter41.txt,Vai,JAMES PAYN,AUGUST 11 1894,AUGUST,11.0,1894.0
PER,0.7265471,26,30,wikisource_vol2_ch12_letter41.txt,##lima,JAMES PAYN,AUGUST 11 1894,AUGUST,11.0,1894.0
LOC,0.99920785,32,37,wikisource_vol2_ch12_letter41.txt,Upolu,JAMES PAYN,AUGUST 11 1894,AUGUST,11.0,1894.0
LOC,0.9996828,39,44,wikisource_vol2_ch12_letter41.txt,Samoa,JAMES PAYN,AUGUST 11 1894,AUGUST,11.0,1894.0
PER,0.9852939,72,82,wikisource_vol2_ch12_letter41.txt,James Payn,JAMES PAYN,AUGUST 11 1894,AUGUST,11.0,1894.0
LOC,0.72414106,98,102,wikisource_vol2_ch12_letter41.txt,Lang,JAMES PAYN,AUGUST 11 1894,AUGUST,11.0,1894.0
LOC,0.96418697,599,608,wikisource_vol2_ch12_letter41.txt,Luatuanu ',JAMES PAYN,AUGUST 11 1894,AUGUST,11.0,1894.0
ORG,0.90856993,642,644,wikisource_vol2_ch12_letter41.txt,Cu,JAMES PAYN,AUGUST 11 1894,AUGUST,11.0,1894.0
LOC,0.49729756,644,647,wikisource_vol2_ch12_letter41.txt,##rac,JAMES PAYN,AUGUST 11 1894,AUGUST,11.0,1894.0
ORG,0.8254819,647,649,wikisource_vol2_ch12_letter41.txt,##oa,JAMES PAYN,AUGUST 11 1894,AUGUST,11.0,1894.0
ORG,0.98178124,655,660,wikisource_vol2_ch12_letter41.txt,Falke,JAMES PAYN,AUGUST 11 1894,AUGUST,11.0,1894.0
ORG,0.9859624,670,677,wikisource_vol2_ch12_letter41.txt,Bussard,JAMES PAYN,AUGUST 11 1894,AUGUST,11.0,1894.0
LOC,0.9996294,737,741,wikisource_vol2_ch12_letter41.txt,Atua,JAMES PAYN,AUGUST 11 1894,AUGUST,11.0,1894.0
PER,0.5602247,966,969,wikisource_vol2_ch12_letter41.txt,Bow,JAMES PAYN,AUGUST 11 1894,AUGUST,11.0,1894.0
LOC,0.99830323,1193,1207,wikisource_vol2_ch12_letter41.txt,Eilean Earraid,JAMES PAYN,AUGUST 11 1894,AUGUST,11.0,1894.0
LOC,0.78602517,1631,1648,wikisource_vol2_ch12_letter41.txt,Tant Bien Que Mal,JAMES PAYN,AUGUST 11 1894,AUGUST,11.0,1894.0
PER,0.99881583,1666,1676,wikisource_vol2_ch12_letter41.txt,James Payn,JAMES PAYN,AUGUST 11 1894,AUGUST,11.0,1894.0
PER,0.99475336,16,25,wikisource_vol2_ch12_letter42.txt,Middleton,MISS MIDDLETON,SEPTEMBER 9 1894,SEPTEMBER,9.0,1894.0
LOC,0.95566297,27,34,wikisource_vol2_ch12_letter42.txt,Vailima,MISS MIDDLETON,SEPTEMBER 9 1894,SEPTEMBER,9.0,1894.0
LOC,0.99985075,36,41,wikisource_vol2_ch12_letter42.txt,Samoa,MISS MIDDLETON,SEPTEMBER 9 1894,SEPTEMBER,9.0,1894.0
PER,0.99803776,72,81,wikisource_vol2_ch12_letter42.txt,Middleton,MISS MIDDLETON,SEPTEMBER 9 1894,SEPTEMBER,9.0,1894.0
PER,0.9970746,486,490,wikisource_vol2_ch12_letter42.txt,Jura,MISS MIDDLETON,SEPTEMBER 9 1894,SEPTEMBER,9.0,1894.0
PER,0.9615506,514,518,wikisource_vol2_ch12_letter42.txt,Jura,MISS MIDDLETON,SEPTEMBER 9 1894,SEPTEMBER,9.0,1894.0
PER,0.9997851,615,623,wikisource_vol2_ch12_letter42.txt,Smeoroch,MISS MIDDLETON,SEPTEMBER 9 1894,SEPTEMBER,9.0,1894.0
PER,0.99984837,1185,1207,wikisource_vol2_ch12_letter42.txt,Robert Louis Stevenson,MISS MIDDLETON,SEPTEMBER 9 1894,SEPTEMBER,9.0,1894.0
PER,0.9988955,11,25,wikisource_vol2_ch12_letter43.txt,A. Conan Doyle,A. CONAN DOYLE,SEPTEMBER 9 1894,SEPTEMBER,9.0,1894.0
LOC,0.97309923,27,34,wikisource_vol2_ch12_letter43.txt,Vailima,A. CONAN DOYLE,SEPTEMBER 9 1894,SEPTEMBER,9.0,1894.0
LOC,0.9998104,36,41,wikisource_vol2_ch12_letter43.txt,Samoa,A. CONAN DOYLE,SEPTEMBER 9 1894,SEPTEMBER,9.0,1894.0
PER,0.9986396,70,81,wikisource_vol2_ch12_letter43.txt,Conan Doyle,A. CONAN DOYLE,SEPTEMBER 9 1894,SEPTEMBER,9.0,1894.0
LOC,0.73808265,130,145,wikisource_vol2_ch12_letter43.txt,Treasure Island,A. CONAN DOYLE,SEPTEMBER 9 1894,SEPTEMBER,9.0,1894.0
PER,0.89297855,527,534,wikisource_vol2_ch12_letter43.txt,Braddon,A. CONAN DOYLE,SEPTEMBER 9 1894,SEPTEMBER,9.0,1894.0
PER,0.9978305,787,798,wikisource_vol2_ch12_letter43.txt,Conan Doyle,A. CONAN DOYLE,SEPTEMBER 9 1894,SEPTEMBER,9.0,1894.0
PER,0.99976903,1325,1347,wikisource_vol2_ch12_letter43.txt,Robert Louis Stevenson,A. CONAN DOYLE,SEPTEMBER 9 1894,SEPTEMBER,9.0,1894.0
PER,0.9993855,11,25,wikisource_vol2_ch12_letter44.txt,Charles Baxter,CHARLES BAXTER,SEPTEMBER 1894,SEPTEMBER,,1894.0
LOC,0.9993806,28,35,wikisource_vol2_ch12_letter44.txt,Vailima,CHARLES BAXTER,SEPTEMBER 1894,SEPTEMBER,,1894.0
PER,0.9984236,62,69,wikisource_vol2_ch12_letter44.txt,Charles,CHARLES BAXTER,SEPTEMBER 1894,SEPTEMBER,,1894.0
PER,0.99925476,102,115,wikisource_vol2_ch12_letter44.txt,Edmund Baxter,CHARLES BAXTER,SEPTEMBER 1894,SEPTEMBER,,1894.0
PER,0.8498366,1061,1066,wikisource_vol2_ch12_letter44.txt,Vesuv,CHARLES BAXTER,SEPTEMBER 1894,SEPTEMBER,,1894.0
LOC,0.48259637,1066,1069,wikisource_vol2_ch12_letter44.txt,##ius,CHARLES BAXTER,SEPTEMBER 1894,SEPTEMBER,,1894.0
PER,0.99752176,1255,1262,wikisource_vol2_ch12_letter44.txt,R. L. S,CHARLES BAXTER,SEPTEMBER 1894,SEPTEMBER,,1894.0
PER,0.9984741,11,29,wikisource_vol2_ch12_letter45.txt,R. A. M. Stevenson,R. A. M. STEVENSON,SEPTEMBER 1894,SEPTEMBER,,1894.0
LOC,0.99842536,32,39,wikisource_vol2_ch12_letter45.txt,Vailima,R. A. M. STEVENSON,SEPTEMBER 1894,SEPTEMBER,,1894.0
PER,0.9870885,63,66,wikisource_vol2_ch12_letter45.txt,Bob,R. A. M. STEVENSON,SEPTEMBER 1894,SEPTEMBER,,1894.0
PER,0.8526393,236,243,wikisource_vol2_ch12_letter45.txt,Balfour,R. A. M. STEVENSON,SEPTEMBER 1894,SEPTEMBER,,1894.0
LOC,0.9998435,449,456,wikisource_vol2_ch12_letter45.txt,Britain,R. A. M. STEVENSON,SEPTEMBER 1894,SEPTEMBER,,1894.0
LOC,0.99779725,824,839,wikisource_vol2_ch12_letter45.txt,Low Archipelago,R. A. M. STEVENSON,SEPTEMBER 1894,SEPTEMBER,,1894.0
LOC,0.9776261,912,921,wikisource_vol2_ch12_letter45.txt,Marquesas,R. A. M. STEVENSON,SEPTEMBER 1894,SEPTEMBER,,1894.0
LOC,0.99987066,1339,1347,wikisource_vol2_ch12_letter45.txt,Scotland,R. A. M. STEVENSON,SEPTEMBER 1894,SEPTEMBER,,1894.0
LOC,0.999534,1441,1450,wikisource_vol2_ch12_letter45.txt,Edinburgh,R. A. M. STEVENSON,SEPTEMBER 1894,SEPTEMBER,,1894.0
PER,0.9968313,1593,1598,wikisource_vol2_ch12_letter45.txt,Skene,R. A. M. STEVENSON,SEPTEMBER 1894,SEPTEMBER,,1894.0
PER,0.99693036,1807,1825,wikisource_vol2_ch12_letter45.txt,J. Horne Stevenson,R. A. M. STEVENSON,SEPTEMBER 1894,SEPTEMBER,,1894.0
PER,0.994011,15,39,wikisource_vol2_ch12_letter46.txt,Herbert Maxwell Vailima,SIR HERBERT MAXWELL,SEPTEMBER 10 1894,SEPTEMBER,10.0,1894.0
LOC,0.99985397,41,46,wikisource_vol2_ch12_letter46.txt,Samoa,SIR HERBERT MAXWELL,SEPTEMBER 10 1894,SEPTEMBER,10.0,1894.0
PER,0.9997424,77,92,wikisource_vol2_ch12_letter46.txt,Herbert Maxwell,SIR HERBERT MAXWELL,SEPTEMBER 10 1894,SEPTEMBER,10.0,1894.0
PER,0.9986669,203,212,wikisource_vol2_ch12_letter46.txt,Stevenson,SIR HERBERT MAXWELL,SEPTEMBER 10 1894,SEPTEMBER,10.0,1894.0
LOC,0.95889854,237,248,wikisource_vol2_ch12_letter46.txt,Stevinetoun,SIR HERBERT MAXWELL,SEPTEMBER 10 1894,SEPTEMBER,10.0,1894.0
LOC,0.9678537,250,261,wikisource_vol2_ch12_letter46.txt,Stevensoune,SIR HERBERT MAXWELL,SEPTEMBER 10 1894,SEPTEMBER,10.0,1894.0
LOC,0.89846814,263,274,wikisource_vol2_ch12_letter46.txt,Stevensonne,SIR HERBERT MAXWELL,SEPTEMBER 10 1894,SEPTEMBER,10.0,1894.0
LOC,0.9402473,276,285,wikisource_vol2_ch12_letter46.txt,Stenesone,SIR HERBERT MAXWELL,SEPTEMBER 10 1894,SEPTEMBER,10.0,1894.0
LOC,0.965346,287,298,wikisource_vol2_ch12_letter46.txt,Stewinsoune,SIR HERBERT MAXWELL,SEPTEMBER 10 1894,SEPTEMBER,10.0,1894.0
LOC,0.9226112,300,307,wikisource_vol2_ch12_letter46.txt,M ' Stein,SIR HERBERT MAXWELL,SEPTEMBER 10 1894,SEPTEMBER,10.0,1894.0
LOC,0.69698566,313,322,wikisource_vol2_ch12_letter46.txt,MacStepha,SIR HERBERT MAXWELL,SEPTEMBER 10 1894,SEPTEMBER,10.0,1894.0
PER,0.5072302,322,324,wikisource_vol2_ch12_letter46.txt,##ne,SIR HERBERT MAXWELL,SEPTEMBER 10 1894,SEPTEMBER,10.0,1894.0
LOC,0.8527005,430,440,wikisource_vol2_ch12_letter46.txt,Cunningham,SIR HERBERT MAXWELL,SEPTEMBER 10 1894,SEPTEMBER,10.0,1894.0
LOC,0.8220529,445,452,wikisource_vol2_ch12_letter46.txt,Renfrew,SIR HERBERT MAXWELL,SEPTEMBER 10 1894,SEPTEMBER,10.0,1894.0
LOC,0.99694014,482,487,wikisource_vol2_ch12_letter46.txt,Clyde,SIR HERBERT MAXWELL,SEPTEMBER 10 1894,SEPTEMBER,10.0,1894.0
LOC,0.8491812,496,514,wikisource_vol2_ch12_letter46.txt,Barony of Bothwell,SIR HERBERT MAXWELL,SEPTEMBER 10 1894,SEPTEMBER,10.0,1894.0
PER,0.99764735,541,550,wikisource_vol2_ch12_letter46.txt,Stevenson,SIR HERBERT MAXWELL,SEPTEMBER 10 1894,SEPTEMBER,10.0,1894.0
PER,0.9761839,554,563,wikisource_vol2_ch12_letter46.txt,Stevenson,SIR HERBERT MAXWELL,SEPTEMBER 10 1894,SEPTEMBER,10.0,1894.0
LOC,0.6498494,614,624,wikisource_vol2_ch12_letter46.txt,Cunningham,SIR HERBERT MAXWELL,SEPTEMBER 10 1894,SEPTEMBER,10.0,1894.0
LOC,0.78496504,639,641,wikisource_vol2_ch12_letter46.txt,Pe,SIR HERBERT MAXWELL,SEPTEMBER 10 1894,SEPTEMBER,10.0,1894.0
PER,0.86550665,641,643,wikisource_vol2_ch12_letter46.txt,##eb,SIR HERBERT MAXWELL,SEPTEMBER 10 1894,SEPTEMBER,10.0,1894.0
LOC,0.5850327,643,646,wikisource_vol2_ch12_letter46.txt,##les,SIR HERBERT MAXWELL,SEPTEMBER 10 1894,SEPTEMBER,10.0,1894.0
LOC,0.6927389,651,661,wikisource_vol2_ch12_letter46.txt,Haddington,SIR HERBERT MAXWELL,SEPTEMBER 10 1894,SEPTEMBER,10.0,1894.0
PER,0.9990802,825,847,wikisource_vol2_ch12_letter46.txt,Robert Louis Stevenson,SIR HERBERT MAXWELL,SEPTEMBER 10 1894,SEPTEMBER,10.0,1894.0
PER,0.6366381,849,850,wikisource_vol2_ch12_letter46.txt,P,SIR HERBERT MAXWELL,SEPTEMBER 10 1894,SEPTEMBER,10.0,1894.0
PER,0.65220803,851,852,wikisource_vol2_ch12_letter46.txt,S,SIR HERBERT MAXWELL,SEPTEMBER 10 1894,SEPTEMBER,10.0,1894.0
PER,0.99913675,946,955,wikisource_vol2_ch12_letter46.txt,Stevenson,SIR HERBERT MAXWELL,SEPTEMBER 10 1894,SEPTEMBER,10.0,1894.0
PER,0.99537283,987,988,wikisource_vol2_ch12_letter46.txt,M,SIR HERBERT MAXWELL,SEPTEMBER 10 1894,SEPTEMBER,10.0,1894.0
PER,0.55260855,988,989,wikisource_vol2_ch12_letter46.txt,',SIR HERBERT MAXWELL,SEPTEMBER 10 1894,SEPTEMBER,10.0,1894.0
PER,0.9167639,989,996,wikisource_vol2_ch12_letter46.txt,Gregors,SIR HERBERT MAXWELL,SEPTEMBER 10 1894,SEPTEMBER,10.0,1894.0
PER,0.9993617,11,28,wikisource_vol2_ch12_letter47.txt,Alison Cunningham,ALISON CUNNINGHAM,OCTOBER 8 1894,OCTOBER,8.0,1894.0
LOC,0.99933743,31,38,wikisource_vol2_ch12_letter47.txt,Vailima,ALISON CUNNINGHAM,OCTOBER 8 1894,OCTOBER,8.0,1894.0
PER,0.9992711,473,478,wikisource_vol2_ch12_letter47.txt,Lloyd,ALISON CUNNINGHAM,OCTOBER 8 1894,OCTOBER,8.0,1894.0
PER,0.99963737,591,597,wikisource_vol2_ch12_letter47.txt,Samson,ALISON CUNNINGHAM,OCTOBER 8 1894,OCTOBER,8.0,1894.0
PER,0.98129404,599,605,wikisource_vol2_ch12_letter47.txt,Austin,ALISON CUNNINGHAM,OCTOBER 8 1894,OCTOBER,8.0,1894.0
LOC,0.9112448,919,926,wikisource_vol2_ch12_letter47.txt,Pacific,ALISON CUNNINGHAM,OCTOBER 8 1894,OCTOBER,8.0,1894.0
LOC,0.99975264,949,958,wikisource_vol2_ch12_letter47.txt,North Sea,ALISON CUNNINGHAM,OCTOBER 8 1894,OCTOBER,8.0,1894.0
PER,0.9561818,1398,1406,wikisource_vol2_ch12_letter47.txt,Tusitala,ALISON CUNNINGHAM,OCTOBER 8 1894,OCTOBER,8.0,1894.0
PER,0.75588727,1665,1667,wikisource_vol2_ch12_letter47.txt,Au,ALISON CUNNINGHAM,OCTOBER 8 1894,OCTOBER,8.0,1894.0
PER,0.99975044,1838,1860,wikisource_vol2_ch12_letter47.txt,Robert Louis Stevenson,ALISON CUNNINGHAM,OCTOBER 8 1894,OCTOBER,8.0,1894.0
PER,0.9988584,11,21,wikisource_vol2_ch12_letter48.txt,James Payn,JAMES PAYN,NOVEMBER 4 1894,NOVEMBER,4.0,1894.0
LOC,0.9995818,23,30,wikisource_vol2_ch12_letter48.txt,Vailima,JAMES PAYN,NOVEMBER 4 1894,NOVEMBER,4.0,1894.0
LOC,0.9998628,32,37,wikisource_vol2_ch12_letter48.txt,Samoa,JAMES PAYN,NOVEMBER 4 1894,NOVEMBER,4.0,1894.0
PER,0.99470687,61,71,wikisource_vol2_ch12_letter48.txt,James Payn,JAMES PAYN,NOVEMBER 4 1894,NOVEMBER,4.0,1894.0
LOC,0.99953127,141,148,wikisource_vol2_ch12_letter48.txt,Vailima,JAMES PAYN,NOVEMBER 4 1894,NOVEMBER,4.0,1894.0
PER,0.9980837,219,227,wikisource_vol2_ch12_letter48.txt,Osbourne,JAMES PAYN,NOVEMBER 4 1894,NOVEMBER,4.0,1894.0
PER,0.99401,305,311,wikisource_vol2_ch12_letter48.txt,Strong,JAMES PAYN,NOVEMBER 4 1894,NOVEMBER,4.0,1894.0
PER,0.999392,417,428,wikisource_vol2_ch12_letter48.txt,Vanderputty,JAMES PAYN,NOVEMBER 4 1894,NOVEMBER,4.0,1894.0
LOC,0.99933964,539,546,wikisource_vol2_ch12_letter48.txt,Curacoa,JAMES PAYN,NOVEMBER 4 1894,NOVEMBER,4.0,1894.0
PER,0.99709976,622,628,wikisource_vol2_ch12_letter48.txt,Strong,JAMES PAYN,NOVEMBER 4 1894,NOVEMBER,4.0,1894.0
PER,0.6984258,1874,1880,wikisource_vol2_ch12_letter48.txt,Guinea,JAMES PAYN,NOVEMBER 4 1894,NOVEMBER,4.0,1894.0
PER,0.90895367,22,36,wikisource_vol2_ch12_letter49.txt,Eeles Vailima,LIEUTENANT EELES,NOVEMBER 24 1894,NOVEMBER,24.0,1894.0
LOC,0.99978393,38,43,wikisource_vol2_ch12_letter49.txt,Samoa,LIEUTENANT EELES,NOVEMBER 24 1894,NOVEMBER,24.0,1894.0
PER,0.9077426,72,77,wikisource_vol2_ch12_letter49.txt,Eeles,LIEUTENANT EELES,NOVEMBER 24 1894,NOVEMBER,24.0,1894.0
PER,0.66591215,141,143,wikisource_vol2_ch12_letter49.txt,Te,LIEUTENANT EELES,NOVEMBER 24 1894,NOVEMBER,24.0,1894.0
PER,0.82238597,193,201,wikisource_vol2_ch12_letter49.txt,Tusitala,LIEUTENANT EELES,NOVEMBER 24 1894,NOVEMBER,24.0,1894.0
LOC,0.99970776,248,254,wikisource_vol2_ch12_letter49.txt,London,LIEUTENANT EELES,NOVEMBER 24 1894,NOVEMBER,24.0,1894.0
LOC,0.9991302,306,312,wikisource_vol2_ch12_letter49.txt,Museum,LIEUTENANT EELES,NOVEMBER 24 1894,NOVEMBER,24.0,1894.0
LOC,0.991475,366,374,wikisource_vol2_ch12_letter49.txt,Monument,LIEUTENANT EELES,NOVEMBER 24 1894,NOVEMBER,24.0,1894.0
PER,0.99792206,569,575,wikisource_vol2_ch12_letter49.txt,Colvin,LIEUTENANT EELES,NOVEMBER 24 1894,NOVEMBER,24.0,1894.0
PER,0.9945755,713,719,wikisource_vol2_ch12_letter49.txt,Colvin,LIEUTENANT EELES,NOVEMBER 24 1894,NOVEMBER,24.0,1894.0
PER,0.99844766,878,889,wikisource_vol2_ch12_letter49.txt,Henry James,LIEUTENANT EELES,NOVEMBER 24 1894,NOVEMBER,24.0,1894.0
LOC,0.9941214,906,927,wikisource_vol2_ch12_letter49.txt,De Vere Mansions West,LIEUTENANT EELES,NOVEMBER 24 1894,NOVEMBER,24.0,1894.0
LOC,0.8378438,1043,1056,wikisource_vol2_ch12_letter49.txt,Cromwell Road,LIEUTENANT EELES,NOVEMBER 24 1894,NOVEMBER,24.0,1894.0
LOC,0.9992605,1100,1110,wikisource_vol2_ch12_letter49.txt,Kensington,LIEUTENANT EELES,NOVEMBER 24 1894,NOVEMBER,24.0,1894.0
LOC,0.9991276,1114,1123,wikisource_vol2_ch12_letter49.txt,Bayswater,LIEUTENANT EELES,NOVEMBER 24 1894,NOVEMBER,24.0,1894.0
PER,0.98269045,1157,1163,wikisource_vol2_ch12_letter49.txt,Colvin,LIEUTENANT EELES,NOVEMBER 24 1894,NOVEMBER,24.0,1894.0
PER,0.99877673,1212,1223,wikisource_vol2_ch12_letter49.txt,Henry James,LIEUTENANT EELES,NOVEMBER 24 1894,NOVEMBER,24.0,1894.0
PER,0.9989646,1337,1343,wikisource_vol2_ch12_letter49.txt,Hoskyn,LIEUTENANT EELES,NOVEMBER 24 1894,NOVEMBER,24.0,1894.0
LOC,0.998146,1392,1399,wikisource_vol2_ch12_letter49.txt,Curacoa,LIEUTENANT EELES,NOVEMBER 24 1894,NOVEMBER,24.0,1894.0
LOC,0.99826044,1502,1511,wikisource_vol2_ch12_letter49.txt,Wallaroos,LIEUTENANT EELES,NOVEMBER 24 1894,NOVEMBER,24.0,1894.0
PER,0.99932957,11,23,wikisource_vol2_ch12_letter5.txt,Edmund Gosse,EDMUND GOSSE,JUNE 10 1893,JUNE,10.0,1893.0
PER,0.9621276,50,55,wikisource_vol2_ch12_letter5.txt,Gosse,EDMUND GOSSE,JUNE 10 1893,JUNE,10.0,1893.0
PER,0.99945474,251,262,wikisource_vol2_ch12_letter5.txt,Henry James,EDMUND GOSSE,JUNE 10 1893,JUNE,10.0,1893.0
PER,0.99959785,867,875,wikisource_vol2_ch12_letter5.txt,J. A. S.,EDMUND GOSSE,JUNE 10 1893,JUNE,10.0,1893.0
PER,0.9985152,15,39,wikisource_vol2_ch12_letter50.txt,Herbert Maxwell Vailima,SIR HERBERT MAXWELL,DECEMBER 1 1894,DECEMBER,1.0,1894.0
LOC,0.9998141,41,46,wikisource_vol2_ch12_letter50.txt,Samoa,SIR HERBERT MAXWELL,DECEMBER 1 1894,DECEMBER,1.0,1894.0
PER,0.99980575,75,82,wikisource_vol2_ch12_letter50.txt,Herbert,SIR HERBERT MAXWELL,DECEMBER 1 1894,DECEMBER,1.0,1894.0
PER,0.9956075,196,205,wikisource_vol2_ch12_letter50.txt,Lyon King,SIR HERBERT MAXWELL,DECEMBER 1 1894,DECEMBER,1.0,1894.0
PER,0.99563015,350,359,wikisource_vol2_ch12_letter50.txt,Stevenson,SIR HERBERT MAXWELL,DECEMBER 1 1894,DECEMBER,1.0,1894.0
PER,0.9981231,365,366,wikisource_vol2_ch12_letter50.txt,M,SIR HERBERT MAXWELL,DECEMBER 1 1894,DECEMBER,1.0,1894.0
PER,0.8017486,366,374,wikisource_vol2_ch12_letter50.txt,' Gregors,SIR HERBERT MAXWELL,DECEMBER 1 1894,DECEMBER,1.0,1894.0
LOC,0.99718827,447,453,wikisource_vol2_ch12_letter50.txt,Heaven,SIR HERBERT MAXWELL,DECEMBER 1 1894,DECEMBER,1.0,1894.0
LOC,0.99682045,499,507,wikisource_vol2_ch12_letter50.txt,Monreith,SIR HERBERT MAXWELL,DECEMBER 1 1894,DECEMBER,1.0,1894.0
PER,0.9616164,583,587,wikisource_vol2_ch12_letter50.txt,Lord,SIR HERBERT MAXWELL,DECEMBER 1 1894,DECEMBER,1.0,1894.0
LOC,0.9796311,591,596,wikisource_vol2_ch12_letter50.txt,Raven,SIR HERBERT MAXWELL,DECEMBER 1 1894,DECEMBER,1.0,1894.0
PER,0.84673846,596,598,wikisource_vol2_ch12_letter50.txt,##sc,SIR HERBERT MAXWELL,DECEMBER 1 1894,DECEMBER,1.0,1894.0
LOC,0.85556203,598,602,wikisource_vol2_ch12_letter50.txt,##raig,SIR HERBERT MAXWELL,DECEMBER 1 1894,DECEMBER,1.0,1894.0
PER,0.99984086,906,913,wikisource_vol2_ch12_letter50.txt,Herbert,SIR HERBERT MAXWELL,DECEMBER 1 1894,DECEMBER,1.0,1894.0
PER,0.9997435,933,955,wikisource_vol2_ch12_letter50.txt,Robert Louis Stevenson,SIR HERBERT MAXWELL,DECEMBER 1 1894,DECEMBER,1.0,1894.0
PER,0.9988159,11,22,wikisource_vol2_ch12_letter51.txt,Andrew Lang,ANDREW LANG,DECEMBER 1 1894,DECEMBER,1.0,1894.0
LOC,0.6302894,24,27,wikisource_vol2_ch12_letter51.txt,Vai,ANDREW LANG,DECEMBER 1 1894,DECEMBER,1.0,1894.0
LOC,0.39117986,27,31,wikisource_vol2_ch12_letter51.txt,##lima,ANDREW LANG,DECEMBER 1 1894,DECEMBER,1.0,1894.0
LOC,0.99976975,33,38,wikisource_vol2_ch12_letter51.txt,Samoa,ANDREW LANG,DECEMBER 1 1894,DECEMBER,1.0,1894.0
PER,0.99946624,94,103,wikisource_vol2_ch12_letter51.txt,Braxfield,ANDREW LANG,DECEMBER 1 1894,DECEMBER,1.0,1894.0
PER,0.99648726,147,154,wikisource_vol2_ch12_letter51.txt,Raeburn,ANDREW LANG,DECEMBER 1 1894,DECEMBER,1.0,1894.0
PER,0.9996783,241,250,wikisource_vol2_ch12_letter51.txt,Braxfield,ANDREW LANG,DECEMBER 1 1894,DECEMBER,1.0,1894.0
PER,0.98253125,368,376,wikisource_vol2_ch12_letter51.txt,Napoleon,ANDREW LANG,DECEMBER 1 1894,DECEMBER,1.0,1894.0
PER,0.694973,516,521,wikisource_vol2_ch12_letter51.txt,Lords,ANDREW LANG,DECEMBER 1 1894,DECEMBER,1.0,1894.0
ORG,0.99825025,644,653,wikisource_vol2_ch12_letter51.txt,Longman ' S,ANDREW LANG,DECEMBER 1 1894,DECEMBER,1.0,1894.0
ORG,0.9985874,714,724,wikisource_vol2_ch12_letter51.txt,Christie ' s,ANDREW LANG,DECEMBER 1 1894,DECEMBER,1.0,1894.0
PER,0.9994132,910,925,wikisource_vol2_ch12_letter51.txt,R. L. Stevenson,ANDREW LANG,DECEMBER 1 1894,DECEMBER,1.0,1894.0
PER,0.9997878,11,23,wikisource_vol2_ch12_letter52.txt,Edmund Gosse,EDMUND GOSSE,DECEMBER 1 1894,DECEMBER,1.0,1894.0
LOC,0.44223398,25,32,wikisource_vol2_ch12_letter52.txt,Vailima,EDMUND GOSSE,DECEMBER 1 1894,DECEMBER,1.0,1894.0
LOC,0.9998354,34,39,wikisource_vol2_ch12_letter52.txt,Samoa,EDMUND GOSSE,DECEMBER 1 1894,DECEMBER,1.0,1894.0
PER,0.9980254,592,599,wikisource_vol2_ch12_letter52.txt,Symonds,EDMUND GOSSE,DECEMBER 1 1894,DECEMBER,1.0,1894.0
ORG,0.993215,1380,1391,wikisource_vol2_ch12_letter52.txt,Savile Club,EDMUND GOSSE,DECEMBER 1 1894,DECEMBER,1.0,1894.0
PER,0.9911872,11,22,wikisource_vol2_ch12_letter6.txt,Henry James,HENRY JAMES,JUNE 17 1893,JUNE,17.0,1893.0
LOC,0.7670264,24,42,wikisource_vol2_ch12_letter6.txt,Vailima Plantation,HENRY JAMES,JUNE 17 1893,JUNE,17.0,1893.0
LOC,0.9996639,44,58,wikisource_vol2_ch12_letter6.txt,Samoan Islands,HENRY JAMES,JUNE 17 1893,JUNE,17.0,1893.0
PER,0.9991387,85,96,wikisource_vol2_ch12_letter6.txt,Henry James,HENRY JAMES,JUNE 17 1893,JUNE,17.0,1893.0
LOC,0.99951434,361,367,wikisource_vol2_ch12_letter6.txt,Sydney,HENRY JAMES,JUNE 17 1893,JUNE,17.0,1893.0
PER,0.99521786,657,662,wikisource_vol2_ch12_letter6.txt,Aweel,HENRY JAMES,JUNE 17 1893,JUNE,17.0,1893.0
PER,0.99935424,721,726,wikisource_vol2_ch12_letter6.txt,Bonny,HENRY JAMES,JUNE 17 1893,JUNE,17.0,1893.0
PER,0.9997439,808,813,wikisource_vol2_ch12_letter6.txt,Fanny,HENRY JAMES,JUNE 17 1893,JUNE,17.0,1893.0
PER,0.9992486,1716,1730,wikisource_vol2_ch12_letter6.txt,Anatole France,HENRY JAMES,JUNE 17 1893,JUNE,17.0,1893.0
PER,0.99947757,1776,1783,wikisource_vol2_ch12_letter6.txt,Anatole,HENRY JAMES,JUNE 17 1893,JUNE,17.0,1893.0
PER,0.8574495,1837,1843,wikisource_vol2_ch12_letter6.txt,Marbot,HENRY JAMES,JUNE 17 1893,JUNE,17.0,1893.0
PER,0.9122206,1894,1912,wikisource_vol2_ch12_letter6.txt,Baron de Vitrolles,HENRY JAMES,JUNE 17 1893,JUNE,17.0,1893.0
PER,0.9665794,11,25,wikisource_vol2_ch12_letter7.txt,Henry James A,HENRY JAMES,JULY 1893,JULY,,1893.0
LOC,0.5475448,25,28,wikisource_vol2_ch12_letter7.txt,##pia,HENRY JAMES,JULY 1893,JULY,,1893.0
PER,0.9851984,49,60,wikisource_vol2_ch12_letter7.txt,Henry James,HENRY JAMES,JULY 1893,JULY,,1893.0
PER,0.9992248,860,865,wikisource_vol2_ch12_letter7.txt,James,HENRY JAMES,JULY 1893,JULY,,1893.0
LOC,0.84984565,982,994,wikisource_vol2_ch12_letter7.txt,Fountainhall,HENRY JAMES,JULY 1893,JULY,,1893.0
PER,0.9994863,1569,1575,wikisource_vol2_ch12_letter7.txt,Roland,HENRY JAMES,JULY 1893,JULY,,1893.0
PER,0.99949133,1693,1699,wikisource_vol2_ch12_letter7.txt,Roland,HENRY JAMES,JULY 1893,JULY,,1893.0
PER,0.9990013,1731,1738,wikisource_vol2_ch12_letter7.txt,R. L. S,HENRY JAMES,JULY 1893,JULY,,1893.0
PER,0.9995481,11,25,wikisource_vol2_ch12_letter8.txt,A. Conan Doyle,A. CONAN DOYLE,JULY 12 1893,JULY,12.0,1893.0
LOC,0.99934375,27,34,wikisource_vol2_ch12_letter8.txt,Vailima,A. CONAN DOYLE,JULY 12 1893,JULY,12.0,1893.0
PER,0.9628269,63,74,wikisource_vol2_ch12_letter8.txt,Conan Doyle,A. CONAN DOYLE,JULY 12 1893,JULY,12.0,1893.0
ORG,0.9988921,82,95,wikisource_vol2_ch12_letter8.txt,White Company,A. CONAN DOYLE,JULY 12 1893,JULY,12.0,1893.0
PER,0.9812144,349,354,wikisource_vol2_ch12_letter8.txt,Doyle,A. CONAN DOYLE,JULY 12 1893,JULY,12.0,1893.0
PER,0.9925053,361,370,wikisource_vol2_ch12_letter8.txt,Stevenson,A. CONAN DOYLE,JULY 12 1893,JULY,12.0,1893.0
LOC,0.99977875,534,547,wikisource_vol2_ch12_letter8.txt,San Francisco,A. CONAN DOYLE,JULY 12 1893,JULY,12.0,1893.0
LOC,0.9998016,577,582,wikisource_vol2_ch12_letter8.txt,Samoa,A. CONAN DOYLE,JULY 12 1893,JULY,12.0,1893.0
LOC,0.9997676,655,663,wikisource_vol2_ch12_letter8.txt,Auckland,A. CONAN DOYLE,JULY 12 1893,JULY,12.0,1893.0
LOC,0.98890996,668,673,wikisource_vol2_ch12_letter8.txt,Upolu,A. CONAN DOYLE,JULY 12 1893,JULY,12.0,1893.0
LOC,0.9997408,705,710,wikisource_vol2_ch12_letter8.txt,Tonga,A. CONAN DOYLE,JULY 12 1893,JULY,12.0,1893.0
LOC,0.9997516,724,728,wikisource_vol2_ch12_letter8.txt,Fiji,A. CONAN DOYLE,JULY 12 1893,JULY,12.0,1893.0
LOC,0.99530935,800,807,wikisource_vol2_ch12_letter8.txt,Vailima,A. CONAN DOYLE,JULY 12 1893,JULY,12.0,1893.0
PER,0.99982643,1120,1142,wikisource_vol2_ch12_letter8.txt,Robert Louis Stevenson,A. CONAN DOYLE,JULY 12 1893,JULY,12.0,1893.0
PER,0.99948895,11,25,wikisource_vol2_ch12_letter9.txt,Charles Baxter,CHARLES BAXTER,JULY 19 1893,JULY,19.0,1893.0
ORG,0.9989421,81,104,wikisource_vol2_ch12_letter9.txt,Illustrated London News,CHARLES BAXTER,JULY 19 1893,JULY,19.0,1893.0
LOC,0.99949455,870,880,wikisource_vol2_ch12_letter9.txt,Birmingham,CHARLES BAXTER,JULY 19 1893,JULY,19.0,1893.0
PER,0.999116,1388,1394,wikisource_vol2_ch12_letter9.txt,Walter,CHARLES BAXTER,JULY 19 1893,JULY,19.0,1893.0
PER,0.9934352,1431,1438,wikisource_vol2_ch12_letter9.txt,R. L. S,CHARLES BAXTER,JULY 19 1893,JULY,19.0,1893.0
PER,0.9994491,16,25,wikisource_vol2_ch8_letter1.txt,De Mattos,MRS. DE MATTOS,JANUARY 1 1886,JANUARY,1.0,1886.0
LOC,0.9539025,28,38,wikisource_vol2_ch8_letter1.txt,Skerryvore,MRS. DE MATTOS,JANUARY 1 1886,JANUARY,1.0,1886.0
LOC,0.9990878,40,51,wikisource_vol2_ch8_letter1.txt,Bournemouth,MRS. DE MATTOS,JANUARY 1 1886,JANUARY,1.0,1886.0
PER,0.9997003,81,90,wikisource_vol2_ch8_letter1.txt,Katharine,MRS. DE MATTOS,JANUARY 1 1886,JANUARY,1.0,1886.0
PER,0.99794406,593,599,wikisource_vol2_ch8_letter1.txt,Jekyll,MRS. DE MATTOS,JANUARY 1 1886,JANUARY,1.0,1886.0
LOC,0.99633723,609,627,wikisource_vol2_ch8_letter1.txt,Hyde. R. L. S. Ave,MRS. DE MATTOS,JANUARY 1 1886,JANUARY,1.0,1886.0
LOC,0.9660433,742,751,wikisource_vol2_ch8_letter1.txt,Pentlands,MRS. DE MATTOS,JANUARY 1 1886,JANUARY,1.0,1886.0
PER,0.99968696,865,868,wikisource_vol2_ch8_letter1.txt,God,MRS. DE MATTOS,JANUARY 1 1886,JANUARY,1.0,1886.0
PER,0.74640715,1048,1055,wikisource_vol2_ch8_letter1.txt,R. L. S,MRS. DE MATTOS,JANUARY 1 1886,JANUARY,1.0,1886.0
PER,0.949905,11,24,wikisource_vol2_ch8_letter10.txt,J. A. Symonds,J. A. SYMONDS,SPRING 1886,SPRING,,1886.0
LOC,0.99882376,38,49,wikisource_vol2_ch8_letter10.txt,Bournemouth,J. A. SYMONDS,SPRING 1886,SPRING,,1886.0
LOC,0.8302164,216,217,wikisource_vol2_ch8_letter10.txt,S,J. A. SYMONDS,SPRING 1886,SPRING,,1886.0
LOC,0.988713,339,344,wikisource_vol2_ch8_letter10.txt,Davos,J. A. SYMONDS,SPRING 1886,SPRING,,1886.0
LOC,0.99820757,485,496,wikisource_vol2_ch8_letter10.txt,Bournemouth,J. A. SYMONDS,SPRING 1886,SPRING,,1886.0
PER,0.9656803,590,596,wikisource_vol2_ch8_letter10.txt,Jekyll,J. A. SYMONDS,SPRING 1886,SPRING,,1886.0
PER,0.99852186,779,791,wikisource_vol2_ch8_letter10.txt,Raskolnikoff,J. A. SYMONDS,SPRING 1886,SPRING,,1886.0
PER,0.9995417,891,902,wikisource_vol2_ch8_letter10.txt,Henry James,J. A. SYMONDS,SPRING 1886,SPRING,,1886.0
PER,0.9997025,996,1001,wikisource_vol2_ch8_letter10.txt,James,J. A. SYMONDS,SPRING 1886,SPRING,,1886.0
PER,0.9997416,1047,1059,wikisource_vol2_ch8_letter10.txt,Raskolnikoff,J. A. SYMONDS,SPRING 1886,SPRING,,1886.0
PER,0.9993685,1611,1616,wikisource_vol2_ch8_letter10.txt,Sonia,J. A. SYMONDS,SPRING 1886,SPRING,,1886.0
PER,0.99963605,1692,1704,wikisource_vol2_ch8_letter10.txt,Raskolnikoff,J. A. SYMONDS,SPRING 1886,SPRING,,1886.0
PER,0.99881923,11,20,wikisource_vol2_ch8_letter11.txt,W. H. Low,W. H. LOW,MARCH 1886,MARCH,,1886.0
LOC,0.9583914,23,33,wikisource_vol2_ch8_letter11.txt,Skerryvore,W. H. LOW,MARCH 1886,MARCH,,1886.0
LOC,0.9988916,35,46,wikisource_vol2_ch8_letter11.txt,Bournemouth,W. H. LOW,MARCH 1886,MARCH,,1886.0
LOC,0.9886521,1015,1020,wikisource_vol2_ch8_letter11.txt,Rhone,W. H. LOW,MARCH 1886,MARCH,,1886.0
PER,0.99387515,16,31,wikisource_vol2_ch8_letter12.txt,Fleeming Jenkin,MRS. FLEEMING JENKIN,APRIL 1886,APRIL,,1886.0
LOC,0.9900023,34,35,wikisource_vol2_ch8_letter12.txt,S,MRS. FLEEMING JENKIN,APRIL 1886,APRIL,,1886.0
LOC,0.91384697,35,44,wikisource_vol2_ch8_letter12.txt,##kerryvore,MRS. FLEEMING JENKIN,APRIL 1886,APRIL,,1886.0
LOC,0.9989387,46,57,wikisource_vol2_ch8_letter12.txt,Bournemouth,MRS. FLEEMING JENKIN,APRIL 1886,APRIL,,1886.0
PER,0.97566354,85,91,wikisource_vol2_ch8_letter12.txt,Jenkin,MRS. FLEEMING JENKIN,APRIL 1886,APRIL,,1886.0
PER,0.9545341,226,234,wikisource_vol2_ch8_letter12.txt,Fleeming,MRS. FLEEMING JENKIN,APRIL 1886,APRIL,,1886.0
LOC,0.6466762,327,333,wikisource_vol2_ch8_letter12.txt,Savile,MRS. FLEEMING JENKIN,APRIL 1886,APRIL,,1886.0
PER,0.9589351,438,446,wikisource_vol2_ch8_letter12.txt,Fleeming,MRS. FLEEMING JENKIN,APRIL 1886,APRIL,,1886.0
PER,0.9995678,643,648,wikisource_vol2_ch8_letter12.txt,Fanny,MRS. FLEEMING JENKIN,APRIL 1886,APRIL,,1886.0
PER,0.9975183,997,1003,wikisource_vol2_ch8_letter12.txt,Litolf,MRS. FLEEMING JENKIN,APRIL 1886,APRIL,,1886.0
PER,0.97326905,1426,1431,wikisource_vol2_ch8_letter12.txt,Lully,MRS. FLEEMING JENKIN,APRIL 1886,APRIL,,1886.0
PER,0.9499794,1433,1439,wikisource_vol2_ch8_letter12.txt,Rameau,MRS. FLEEMING JENKIN,APRIL 1886,APRIL,,1886.0
PER,0.994692,1441,1448,wikisource_vol2_ch8_letter12.txt,Martini,MRS. FLEEMING JENKIN,APRIL 1886,APRIL,,1886.0
PER,0.99973196,1507,1511,wikisource_vol2_ch8_letter12.txt,Bach,MRS. FLEEMING JENKIN,APRIL 1886,APRIL,,1886.0
PER,0.99535197,1760,1767,wikisource_vol2_ch8_letter12.txt,R. L. S,MRS. FLEEMING JENKIN,APRIL 1886,APRIL,,1886.0
PER,0.56815434,1793,1795,wikisource_vol2_ch8_letter12.txt,Lu,MRS. FLEEMING JENKIN,APRIL 1886,APRIL,,1886.0
PER,0.9994792,11,27,wikisource_vol2_ch8_letter13.txt,Thomas Stevenson,THOMAS STEVENSON,MARCH 1886,MARCH,,1886.0
LOC,0.8816225,30,40,wikisource_vol2_ch8_letter13.txt,Skerryvore,THOMAS STEVENSON,MARCH 1886,MARCH,,1886.0
LOC,0.998803,42,53,wikisource_vol2_ch8_letter13.txt,Bournemouth,THOMAS STEVENSON,MARCH 1886,MARCH,,1886.0
PER,0.9995715,90,95,wikisource_vol2_ch8_letter13.txt,David,THOMAS STEVENSON,MARCH 1886,MARCH,,1886.0
LOC,0.9962431,289,297,wikisource_vol2_ch8_letter13.txt,Carlisle,THOMAS STEVENSON,MARCH 1886,MARCH,,1886.0
PER,0.9997558,366,372,wikisource_vol2_ch8_letter13.txt,Jekyll,THOMAS STEVENSON,MARCH 1886,MARCH,,1886.0
PER,0.99965894,390,394,wikisource_vol2_ch8_letter13.txt,Hyde,THOMAS STEVENSON,MARCH 1886,MARCH,,1886.0
PER,0.99978834,559,564,wikisource_vol2_ch8_letter13.txt,David,THOMAS STEVENSON,MARCH 1886,MARCH,,1886.0
PER,0.99885124,566,572,wikisource_vol2_ch8_letter13.txt,Colvin,THOMAS STEVENSON,MARCH 1886,MARCH,,1886.0
PER,0.9992778,587,593,wikisource_vol2_ch8_letter13.txt,Henley,THOMAS STEVENSON,MARCH 1886,MARCH,,1886.0
PER,0.99954647,595,600,wikisource_vol2_ch8_letter13.txt,Fanny,THOMAS STEVENSON,MARCH 1886,MARCH,,1886.0
PER,0.9990295,842,848,wikisource_vol2_ch8_letter13.txt,Colvin,THOMAS STEVENSON,MARCH 1886,MARCH,,1886.0
PER,0.9998253,887,892,wikisource_vol2_ch8_letter13.txt,David,THOMAS STEVENSON,MARCH 1886,MARCH,,1886.0
PER,0.99969983,897,907,wikisource_vol2_ch8_letter13.txt,Alan Breck,THOMAS STEVENSON,MARCH 1886,MARCH,,1886.0
PER,0.99980545,973,980,wikisource_vol2_ch8_letter13.txt,R. L. S,THOMAS STEVENSON,MARCH 1886,MARCH,,1886.0
PER,0.9993421,16,31,wikisource_vol2_ch8_letter14.txt,Fleeming Jenkin,MRS. FLEEMING JENKIN,APRIL 15 1886,APRIL,15.0,1886.0
LOC,0.8633041,34,44,wikisource_vol2_ch8_letter14.txt,Skerryvore,MRS. FLEEMING JENKIN,APRIL 15 1886,APRIL,15.0,1886.0
LOC,0.9994409,46,57,wikisource_vol2_ch8_letter14.txt,Bournemouth,MRS. FLEEMING JENKIN,APRIL 15 1886,APRIL,15.0,1886.0
PER,0.9974799,122,128,wikisource_vol2_ch8_letter14.txt,Jenkin,MRS. FLEEMING JENKIN,APRIL 15 1886,APRIL,15.0,1886.0
PER,0.99337316,281,289,wikisource_vol2_ch8_letter14.txt,Schumann,MRS. FLEEMING JENKIN,APRIL 15 1886,APRIL,15.0,1886.0
LOC,0.93948877,831,837,wikisource_vol2_ch8_letter14.txt,Curtin,MRS. FLEEMING JENKIN,APRIL 15 1886,APRIL,15.0,1886.0
LOC,0.9998493,930,937,wikisource_vol2_ch8_letter14.txt,England,MRS. FLEEMING JENKIN,APRIL 15 1886,APRIL,15.0,1886.0
LOC,0.99977535,1423,1429,wikisource_vol2_ch8_letter14.txt,States,MRS. FLEEMING JENKIN,APRIL 15 1886,APRIL,15.0,1886.0
PER,0.9981243,16,31,wikisource_vol2_ch8_letter15.txt,Fleeming Jenkin,MRS. FLEEMING JENKIN,APRIL 1886,APRIL,,1886.0
LOC,0.98686695,34,35,wikisource_vol2_ch8_letter15.txt,S,MRS. FLEEMING JENKIN,APRIL 1886,APRIL,,1886.0
LOC,0.899569,35,44,wikisource_vol2_ch8_letter15.txt,##kerryvore,MRS. FLEEMING JENKIN,APRIL 1886,APRIL,,1886.0
LOC,0.99908185,46,57,wikisource_vol2_ch8_letter15.txt,Bournemouth,MRS. FLEEMING JENKIN,APRIL 1886,APRIL,,1886.0
PER,0.9763198,85,91,wikisource_vol2_ch8_letter15.txt,Jenkin,MRS. FLEEMING JENKIN,APRIL 1886,APRIL,,1886.0
PER,0.99941885,519,524,wikisource_vol2_ch8_letter15.txt,Ewing,MRS. FLEEMING JENKIN,APRIL 1886,APRIL,,1886.0
PER,0.99882,733,738,wikisource_vol2_ch8_letter15.txt,Ewing,MRS. FLEEMING JENKIN,APRIL 1886,APRIL,,1886.0
ORG,0.8472377,1066,1072,wikisource_vol2_ch8_letter15.txt,Trelat,MRS. FLEEMING JENKIN,APRIL 1886,APRIL,,1886.0
PER,0.99441034,1220,1228,wikisource_vol2_ch8_letter15.txt,Fleeming,MRS. FLEEMING JENKIN,APRIL 1886,APRIL,,1886.0
PER,0.9990278,1421,1437,wikisource_vol2_ch8_letter15.txt,Peter the Hermit,MRS. FLEEMING JENKIN,APRIL 1886,APRIL,,1886.0
LOC,0.9971814,1460,1472,wikisource_vol2_ch8_letter15.txt,Fleet Street,MRS. FLEEMING JENKIN,APRIL 1886,APRIL,,1886.0
PER,0.94206977,16,25,wikisource_vol2_ch8_letter16.txt,Rawlinson,MISS RAWLINSON,APRIL 1886,APRIL,,1886.0
LOC,0.7312151,28,38,wikisource_vol2_ch8_letter16.txt,Skerryvore,MISS RAWLINSON,APRIL 1886,APRIL,,1886.0
LOC,0.99842215,40,51,wikisource_vol2_ch8_letter16.txt,Bournemouth,MISS RAWLINSON,APRIL 1886,APRIL,,1886.0
PER,0.9997139,336,358,wikisource_vol2_ch8_letter16.txt,Robert Louis Stevenson,MISS RAWLINSON,APRIL 1886,APRIL,,1886.0
PER,0.99686563,16,34,wikisource_vol2_ch8_letter17.txt,Monroe Skerryvore,MISS MONROE,MAY 25 1886,MAY,25.0,1886.0
LOC,0.9993827,36,47,wikisource_vol2_ch8_letter17.txt,Bournemouth,MISS MONROE,MAY 25 1886,MAY,25.0,1886.0
PER,0.99932384,75,81,wikisource_vol2_ch8_letter17.txt,Monroe,MISS MONROE,MAY 25 1886,MAY,25.0,1886.0
PER,0.91430086,341,349,wikisource_vol2_ch8_letter17.txt,Countess,MISS MONROE,MAY 25 1886,MAY,25.0,1886.0
PER,0.9999019,416,420,wikisource_vol2_ch8_letter17.txt,Otto,MISS MONROE,MAY 25 1886,MAY,25.0,1886.0
PER,0.9999031,519,523,wikisource_vol2_ch8_letter17.txt,Otto,MISS MONROE,MAY 25 1886,MAY,25.0,1886.0
PER,0.99989057,836,840,wikisource_vol2_ch8_letter17.txt,Otto,MISS MONROE,MAY 25 1886,MAY,25.0,1886.0
PER,0.99973863,1252,1261,wikisource_vol2_ch8_letter17.txt,Seraphina,MISS MONROE,MAY 25 1886,MAY,25.0,1886.0
PER,0.9998921,1287,1291,wikisource_vol2_ch8_letter17.txt,Otto,MISS MONROE,MAY 25 1886,MAY,25.0,1886.0
PER,0.9996906,1360,1369,wikisource_vol2_ch8_letter17.txt,Seraphina,MISS MONROE,MAY 25 1886,MAY,25.0,1886.0
PER,0.9998535,1763,1769,wikisource_vol2_ch8_letter17.txt,Monroe,MISS MONROE,MAY 25 1886,MAY,25.0,1886.0
LOC,0.9993956,1793,1801,wikisource_vol2_ch8_letter17.txt,Scotland,MISS MONROE,MAY 25 1886,MAY,25.0,1886.0
PER,0.97870046,16,22,wikisource_vol2_ch8_letter18.txt,Monroe,MISS MONROE,JUNE 1886,JUNE,,1886.0
LOC,0.9397386,25,35,wikisource_vol2_ch8_letter18.txt,Skerryvore,MISS MONROE,JUNE 1886,JUNE,,1886.0
LOC,0.99918985,37,48,wikisource_vol2_ch8_letter18.txt,Bournemouth,MISS MONROE,JUNE 1886,JUNE,,1886.0
PER,0.9763706,75,81,wikisource_vol2_ch8_letter18.txt,Monroe,MISS MONROE,JUNE 1886,JUNE,,1886.0
PER,0.9679938,11,32,wikisource_vol2_ch8_letter19.txt,R. A. M. Stevenson S,R. A. M. STEVENSON,JULY 1886,JULY,,1886.0
LOC,0.40662184,32,35,wikisource_vol2_ch8_letter19.txt,##ker,R. A. M. STEVENSON,JULY 1886,JULY,,1886.0
PER,0.5878151,35,41,wikisource_vol2_ch8_letter19.txt,##ryvore,R. A. M. STEVENSON,JULY 1886,JULY,,1886.0
LOC,0.9984043,43,54,wikisource_vol2_ch8_letter19.txt,Bournemouth,R. A. M. STEVENSON,JULY 1886,JULY,,1886.0
PER,0.9990821,1003,1007,wikisource_vol2_ch8_letter19.txt,Bach,R. A. M. STEVENSON,JULY 1886,JULY,,1886.0
PER,0.99903315,1218,1233,wikisource_vol2_ch8_letter19.txt,R. L. Stevenson,R. A. M. STEVENSON,JULY 1886,JULY,,1886.0
PER,0.8674828,1549,1556,wikisource_vol2_ch8_letter19.txt,Colomba,R. A. M. STEVENSON,JULY 1886,JULY,,1886.0
PER,0.9996976,1631,1651,wikisource_vol2_ch8_letter19.txt,Ludwig van Beethoven,R. A. M. STEVENSON,JULY 1886,JULY,,1886.0
PER,0.9996206,1753,1769,wikisource_vol2_ch8_letter19.txt,Pimperly Stipple,R. A. M. STEVENSON,JULY 1886,JULY,,1886.0
PER,0.9991145,1815,1819,wikisource_vol2_ch8_letter19.txt,Lenz,R. A. M. STEVENSON,JULY 1886,JULY,,1886.0
PER,0.99976414,11,28,wikisource_vol2_ch8_letter2.txt,Alison Cunningham,ALISON CUNNINGHAM,1886,,,1886.0
LOC,0.96554947,31,41,wikisource_vol2_ch8_letter2.txt,Skerryvore,ALISON CUNNINGHAM,1886,,,1886.0
LOC,0.9993986,43,54,wikisource_vol2_ch8_letter2.txt,Bournemouth,ALISON CUNNINGHAM,1886,,,1886.0
PER,0.9994894,525,531,wikisource_vol2_ch8_letter2.txt,Lawrie,ALISON CUNNINGHAM,1886,,,1886.0
PER,0.99965227,1284,1287,wikisource_vol2_ch8_letter2.txt,God,ALISON CUNNINGHAM,1886,,,1886.0
PER,0.9996642,1547,1550,wikisource_vol2_ch8_letter2.txt,God,ALISON CUNNINGHAM,1886,,,1886.0
PER,0.99914545,1724,1729,wikisource_vol2_ch8_letter2.txt,Cummy,ALISON CUNNINGHAM,1886,,,1886.0
PER,0.9997085,1815,1837,wikisource_vol2_ch8_letter2.txt,Robert Louis Stevenson,ALISON CUNNINGHAM,1886,,,1886.0
PER,0.97615296,11,41,wikisource_vol2_ch8_letter20.txt,R. A. M. Stevenson Skerryvore,R. A. M. STEVENSON,JULY 1886,JULY,,1886.0
LOC,0.99782324,43,54,wikisource_vol2_ch8_letter20.txt,Bournemouth,R. A. M. STEVENSON,JULY 1886,JULY,,1886.0
PER,0.99499476,73,76,wikisource_vol2_ch8_letter20.txt,Bob,R. A. M. STEVENSON,JULY 1886,JULY,,1886.0
PER,0.99981874,211,220,wikisource_vol2_ch8_letter20.txt,Beethoven,R. A. M. STEVENSON,JULY 1886,JULY,,1886.0
PER,0.9998622,495,498,wikisource_vol2_ch8_letter20.txt,God,R. A. M. STEVENSON,JULY 1886,JULY,,1886.0
PER,0.8406115,539,546,wikisource_vol2_ch8_letter20.txt,Maestro,R. A. M. STEVENSON,JULY 1886,JULY,,1886.0
PER,0.9912899,24,52,wikisource_vol2_ch8_letter21.txt,Thomas Stevenson Skerryvore,MR. AND MRS. THOMAS STEVENSON,JULY 7 1886,JULY,7.0,1886.0
LOC,0.99891466,54,65,wikisource_vol2_ch8_letter21.txt,Bournemouth,MR. AND MRS. THOMAS STEVENSON,JULY 7 1886,JULY,7.0,1886.0
LOC,0.9991099,220,231,wikisource_vol2_ch8_letter21.txt,Bournemouth,MR. AND MRS. THOMAS STEVENSON,JULY 7 1886,JULY,7.0,1886.0
LOC,0.9044842,434,445,wikisource_vol2_ch8_letter21.txt,Kirkmichael,MR. AND MRS. THOMAS STEVENSON,JULY 7 1886,JULY,7.0,1886.0
PER,0.9996137,695,704,wikisource_vol2_ch8_letter21.txt,Alexander,MR. AND MRS. THOMAS STEVENSON,JULY 7 1886,JULY,7.0,1886.0
PER,0.9944992,797,802,wikisource_vol2_ch8_letter21.txt,Rajah,MR. AND MRS. THOMAS STEVENSON,JULY 7 1886,JULY,7.0,1886.0
PER,0.99835706,865,867,wikisource_vol2_ch8_letter21.txt,F.,MR. AND MRS. THOMAS STEVENSON,JULY 7 1886,JULY,7.0,1886.0
PER,0.9996877,872,877,wikisource_vol2_ch8_letter21.txt,Lloyd,MR. AND MRS. THOMAS STEVENSON,JULY 7 1886,JULY,7.0,1886.0
PER,0.9991493,962,967,wikisource_vol2_ch8_letter21.txt,Lloyd,MR. AND MRS. THOMAS STEVENSON,JULY 7 1886,JULY,7.0,1886.0
PER,0.8458117,1207,1217,wikisource_vol2_ch8_letter21.txt,R. L. S. P,MR. AND MRS. THOMAS STEVENSON,JULY 7 1886,JULY,7.0,1886.0
PER,0.65129536,1218,1219,wikisource_vol2_ch8_letter21.txt,S,MR. AND MRS. THOMAS STEVENSON,JULY 7 1886,JULY,7.0,1886.0
PER,0.76088166,1446,1453,wikisource_vol2_ch8_letter21.txt,R. L. S,MR. AND MRS. THOMAS STEVENSON,JULY 7 1886,JULY,7.0,1886.0
PER,0.99967194,11,25,wikisource_vol2_ch8_letter22.txt,Charles Baxter,CHARLES BAXTER,JULY 1886,JULY,,1886.0
LOC,0.97265184,28,38,wikisource_vol2_ch8_letter22.txt,Skerryvore,CHARLES BAXTER,JULY 1886,JULY,,1886.0
LOC,0.9992033,40,51,wikisource_vol2_ch8_letter22.txt,Bournemouth,CHARLES BAXTER,JULY 1886,JULY,,1886.0
PER,0.99975294,70,77,wikisource_vol2_ch8_letter22.txt,Charles,CHARLES BAXTER,JULY 1886,JULY,,1886.0
PER,0.99907655,284,290,wikisource_vol2_ch8_letter22.txt,Dauvit,CHARLES BAXTER,JULY 1886,JULY,,1886.0
PER,0.9996295,348,358,wikisource_vol2_ch8_letter22.txt,Rankeillor,CHARLES BAXTER,JULY 1886,JULY,,1886.0
PER,0.9894931,508,518,wikisource_vol2_ch8_letter22.txt,Puggy Deas,CHARLES BAXTER,JULY 1886,JULY,,1886.0
PER,0.99719536,534,541,wikisource_vol2_ch8_letter22.txt,R. L. S,CHARLES BAXTER,JULY 1886,JULY,,1886.0
PER,0.999246,11,27,wikisource_vol2_ch8_letter23.txt,Thomas Stevenson,THOMAS STEVENSON,JULY 28 1886,JULY,28.0,1886.0
LOC,0.98659116,30,40,wikisource_vol2_ch8_letter23.txt,Skerryvore,THOMAS STEVENSON,JULY 28 1886,JULY,28.0,1886.0
LOC,0.99931216,42,53,wikisource_vol2_ch8_letter23.txt,Bournemouth,THOMAS STEVENSON,JULY 28 1886,JULY,28.0,1886.0
LOC,0.99983203,120,128,wikisource_vol2_ch8_letter23.txt,Scotland,THOMAS STEVENSON,JULY 28 1886,JULY,28.0,1886.0
PER,0.9909933,148,154,wikisource_vol2_ch8_letter23.txt,Dobell,THOMAS STEVENSON,JULY 28 1886,JULY,28.0,1886.0
LOC,0.9998079,268,275,wikisource_vol2_ch8_letter23.txt,England,THOMAS STEVENSON,JULY 28 1886,JULY,28.0,1886.0
PER,0.99980587,282,286,wikisource_vol2_ch8_letter23.txt,Alan,THOMAS STEVENSON,JULY 28 1886,JULY,28.0,1886.0
PER,0.99975234,336,341,wikisource_vol2_ch8_letter23.txt,Lloyd,THOMAS STEVENSON,JULY 28 1886,JULY,28.0,1886.0
LOC,0.997777,354,360,wikisource_vol2_ch8_letter23.txt,Scilly,THOMAS STEVENSON,JULY 28 1886,JULY,28.0,1886.0
PER,0.99943405,366,375,wikisource_vol2_ch8_letter23.txt,Katharine,THOMAS STEVENSON,JULY 28 1886,JULY,28.0,1886.0
PER,0.9972577,380,382,wikisource_vol2_ch8_letter23.txt,C.,THOMAS STEVENSON,JULY 28 1886,JULY,28.0,1886.0
PER,0.9996996,432,437,wikisource_vol2_ch8_letter23.txt,David,THOMAS STEVENSON,JULY 28 1886,JULY,28.0,1886.0
PER,0.99942887,687,693,wikisource_vol2_ch8_letter23.txt,Coolin,THOMAS STEVENSON,JULY 28 1886,JULY,28.0,1886.0
LOC,0.99262404,943,950,wikisource_vol2_ch8_letter23.txt,Gullane,THOMAS STEVENSON,JULY 28 1886,JULY,28.0,1886.0
LOC,0.9982248,1262,1275,wikisource_vol2_ch8_letter23.txt,North Berwick,THOMAS STEVENSON,JULY 28 1886,JULY,28.0,1886.0
PER,0.9997163,1419,1426,wikisource_vol2_ch8_letter23.txt,R. L. S,THOMAS STEVENSON,JULY 28 1886,JULY,28.0,1886.0
PER,0.9958097,16,32,wikisource_vol2_ch8_letter24.txt,Thomas Stevenson,MRS. THOMAS STEVENSON,AUGUST 10 1886,AUGUST,10.0,1886.0
LOC,0.9880826,34,48,wikisource_vol2_ch8_letter24.txt,British Museum,MRS. THOMAS STEVENSON,AUGUST 10 1886,AUGUST,10.0,1886.0
PER,0.9840919,177,185,wikisource_vol2_ch8_letter24.txt,Richmond,MRS. THOMAS STEVENSON,AUGUST 10 1886,AUGUST,10.0,1886.0
PER,0.9996316,245,256,wikisource_vol2_ch8_letter24.txt,Burne - Jones,MRS. THOMAS STEVENSON,AUGUST 10 1886,AUGUST,10.0,1886.0
PER,0.9994098,267,275,wikisource_vol2_ch8_letter24.txt,Browning,MRS. THOMAS STEVENSON,AUGUST 10 1886,AUGUST,10.0,1886.0
LOC,0.9962955,395,400,wikisource_vol2_ch8_letter24.txt,Paris,MRS. THOMAS STEVENSON,AUGUST 10 1886,AUGUST,10.0,1886.0
LOC,0.99183536,492,497,wikisource_vol2_ch8_letter24.txt,Paris,MRS. THOMAS STEVENSON,AUGUST 10 1886,AUGUST,10.0,1886.0
PER,0.99973536,552,559,wikisource_vol2_ch8_letter24.txt,R. L. S,MRS. THOMAS STEVENSON,AUGUST 10 1886,AUGUST,10.0,1886.0
PER,0.99940497,11,19,wikisource_vol2_ch8_letter25.txt,T. Watts,T. WATTS,SEPTEMBER 1886,SEPTEMBER,,1886.0
LOC,0.93814415,20,22,wikisource_vol2_ch8_letter25.txt,Du,T. WATTS,SEPTEMBER 1886,SEPTEMBER,,1886.0
PER,0.96648043,22,38,wikisource_vol2_ch8_letter25.txt,##nton Skerryvore,T. WATTS,SEPTEMBER 1886,SEPTEMBER,,1886.0
LOC,0.9983691,40,51,wikisource_vol2_ch8_letter25.txt,Bournemouth,T. WATTS,SEPTEMBER 1886,SEPTEMBER,,1886.0
PER,0.999366,79,84,wikisource_vol2_ch8_letter25.txt,Watts,T. WATTS,SEPTEMBER 1886,SEPTEMBER,,1886.0
PER,0.54116887,210,213,wikisource_vol2_ch8_letter25.txt,Kid,T. WATTS,SEPTEMBER 1886,SEPTEMBER,,1886.0
PER,0.99962664,736,741,wikisource_vol2_ch8_letter25.txt,David,T. WATTS,SEPTEMBER 1886,SEPTEMBER,,1886.0
PER,0.99829537,746,750,wikisource_vol2_ch8_letter25.txt,Alan,T. WATTS,SEPTEMBER 1886,SEPTEMBER,,1886.0
PER,0.99929583,906,911,wikisource_vol2_ch8_letter25.txt,Byles,T. WATTS,SEPTEMBER 1886,SEPTEMBER,,1886.0
PER,0.9602904,1547,1556,wikisource_vol2_ch8_letter25.txt,Kidnapped,T. WATTS,SEPTEMBER 1886,SEPTEMBER,,1886.0
PER,0.99969494,1762,1767,wikisource_vol2_ch8_letter25.txt,David,T. WATTS,SEPTEMBER 1886,SEPTEMBER,,1886.0
PER,0.9994413,1772,1776,wikisource_vol2_ch8_letter25.txt,Alan,T. WATTS,SEPTEMBER 1886,SEPTEMBER,,1886.0
PER,0.999435,11,27,wikisource_vol2_ch8_letter26.txt,Frederick Locker,FREDERICK LOCKER,SEPTEMBER 4 1886,SEPTEMBER,4.0,1886.0
LOC,0.9918727,28,31,wikisource_vol2_ch8_letter26.txt,Lam,FREDERICK LOCKER,SEPTEMBER 4 1886,SEPTEMBER,4.0,1886.0
PER,0.7785997,31,35,wikisource_vol2_ch8_letter26.txt,##pson,FREDERICK LOCKER,SEPTEMBER 4 1886,SEPTEMBER,4.0,1886.0
LOC,0.80939484,37,47,wikisource_vol2_ch8_letter26.txt,Skerryvore,FREDERICK LOCKER,SEPTEMBER 4 1886,SEPTEMBER,4.0,1886.0
PER,0.99702406,176,182,wikisource_vol2_ch8_letter26.txt,Locker,FREDERICK LOCKER,SEPTEMBER 4 1886,SEPTEMBER,4.0,1886.0
PER,0.99031514,204,211,wikisource_vol2_ch8_letter26.txt,Martial,FREDERICK LOCKER,SEPTEMBER 4 1886,SEPTEMBER,4.0,1886.0
PER,0.9993168,246,253,wikisource_vol2_ch8_letter26.txt,Herrick,FREDERICK LOCKER,SEPTEMBER 4 1886,SEPTEMBER,4.0,1886.0
PER,0.99757034,478,484,wikisource_vol2_ch8_letter26.txt,Locker,FREDERICK LOCKER,SEPTEMBER 4 1886,SEPTEMBER,4.0,1886.0
PER,0.7627946,658,662,wikisource_vol2_ch8_letter26.txt,Lang,FREDERICK LOCKER,SEPTEMBER 4 1886,SEPTEMBER,4.0,1886.0
PER,0.91954666,667,673,wikisource_vol2_ch8_letter26.txt,Dobson,FREDERICK LOCKER,SEPTEMBER 4 1886,SEPTEMBER,4.0,1886.0
PER,0.64305055,682,686,wikisource_vol2_ch8_letter26.txt,Long,FREDERICK LOCKER,SEPTEMBER 4 1886,SEPTEMBER,4.0,1886.0
PER,0.99898475,11,27,wikisource_vol2_ch8_letter27.txt,Frederick Locker,FREDERICK LOCKER,SEPTEMBER 1886,SEPTEMBER,,1886.0
PER,0.9794146,28,35,wikisource_vol2_ch8_letter27.txt,Lampson,FREDERICK LOCKER,SEPTEMBER 1886,SEPTEMBER,,1886.0
LOC,0.5071118,38,39,wikisource_vol2_ch8_letter27.txt,S,FREDERICK LOCKER,SEPTEMBER 1886,SEPTEMBER,,1886.0
LOC,0.99844027,51,62,wikisource_vol2_ch8_letter27.txt,Bournemouth,FREDERICK LOCKER,SEPTEMBER 1886,SEPTEMBER,,1886.0
PER,0.90609086,85,91,wikisource_vol2_ch8_letter27.txt,Locker,FREDERICK LOCKER,SEPTEMBER 1886,SEPTEMBER,,1886.0
PER,0.99739313,205,213,wikisource_vol2_ch8_letter27.txt,Gertrude,FREDERICK LOCKER,SEPTEMBER 1886,SEPTEMBER,,1886.0
LOC,0.9232134,576,593,wikisource_vol2_ch8_letter27.txt,Christ ' s Hospital,FREDERICK LOCKER,SEPTEMBER 1886,SEPTEMBER,,1886.0
LOC,0.99400055,1075,1081,wikisource_vol2_ch8_letter27.txt,Hyeres,FREDERICK LOCKER,SEPTEMBER 1886,SEPTEMBER,,1886.0
PER,0.9997761,1582,1604,wikisource_vol2_ch8_letter27.txt,Robert Louis Stevenson,FREDERICK LOCKER,SEPTEMBER 1886,SEPTEMBER,,1886.0
PER,0.9977195,11,27,wikisource_vol2_ch8_letter28.txt,Frederick Locker,FREDERICK LOCKER,SEPTEMBER 1886,SEPTEMBER,,1886.0
LOC,0.75948447,28,31,wikisource_vol2_ch8_letter28.txt,Lam,FREDERICK LOCKER,SEPTEMBER 1886,SEPTEMBER,,1886.0
PER,0.97866905,31,47,wikisource_vol2_ch8_letter28.txt,##pson Skerryvore,FREDERICK LOCKER,SEPTEMBER 1886,SEPTEMBER,,1886.0
LOC,0.9987643,49,60,wikisource_vol2_ch8_letter28.txt,Bournemouth,FREDERICK LOCKER,SEPTEMBER 1886,SEPTEMBER,,1886.0
PER,0.9772833,202,208,wikisource_vol2_ch8_letter28.txt,Locker,FREDERICK LOCKER,SEPTEMBER 1886,SEPTEMBER,,1886.0
PER,0.99942076,439,442,wikisource_vol2_ch8_letter28.txt,God,FREDERICK LOCKER,SEPTEMBER 1886,SEPTEMBER,,1886.0
LOC,0.87815726,626,643,wikisource_vol2_ch8_letter28.txt,Christ ' s Hospital,FREDERICK LOCKER,SEPTEMBER 1886,SEPTEMBER,,1886.0
PER,0.9997299,1906,1928,wikisource_vol2_ch8_letter28.txt,Robert Louis Stevenson,FREDERICK LOCKER,SEPTEMBER 1886,SEPTEMBER,,1886.0
PER,0.99328333,11,27,wikisource_vol2_ch8_letter29.txt,Frederick Locker,FREDERICK LOCKER,SEPTEMBER 24 1886,SEPTEMBER,24.0,1886.0
PER,0.90185857,28,35,wikisource_vol2_ch8_letter29.txt,Lampson,FREDERICK LOCKER,SEPTEMBER 24 1886,SEPTEMBER,24.0,1886.0
LOC,0.8806828,38,48,wikisource_vol2_ch8_letter29.txt,Skerryvore,FREDERICK LOCKER,SEPTEMBER 24 1886,SEPTEMBER,24.0,1886.0
LOC,0.99916196,50,61,wikisource_vol2_ch8_letter29.txt,Bournemouth,FREDERICK LOCKER,SEPTEMBER 24 1886,SEPTEMBER,24.0,1886.0
PER,0.9998284,1179,1201,wikisource_vol2_ch8_letter29.txt,Robert Louis Stevenson,FREDERICK LOCKER,SEPTEMBER 24 1886,SEPTEMBER,24.0,1886.0
PER,0.9910575,24,40,wikisource_vol2_ch8_letter3.txt,Thomas Stevenson,MR. AND MRS. THOMAS STEVENSON,JANUARY 1 1886,JANUARY,1.0,1886.0
LOC,0.97212476,43,53,wikisource_vol2_ch8_letter3.txt,Skerryvore,MR. AND MRS. THOMAS STEVENSON,JANUARY 1 1886,JANUARY,1.0,1886.0
LOC,0.99947184,55,66,wikisource_vol2_ch8_letter3.txt,Bournemouth,MR. AND MRS. THOMAS STEVENSON,JANUARY 1 1886,JANUARY,1.0,1886.0
PER,0.99956393,228,234,wikisource_vol2_ch8_letter3.txt,Jenkin,MR. AND MRS. THOMAS STEVENSON,JANUARY 1 1886,JANUARY,1.0,1886.0
PER,0.93960476,824,832,wikisource_vol2_ch8_letter3.txt,R. L. S.,MR. AND MRS. THOMAS STEVENSON,JANUARY 1 1886,JANUARY,1.0,1886.0
PER,0.99782246,11,36,wikisource_vol2_ch8_letter30.txt,Sidney Colvin Skerryvore,SIDNEY COLVIN,DECEMBER 14 1886,DECEMBER,14.0,1886.0
PER,0.7052982,61,67,wikisource_vol2_ch8_letter30.txt,Colvin,SIDNEY COLVIN,DECEMBER 14 1886,DECEMBER,14.0,1886.0
PER,0.99939775,368,373,wikisource_vol2_ch8_letter30.txt,Fanny,SIDNEY COLVIN,DECEMBER 14 1886,DECEMBER,14.0,1886.0
PER,0.7315782,614,623,wikisource_vol2_ch8_letter30.txt,Nicholson,SIDNEY COLVIN,DECEMBER 14 1886,DECEMBER,14.0,1886.0
PER,0.99881184,875,880,wikisource_vol2_ch8_letter30.txt,Keats,SIDNEY COLVIN,DECEMBER 14 1886,DECEMBER,14.0,1886.0
PER,0.9995793,902,907,wikisource_vol2_ch8_letter30.txt,Keats,SIDNEY COLVIN,DECEMBER 14 1886,DECEMBER,14.0,1886.0
PER,0.9998275,924,931,wikisource_vol2_ch8_letter30.txt,Shelley,SIDNEY COLVIN,DECEMBER 14 1886,DECEMBER,14.0,1886.0
PER,0.9938273,996,1003,wikisource_vol2_ch8_letter30.txt,Shelley,SIDNEY COLVIN,DECEMBER 14 1886,DECEMBER,14.0,1886.0
PER,0.88319993,1093,1099,wikisource_vol2_ch8_letter30.txt,Dowden,SIDNEY COLVIN,DECEMBER 14 1886,DECEMBER,14.0,1886.0
PER,0.9925375,1328,1334,wikisource_vol2_ch8_letter30.txt,Colvin,SIDNEY COLVIN,DECEMBER 14 1886,DECEMBER,14.0,1886.0
PER,0.78132284,1357,1363,wikisource_vol2_ch8_letter30.txt,Mackay,SIDNEY COLVIN,DECEMBER 14 1886,DECEMBER,14.0,1886.0
PER,0.9986976,11,27,wikisource_vol2_ch8_letter31.txt,Frederick Locker,FREDERICK LOCKER,FEBRUARY 5 1887,FEBRUARY,5.0,1887.0
LOC,0.8447701,28,31,wikisource_vol2_ch8_letter31.txt,Lam,FREDERICK LOCKER,FEBRUARY 5 1887,FEBRUARY,5.0,1887.0
PER,0.86358,31,35,wikisource_vol2_ch8_letter31.txt,##pson,FREDERICK LOCKER,FEBRUARY 5 1887,FEBRUARY,5.0,1887.0
LOC,0.6314656,37,47,wikisource_vol2_ch8_letter31.txt,Skerryvore,FREDERICK LOCKER,FEBRUARY 5 1887,FEBRUARY,5.0,1887.0
LOC,0.9987935,49,60,wikisource_vol2_ch8_letter31.txt,Bournemouth,FREDERICK LOCKER,FEBRUARY 5 1887,FEBRUARY,5.0,1887.0
PER,0.99984264,597,619,wikisource_vol2_ch8_letter31.txt,Robert Louis Stevenson,FREDERICK LOCKER,FEBRUARY 5 1887,FEBRUARY,5.0,1887.0
PER,0.9992325,11,22,wikisource_vol2_ch8_letter32.txt,Henry James,HENRY JAMES,FEBRUARY 1887,FEBRUARY,,1887.0
LOC,0.93033063,25,35,wikisource_vol2_ch8_letter32.txt,Skerryvore,HENRY JAMES,FEBRUARY 1887,FEBRUARY,,1887.0
LOC,0.99902177,37,48,wikisource_vol2_ch8_letter32.txt,Bournemouth,HENRY JAMES,FEBRUARY 1887,FEBRUARY,,1887.0
PER,0.8217428,74,79,wikisource_vol2_ch8_letter32.txt,James,HENRY JAMES,FEBRUARY 1887,FEBRUARY,,1887.0
PER,0.8618493,221,227,wikisource_vol2_ch8_letter32.txt,Bouill,HENRY JAMES,FEBRUARY 1887,FEBRUARY,,1887.0
PER,0.9997489,656,662,wikisource_vol2_ch8_letter32.txt,Jenkin,HENRY JAMES,FEBRUARY 1887,FEBRUARY,,1887.0
PER,0.9989563,1090,1099,wikisource_vol2_ch8_letter32.txt,Stevenson,HENRY JAMES,FEBRUARY 1887,FEBRUARY,,1887.0
LOC,0.99242145,1242,1251,wikisource_vol2_ch8_letter32.txt,Salisbury,HENRY JAMES,FEBRUARY 1887,FEBRUARY,,1887.0
PER,0.9994101,1369,1375,wikisource_vol2_ch8_letter32.txt,Colvin,HENRY JAMES,FEBRUARY 1887,FEBRUARY,,1887.0
PER,0.99959534,1609,1612,wikisource_vol2_ch8_letter32.txt,God,HENRY JAMES,FEBRUARY 1887,FEBRUARY,,1887.0
PER,0.99642295,1684,1691,wikisource_vol2_ch8_letter32.txt,R. L. S,HENRY JAMES,FEBRUARY 1887,FEBRUARY,,1887.0
PER,0.9988181,11,20,wikisource_vol2_ch8_letter33.txt,W. H. Low,W. H. LOW,APRIL 1887,APRIL,,1887.0
LOC,0.9996997,64,70,wikisource_vol2_ch8_letter33.txt,London,W. H. LOW,APRIL 1887,APRIL,,1887.0
LOC,0.99972934,126,132,wikisource_vol2_ch8_letter33.txt,London,W. H. LOW,APRIL 1887,APRIL,,1887.0
LOC,0.9996997,136,147,wikisource_vol2_ch8_letter33.txt,Bournemouth,W. H. LOW,APRIL 1887,APRIL,,1887.0
LOC,0.9879535,346,352,wikisource_vol2_ch8_letter33.txt,Skerry,W. H. LOW,APRIL 1887,APRIL,,1887.0
LOC,0.9993661,696,701,wikisource_vol2_ch8_letter33.txt,Paris,W. H. LOW,APRIL 1887,APRIL,,1887.0
LOC,0.9994035,705,711,wikisource_vol2_ch8_letter33.txt,London,W. H. LOW,APRIL 1887,APRIL,,1887.0
LOC,0.5903045,717,722,wikisource_vol2_ch8_letter33.txt,Dover,W. H. LOW,APRIL 1887,APRIL,,1887.0
LOC,0.999731,1020,1026,wikisource_vol2_ch8_letter33.txt,London,W. H. LOW,APRIL 1887,APRIL,,1887.0
LOC,0.9995969,1071,1082,wikisource_vol2_ch8_letter33.txt,Bournemouth,W. H. LOW,APRIL 1887,APRIL,,1887.0
LOC,0.9996929,1149,1155,wikisource_vol2_ch8_letter33.txt,London,W. H. LOW,APRIL 1887,APRIL,,1887.0
LOC,0.99972,1181,1192,wikisource_vol2_ch8_letter33.txt,Bournemouth,W. H. LOW,APRIL 1887,APRIL,,1887.0
LOC,0.99969363,1405,1411,wikisource_vol2_ch8_letter33.txt,London,W. H. LOW,APRIL 1887,APRIL,,1887.0
PER,0.7811517,1486,1496,wikisource_vol2_ch8_letter33.txt,Vangs Fang,W. H. LOW,APRIL 1887,APRIL,,1887.0
PER,0.9965081,11,40,wikisource_vol2_ch8_letter34.txt,Alison Cunningham Skerryvore,ALISON CUNNINGHAM,APRIL 16 1887,APRIL,16.0,1887.0
PER,0.5166374,71,74,wikisource_vol2_ch8_letter34.txt,Cum,ALISON CUNNINGHAM,APRIL 16 1887,APRIL,16.0,1887.0
PER,0.99875796,669,673,wikisource_vol2_ch8_letter34.txt,John,ALISON CUNNINGHAM,APRIL 16 1887,APRIL,16.0,1887.0
PER,0.9659653,821,827,wikisource_vol2_ch8_letter34.txt,Coolin,ALISON CUNNINGHAM,APRIL 16 1887,APRIL,16.0,1887.0
LOC,0.94575423,876,886,wikisource_vol2_ch8_letter34.txt,Skerryvore,ALISON CUNNINGHAM,APRIL 16 1887,APRIL,16.0,1887.0
PER,0.9954264,897,902,wikisource_vol2_ch8_letter34.txt,Bogie,ALISON CUNNINGHAM,APRIL 16 1887,APRIL,16.0,1887.0
LOC,0.9861605,1255,1263,wikisource_vol2_ch8_letter34.txt,Swanston,ALISON CUNNINGHAM,APRIL 16 1887,APRIL,16.0,1887.0
PER,0.9988173,1464,1473,wikisource_vol2_ch8_letter34.txt,John Todd,ALISON CUNNINGHAM,APRIL 16 1887,APRIL,16.0,1887.0
ORG,0.6251097,1491,1498,wikisource_vol2_ch8_letter34.txt,Longman,ALISON CUNNINGHAM,APRIL 16 1887,APRIL,16.0,1887.0
LOC,0.9937796,1586,1596,wikisource_vol2_ch8_letter34.txt,Halkerside,ALISON CUNNINGHAM,APRIL 16 1887,APRIL,16.0,1887.0
PER,0.9975268,11,24,wikisource_vol2_ch8_letter35.txt,Sidney Colvin,SIDNEY COLVIN,JUNE 1887,JUNE,,1887.0
LOC,0.998796,27,36,wikisource_vol2_ch8_letter35.txt,Edinburgh,SIDNEY COLVIN,JUNE 1887,JUNE,,1887.0
PER,0.80607665,58,59,wikisource_vol2_ch8_letter35.txt,S,SIDNEY COLVIN,JUNE 1887,JUNE,,1887.0
PER,0.96299124,61,62,wikisource_vol2_ch8_letter35.txt,C,SIDNEY COLVIN,JUNE 1887,JUNE,,1887.0
PER,0.99960613,202,209,wikisource_vol2_ch8_letter35.txt,Bunting,SIDNEY COLVIN,JUNE 1887,JUNE,,1887.0
PER,0.9727769,813,817,wikisource_vol2_ch8_letter35.txt,Kent,SIDNEY COLVIN,JUNE 1887,JUNE,,1887.0
PER,0.9726776,822,826,wikisource_vol2_ch8_letter35.txt,Lear,SIDNEY COLVIN,JUNE 1887,JUNE,,1887.0
PER,0.9998548,896,907,wikisource_vol2_ch8_letter35.txt,Shakespeare,SIDNEY COLVIN,JUNE 1887,JUNE,,1887.0
PER,0.99547815,1448,1455,wikisource_vol2_ch8_letter35.txt,R. L. S,SIDNEY COLVIN,JUNE 1887,JUNE,,1887.0
PER,0.99898946,11,20,wikisource_vol2_ch8_letter4.txt,W. H. Low,W. H. LOW,JANUARY 2 1886,JANUARY,2.0,1886.0
LOC,0.95107555,23,33,wikisource_vol2_ch8_letter4.txt,Skerryvore,W. H. LOW,JANUARY 2 1886,JANUARY,2.0,1886.0
LOC,0.9981444,35,46,wikisource_vol2_ch8_letter4.txt,Bournemouth,W. H. LOW,JANUARY 2 1886,JANUARY,2.0,1886.0
LOC,0.99835634,433,440,wikisource_vol2_ch8_letter4.txt,Corinth,W. H. LOW,JANUARY 2 1886,JANUARY,2.0,1886.0
PER,0.98019755,534,542,wikisource_vol2_ch8_letter4.txt,Isabella,W. H. LOW,JANUARY 2 1886,JANUARY,2.0,1886.0
PER,0.8848577,551,554,wikisource_vol2_ch8_letter4.txt,Eve,W. H. LOW,JANUARY 2 1886,JANUARY,2.0,1886.0
PER,0.9984977,964,967,wikisource_vol2_ch8_letter4.txt,Pan,W. H. LOW,JANUARY 2 1886,JANUARY,2.0,1886.0
PER,0.9977775,969,974,wikisource_vol2_ch8_letter4.txt,Peona,W. H. LOW,JANUARY 2 1886,JANUARY,2.0,1886.0
PER,0.9975126,1054,1061,wikisource_vol2_ch8_letter4.txt,Glaucus,W. H. LOW,JANUARY 2 1886,JANUARY,2.0,1886.0
PER,0.9977341,1063,1069,wikisource_vol2_ch8_letter4.txt,Cybele,W. H. LOW,JANUARY 2 1886,JANUARY,2.0,1886.0
PER,0.9976978,11,35,wikisource_vol2_ch8_letter5.txt,Edmund Gosse Skerryvore,EDMUND GOSSE,JANUARY 2 1886,JANUARY,2.0,1886.0
LOC,0.9993359,37,48,wikisource_vol2_ch8_letter5.txt,Bournemouth,EDMUND GOSSE,JANUARY 2 1886,JANUARY,2.0,1886.0
PER,0.99803215,74,79,wikisource_vol2_ch8_letter5.txt,Gosse,EDMUND GOSSE,JANUARY 2 1886,JANUARY,2.0,1886.0
LOC,0.9176504,164,175,wikisource_vol2_ch8_letter5.txt,St. James ' s,EDMUND GOSSE,JANUARY 2 1886,JANUARY,2.0,1886.0
PER,0.75141764,318,324,wikisource_vol2_ch8_letter5.txt,Prince,EDMUND GOSSE,JANUARY 2 1886,JANUARY,2.0,1886.0
PER,0.99967754,539,546,wikisource_vol2_ch8_letter5.txt,Gilbert,EDMUND GOSSE,JANUARY 2 1886,JANUARY,2.0,1886.0
PER,0.9995384,602,617,wikisource_vol2_ch8_letter5.txt,Justin M ' Carthy,EDMUND GOSSE,JANUARY 2 1886,JANUARY,2.0,1886.0
PER,0.9994684,1924,1927,wikisource_vol2_ch8_letter5.txt,God,EDMUND GOSSE,JANUARY 2 1886,JANUARY,2.0,1886.0
PER,0.9990549,11,33,wikisource_vol2_ch8_letter6.txt,James Payn Skerryvore,JAMES PAYN,JANUARY 2 1886,JANUARY,2.0,1886.0
LOC,0.99947834,35,46,wikisource_vol2_ch8_letter6.txt,Bournemouth,JAMES PAYN,JANUARY 2 1886,JANUARY,2.0,1886.0
PER,0.9992476,69,79,wikisource_vol2_ch8_letter6.txt,James Payn,JAMES PAYN,JANUARY 2 1886,JANUARY,2.0,1886.0
LOC,0.99881816,355,361,wikisource_vol2_ch8_letter6.txt,Hyeres,JAMES PAYN,JANUARY 2 1886,JANUARY,2.0,1886.0
LOC,0.99919546,1558,1570,wikisource_vol2_ch8_letter6.txt,Queen Square,JAMES PAYN,JANUARY 2 1886,JANUARY,2.0,1886.0
LOC,0.99922884,1613,1626,wikisource_vol2_ch8_letter6.txt,Brunswick Row,JAMES PAYN,JANUARY 2 1886,JANUARY,2.0,1886.0
PER,0.94298416,11,32,wikisource_vol2_ch8_letter7.txt,W. H. Low Skerryvore,W. H. LOW,JANUARY 1886,JANUARY,,1886.0
LOC,0.9946618,34,45,wikisource_vol2_ch8_letter7.txt,Bournemouth,W. H. LOW,JANUARY 1886,JANUARY,,1886.0
PER,0.999423,148,161,wikisource_vol2_ch8_letter7.txt,Percy Shelley,W. H. LOW,JANUARY 1886,JANUARY,,1886.0
PER,0.5659523,380,387,wikisource_vol2_ch8_letter7.txt,Baronet,W. H. LOW,JANUARY 1886,JANUARY,,1886.0
PER,0.99972934,396,401,wikisource_vol2_ch8_letter7.txt,Percy,W. H. LOW,JANUARY 1886,JANUARY,,1886.0
PER,0.9976271,500,515,wikisource_vol2_ch8_letter7.txt,R. L. Stevenson,W. H. LOW,JANUARY 1886,JANUARY,,1886.0
PER,0.9997367,561,568,wikisource_vol2_ch8_letter7.txt,Shelley,W. H. LOW,JANUARY 1886,JANUARY,,1886.0
PER,0.9997497,630,637,wikisource_vol2_ch8_letter7.txt,Shelley,W. H. LOW,JANUARY 1886,JANUARY,,1886.0
PER,0.9997104,966,973,wikisource_vol2_ch8_letter7.txt,Shelley,W. H. LOW,JANUARY 1886,JANUARY,,1886.0
PER,0.99969554,1050,1055,wikisource_vol2_ch8_letter7.txt,Percy,W. H. LOW,JANUARY 1886,JANUARY,,1886.0
PER,0.9997233,1172,1182,wikisource_vol2_ch8_letter7.txt,Jeaffreson,W. H. LOW,JANUARY 1886,JANUARY,,1886.0
PER,0.96807885,1223,1229,wikisource_vol2_ch8_letter7.txt,Fatras,W. H. LOW,JANUARY 1886,JANUARY,,1886.0
PER,0.99769604,1321,1328,wikisource_vol2_ch8_letter7.txt,R. L. S,W. H. LOW,JANUARY 1886,JANUARY,,1886.0
PER,0.9994252,11,27,wikisource_vol2_ch8_letter8.txt,Thomas Stevenson,THOMAS STEVENSON,JANUARY 25 1886,JANUARY,25.0,1886.0
LOC,0.9378139,30,40,wikisource_vol2_ch8_letter8.txt,Skerryvore,THOMAS STEVENSON,JANUARY 25 1886,JANUARY,25.0,1886.0
LOC,0.99917036,42,53,wikisource_vol2_ch8_letter8.txt,Bournemouth,THOMAS STEVENSON,JANUARY 25 1886,JANUARY,25.0,1886.0
LOC,0.9797119,209,216,wikisource_vol2_ch8_letter8.txt,Balfour,THOMAS STEVENSON,JANUARY 25 1886,JANUARY,25.0,1886.0
ORG,0.9998372,222,272,wikisource_vol2_ch8_letter8.txt,Society for the Propagation of Christian Knowledge,THOMAS STEVENSON,JANUARY 25 1886,JANUARY,25.0,1886.0
LOC,0.99829996,439,450,wikisource_vol2_ch8_letter8.txt,Long Island,THOMAS STEVENSON,JANUARY 25 1886,JANUARY,25.0,1886.0
LOC,0.98772156,454,458,wikisource_vol2_ch8_letter8.txt,Mull,THOMAS STEVENSON,JANUARY 25 1886,JANUARY,25.0,1886.0
PER,0.99976367,508,513,wikisource_vol2_ch8_letter8.txt,Scott,THOMAS STEVENSON,JANUARY 25 1886,JANUARY,25.0,1886.0
PER,0.5692234,564,570,wikisource_vol2_ch8_letter8.txt,Tarran,THOMAS STEVENSON,JANUARY 25 1886,JANUARY,25.0,1886.0
PER,0.9995797,577,582,wikisource_vol2_ch8_letter8.txt,David,THOMAS STEVENSON,JANUARY 25 1886,JANUARY,25.0,1886.0
LOC,0.9970896,594,601,wikisource_vol2_ch8_letter8.txt,Earraid,THOMAS STEVENSON,JANUARY 25 1886,JANUARY,25.0,1886.0
LOC,0.89622784,707,711,wikisource_vol2_ch8_letter8.txt,Mull,THOMAS STEVENSON,JANUARY 25 1886,JANUARY,25.0,1886.0
LOC,0.9971705,715,723,wikisource_vol2_ch8_letter8.txt,Toronsay,THOMAS STEVENSON,JANUARY 25 1886,JANUARY,25.0,1886.0
LOC,0.9019418,778,784,wikisource_vol2_ch8_letter8.txt,Morven,THOMAS STEVENSON,JANUARY 25 1886,JANUARY,25.0,1886.0
LOC,0.9813905,790,802,wikisource_vol2_ch8_letter8.txt,Kinlochaline,THOMAS STEVENSON,JANUARY 25 1886,JANUARY,25.0,1886.0
LOC,0.9971877,806,817,wikisource_vol2_ch8_letter8.txt,Kingairloch,THOMAS STEVENSON,JANUARY 25 1886,JANUARY,25.0,1886.0
LOC,0.998936,924,929,wikisource_vol2_ch8_letter8.txt,Appin,THOMAS STEVENSON,JANUARY 25 1886,JANUARY,25.0,1886.0
PER,0.9990135,949,963,wikisource_vol2_ch8_letter8.txt,Colin Campbell,THOMAS STEVENSON,JANUARY 25 1886,JANUARY,25.0,1886.0
PER,0.99951935,1135,1140,wikisource_vol2_ch8_letter8.txt,David,THOMAS STEVENSON,JANUARY 25 1886,JANUARY,25.0,1886.0
LOC,0.9965952,1223,1238,wikisource_vol2_ch8_letter8.txt,Treasure Island,THOMAS STEVENSON,JANUARY 25 1886,JANUARY,25.0,1886.0
PER,0.8559366,1341,1348,wikisource_vol2_ch8_letter8.txt,Shelley,THOMAS STEVENSON,JANUARY 25 1886,JANUARY,25.0,1886.0
PER,0.9203854,1364,1370,wikisource_vol2_ch8_letter8.txt,Taylor,THOMAS STEVENSON,JANUARY 25 1886,JANUARY,25.0,1886.0
PER,0.8117811,1416,1427,wikisource_vol2_ch8_letter8.txt,Lady Taylor,THOMAS STEVENSON,JANUARY 25 1886,JANUARY,25.0,1886.0
PER,0.99851793,1532,1553,wikisource_vol2_ch8_letter8.txt,Duchess of Wellington,THOMAS STEVENSON,JANUARY 25 1886,JANUARY,25.0,1886.0
PER,0.9965783,1576,1581,wikisource_vol2_ch8_letter8.txt,Henry,THOMAS STEVENSON,JANUARY 25 1886,JANUARY,25.0,1886.0
PER,0.99971443,1706,1728,wikisource_vol2_ch8_letter8.txt,Robert Louis Stevenson,THOMAS STEVENSON,JANUARY 25 1886,JANUARY,25.0,1886.0
PER,0.9336872,11,37,wikisource_vol2_ch8_letter9.txt,C. W. Stoddard Skerryvore,C. W. STODDARD,FEBRUARY 13 1886,FEBRUARY,13.0,1886.0
LOC,0.9973122,39,50,wikisource_vol2_ch8_letter9.txt,Bournemouth,C. W. STODDARD,FEBRUARY 13 1886,FEBRUARY,13.0,1886.0
PER,0.93342394,77,85,wikisource_vol2_ch8_letter9.txt,Stoddard,C. W. STODDARD,FEBRUARY 13 1886,FEBRUARY,13.0,1886.0
PER,0.99955136,188,191,wikisource_vol2_ch8_letter9.txt,God,C. W. STODDARD,FEBRUARY 13 1886,FEBRUARY,13.0,1886.0
LOC,0.9993204,666,670,wikisource_vol2_ch8_letter9.txt,Bath,C. W. STODDARD,FEBRUARY 13 1886,FEBRUARY,13.0,1886.0
PER,0.99988544,1117,1121,wikisource_vol2_ch8_letter9.txt,Otto,C. W. STODDARD,FEBRUARY 13 1886,FEBRUARY,13.0,1886.0
PER,0.9998971,1773,1777,wikisource_vol2_ch8_letter9.txt,Otto,C. W. STODDARD,FEBRUARY 13 1886,FEBRUARY,13.0,1886.0
PER,0.9991623,11,23,wikisource_vol2_ch9_letter1.txt,W. E. Henley,W. E. HENLEY,AUGUST 1887,AUGUST,,1887.0
LOC,0.9656024,26,36,wikisource_vol2_ch9_letter1.txt,Skerryvore,W. E. HENLEY,AUGUST 1887,AUGUST,,1887.0
LOC,0.99816537,38,49,wikisource_vol2_ch9_letter1.txt,Bournemouth,W. E. HENLEY,AUGUST 1887,AUGUST,,1887.0
PER,0.99966776,108,117,wikisource_vol2_ch9_letter1.txt,Stevenson,W. E. HENLEY,AUGUST 1887,AUGUST,,1887.0
PER,0.9831457,333,335,wikisource_vol2_ch9_letter1.txt,S.,W. E. HENLEY,AUGUST 1887,AUGUST,,1887.0
PER,0.9990792,802,808,wikisource_vol2_ch9_letter1.txt,Dobell,W. E. HENLEY,AUGUST 1887,AUGUST,,1887.0
PER,0.9998388,958,963,wikisource_vol2_ch9_letter1.txt,Scott,W. E. HENLEY,AUGUST 1887,AUGUST,,1887.0
PER,0.9997451,970,975,wikisource_vol2_ch9_letter1.txt,Brown,W. E. HENLEY,AUGUST 1887,AUGUST,,1887.0
PER,0.999663,1220,1223,wikisource_vol2_ch9_letter1.txt,God,W. E. HENLEY,AUGUST 1887,AUGUST,,1887.0
ORG,0.9991892,1260,1277,wikisource_vol2_ch9_letter1.txt,Bulletin M ' Gurder,W. E. HENLEY,AUGUST 1887,AUGUST,,1887.0
PER,0.9984859,11,29,wikisource_vol2_ch9_letter10.txt,R. A. M. Stevenson,R. A. M. STEVENSON,OCTOBER 1887,OCTOBER,,1887.0
LOC,0.9994998,31,43,wikisource_vol2_ch9_letter10.txt,Saranac Lake,R. A. M. STEVENSON,OCTOBER 1887,OCTOBER,,1887.0
LOC,0.9994344,45,55,wikisource_vol2_ch9_letter10.txt,Adirondack,R. A. M. STEVENSON,OCTOBER 1887,OCTOBER,,1887.0
LOC,0.9997304,58,66,wikisource_vol2_ch9_letter10.txt,New York,R. A. M. STEVENSON,OCTOBER 1887,OCTOBER,,1887.0
LOC,0.99976045,68,73,wikisource_vol2_ch9_letter10.txt,U. S. A,R. A. M. STEVENSON,OCTOBER 1887,OCTOBER,,1887.0
PER,0.98188835,99,102,wikisource_vol2_ch9_letter10.txt,Bob,R. A. M. STEVENSON,OCTOBER 1887,OCTOBER,,1887.0
LOC,0.9998872,119,127,wikisource_vol2_ch9_letter10.txt,Colorado,R. A. M. STEVENSON,OCTOBER 1887,OCTOBER,,1887.0
LOC,0.99786204,245,258,wikisource_vol2_ch9_letter10.txt,Cape Hatteras,R. A. M. STEVENSON,OCTOBER 1887,OCTOBER,,1887.0
LOC,0.99984384,1701,1713,wikisource_vol2_ch9_letter10.txt,Newfoundland,R. A. M. STEVENSON,OCTOBER 1887,OCTOBER,,1887.0
PER,0.9996835,11,23,wikisource_vol2_ch9_letter11.txt,Edmund Gosse,EDMUND GOSSE,OCTOBER 8 1887,OCTOBER,8.0,1887.0
LOC,0.99964166,25,37,wikisource_vol2_ch9_letter11.txt,Saranac Lake,EDMUND GOSSE,OCTOBER 8 1887,OCTOBER,8.0,1887.0
PER,0.9862759,63,68,wikisource_vol2_ch9_letter11.txt,Gosse,EDMUND GOSSE,OCTOBER 8 1887,OCTOBER,8.0,1887.0
PER,0.99963504,195,202,wikisource_vol2_ch9_letter11.txt,Tyndall,EDMUND GOSSE,OCTOBER 8 1887,OCTOBER,8.0,1887.0
LOC,0.97188735,233,238,wikisource_vol2_ch9_letter11.txt,Davos,EDMUND GOSSE,OCTOBER 8 1887,OCTOBER,8.0,1887.0
PER,0.99964064,284,291,wikisource_vol2_ch9_letter11.txt,V. Hugo,EDMUND GOSSE,OCTOBER 8 1887,OCTOBER,8.0,1887.0
PER,0.9984321,296,305,wikisource_vol2_ch9_letter11.txt,Swinburne,EDMUND GOSSE,OCTOBER 8 1887,OCTOBER,8.0,1887.0
LOC,0.99957746,1177,1189,wikisource_vol2_ch9_letter11.txt,Saranac Lake,EDMUND GOSSE,OCTOBER 8 1887,OCTOBER,8.0,1887.0
LOC,0.9995548,1197,1207,wikisource_vol2_ch9_letter11.txt,Adirondack,EDMUND GOSSE,OCTOBER 8 1887,OCTOBER,8.0,1887.0
LOC,0.9141344,1349,1357,wikisource_vol2_ch9_letter11.txt,Highland,EDMUND GOSSE,OCTOBER 8 1887,OCTOBER,8.0,1887.0
LOC,0.9499778,1410,1418,wikisource_vol2_ch9_letter11.txt,Highland,EDMUND GOSSE,OCTOBER 8 1887,OCTOBER,8.0,1887.0
PER,0.99971133,11,20,wikisource_vol2_ch9_letter12.txt,W. H. Low,W. H. LOW,OCTOBER 1887,OCTOBER,,1887.0
LOC,0.99890834,23,30,wikisource_vol2_ch9_letter12.txt,Saranac,W. H. LOW,OCTOBER 1887,OCTOBER,,1887.0
LOC,0.9240138,153,160,wikisource_vol2_ch9_letter12.txt,Baker ' s,W. H. LOW,OCTOBER 1887,OCTOBER,,1887.0
ORG,0.9993821,249,260,wikisource_vol2_ch9_letter12.txt,Post - Office,W. H. LOW,OCTOBER 1887,OCTOBER,,1887.0
ORG,0.99954194,334,345,wikisource_vol2_ch9_letter12.txt,Post - Office,W. H. LOW,OCTOBER 1887,OCTOBER,,1887.0
ORG,0.46300897,380,387,wikisource_vol2_ch9_letter12.txt,Baker ' s,W. H. LOW,OCTOBER 1887,OCTOBER,,1887.0
LOC,0.999741,817,824,wikisource_vol2_ch9_letter12.txt,Niagara,W. H. LOW,OCTOBER 1887,OCTOBER,,1887.0
LOC,0.9997422,840,852,wikisource_vol2_ch9_letter12.txt,Indianapolis,W. H. LOW,OCTOBER 1887,OCTOBER,,1887.0
PER,0.9998061,1097,1119,wikisource_vol2_ch9_letter12.txt,Robert Louis Stevenson,W. H. LOW,OCTOBER 1887,OCTOBER,,1887.0
PER,0.9993401,11,25,wikisource_vol2_ch9_letter13.txt,William Archer,WILLIAM ARCHER,OCTOBER 1887,OCTOBER,,1887.0
LOC,0.9993301,28,40,wikisource_vol2_ch9_letter13.txt,Saranac Lake,WILLIAM ARCHER,OCTOBER 1887,OCTOBER,,1887.0
PER,0.9331934,61,67,wikisource_vol2_ch9_letter13.txt,Archer,WILLIAM ARCHER,OCTOBER 1887,OCTOBER,,1887.0
LOC,0.9995289,299,309,wikisource_vol2_ch9_letter13.txt,Adirondack,WILLIAM ARCHER,OCTOBER 1887,OCTOBER,,1887.0
LOC,0.99962187,364,378,wikisource_vol2_ch9_letter13.txt,New York State,WILLIAM ARCHER,OCTOBER 1887,OCTOBER,,1887.0
LOC,0.9996282,545,552,wikisource_vol2_ch9_letter13.txt,Indiana,WILLIAM ARCHER,OCTOBER 1887,OCTOBER,,1887.0
PER,0.99963856,583,588,wikisource_vol2_ch9_letter13.txt,Lloyd,WILLIAM ARCHER,OCTOBER 1887,OCTOBER,,1887.0
ORG,0.9995607,869,879,wikisource_vol2_ch9_letter13.txt,Scribner ' s,WILLIAM ARCHER,OCTOBER 1887,OCTOBER,,1887.0
ORG,0.99561286,1164,1173,wikisource_vol2_ch9_letter13.txt,Scribners,WILLIAM ARCHER,OCTOBER 1887,OCTOBER,,1887.0
PER,0.8593081,1676,1682,wikisource_vol2_ch9_letter13.txt,Archer,WILLIAM ARCHER,OCTOBER 1887,OCTOBER,,1887.0
PER,0.99965,1708,1711,wikisource_vol2_ch9_letter13.txt,Tom,WILLIAM ARCHER,OCTOBER 1887,OCTOBER,,1887.0
PER,0.99958044,1733,1755,wikisource_vol2_ch9_letter13.txt,Robert Louis Stevenson,WILLIAM ARCHER,OCTOBER 1887,OCTOBER,,1887.0
PER,0.9997014,11,22,wikisource_vol2_ch9_letter14.txt,Henry James,HENRY JAMES,OCTOBER 1887,OCTOBER,,1887.0
LOC,0.9996038,25,37,wikisource_vol2_ch9_letter14.txt,Saranac Lake,HENRY JAMES,OCTOBER 1887,OCTOBER,,1887.0
LOC,0.99931943,145,149,wikisource_vol2_ch9_letter14.txt,Weir,HENRY JAMES,OCTOBER 1887,OCTOBER,,1887.0
PER,0.9996762,158,169,wikisource_vol2_ch9_letter14.txt,Henry James,HENRY JAMES,OCTOBER 1887,OCTOBER,,1887.0
LOC,0.9996785,664,671,wikisource_vol2_ch9_letter14.txt,Newport,HENRY JAMES,OCTOBER 1887,OCTOBER,,1887.0
LOC,0.9996878,676,684,wikisource_vol2_ch9_letter14.txt,New York,HENRY JAMES,OCTOBER 1887,OCTOBER,,1887.0
PER,0.7019758,719,728,wikisource_vol2_ch9_letter14.txt,Fairchild,HENRY JAMES,OCTOBER 1887,OCTOBER,,1887.0
ORG,0.7700677,731,734,wikisource_vol2_ch9_letter14.txt,St.,HENRY JAMES,OCTOBER 1887,OCTOBER,,1887.0
PER,0.60000014,735,741,wikisource_vol2_ch9_letter14.txt,Gauden,HENRY JAMES,OCTOBER 1887,OCTOBER,,1887.0
ORG,0.5032319,741,742,wikisource_vol2_ch9_letter14.txt,##s,HENRY JAMES,OCTOBER 1887,OCTOBER,,1887.0
ORG,0.8308509,757,778,wikisource_vol2_ch9_letter14.txt,Gilder of the Century,HENRY JAMES,OCTOBER 1887,OCTOBER,,1887.0
PER,0.99961936,799,808,wikisource_vol2_ch9_letter14.txt,Alexander,HENRY JAMES,OCTOBER 1887,OCTOBER,,1887.0
PER,0.9996909,852,860,wikisource_vol2_ch9_letter14.txt,Will Low,HENRY JAMES,OCTOBER 1887,OCTOBER,,1887.0
PER,0.56978893,920,922,wikisource_vol2_ch9_letter14.txt,St,HENRY JAMES,OCTOBER 1887,OCTOBER,,1887.0
ORG,0.52664286,922,923,wikisource_vol2_ch9_letter14.txt,.,HENRY JAMES,OCTOBER 1887,OCTOBER,,1887.0
PER,0.8605979,924,931,wikisource_vol2_ch9_letter14.txt,Gaudens,HENRY JAMES,OCTOBER 1887,OCTOBER,,1887.0
LOC,0.7587174,956,961,wikisource_vol2_ch9_letter14.txt,Third,HENRY JAMES,OCTOBER 1887,OCTOBER,,1887.0
LOC,0.9866557,963,975,wikisource_vol2_ch9_letter14.txt,Saranac Lake,HENRY JAMES,OCTOBER 1887,OCTOBER,,1887.0
ORG,0.8580912,1081,1088,wikisource_vol2_ch9_letter14.txt,Baker ' s,HENRY JAMES,OCTOBER 1887,OCTOBER,,1887.0
LOC,0.998404,1260,1267,wikisource_vol2_ch9_letter14.txt,Saranac,HENRY JAMES,OCTOBER 1887,OCTOBER,,1887.0
LOC,0.99858546,1280,1284,wikisource_vol2_ch9_letter14.txt,Lake,HENRY JAMES,OCTOBER 1887,OCTOBER,,1887.0
ORG,0.98994017,1545,1552,wikisource_vol2_ch9_letter14.txt,Lloyd ' s,HENRY JAMES,OCTOBER 1887,OCTOBER,,1887.0
ORG,0.772032,1742,1747,wikisource_vol2_ch9_letter14.txt,Baker,HENRY JAMES,OCTOBER 1887,OCTOBER,,1887.0
PER,0.9983584,1795,1804,wikisource_vol2_ch9_letter14.txt,Valentine,HENRY JAMES,OCTOBER 1887,OCTOBER,,1887.0
PER,0.9993987,1863,1868,wikisource_vol2_ch9_letter14.txt,Fanny,HENRY JAMES,OCTOBER 1887,OCTOBER,,1887.0
PER,0.9995225,11,34,wikisource_vol2_ch9_letter15.txt,Charles Baxter Saranac,CHARLES BAXTER,NOVEMBER 18 1887,NOVEMBER,18.0,1887.0
PER,0.99788445,64,71,wikisource_vol2_ch9_letter15.txt,Charles,CHARLES BAXTER,NOVEMBER 18 1887,NOVEMBER,18.0,1887.0
LOC,0.99968934,250,262,wikisource_vol2_ch9_letter15.txt,Lothian Road,CHARLES BAXTER,NOVEMBER 18 1887,NOVEMBER,18.0,1887.0
LOC,0.9997459,274,286,wikisource_vol2_ch9_letter15.txt,Lothian Road,CHARLES BAXTER,NOVEMBER 18 1887,NOVEMBER,18.0,1887.0
PER,0.9762828,532,539,wikisource_vol2_ch9_letter15.txt,R. L. S,CHARLES BAXTER,NOVEMBER 18 1887,NOVEMBER,18.0,1887.0
PER,0.9795257,923,930,wikisource_vol2_ch9_letter15.txt,R. L. S,CHARLES BAXTER,NOVEMBER 18 1887,NOVEMBER,18.0,1887.0
PER,0.9993166,11,27,wikisource_vol2_ch9_letter16.txt,Charles Scribner,CHARLES SCRIBNER,NOVEMBER 20 1887,NOVEMBER,20.0,1887.0
LOC,0.99807775,30,37,wikisource_vol2_ch9_letter16.txt,Saranac,CHARLES SCRIBNER,NOVEMBER 20 1887,NOVEMBER,20.0,1887.0
PER,0.9205044,77,85,wikisource_vol2_ch9_letter16.txt,Scribner,CHARLES SCRIBNER,NOVEMBER 20 1887,NOVEMBER,20.0,1887.0
PER,0.9957559,358,363,wikisource_vol2_ch9_letter16.txt,Clure,CHARLES SCRIBNER,NOVEMBER 20 1887,NOVEMBER,20.0,1887.0
PER,0.99378175,712,722,wikisource_vol2_ch9_letter16.txt,John Paton,CHARLES SCRIBNER,NOVEMBER 20 1887,NOVEMBER,20.0,1887.0
ORG,0.7162853,723,728,wikisource_vol2_ch9_letter16.txt,& Co.,CHARLES SCRIBNER,NOVEMBER 20 1887,NOVEMBER,20.0,1887.0
LOC,0.9903676,733,747,wikisource_vol2_ch9_letter16.txt,William Street,CHARLES SCRIBNER,NOVEMBER 20 1887,NOVEMBER,20.0,1887.0
PER,0.591173,860,866,wikisource_vol2_ch9_letter16.txt,Buster,CHARLES SCRIBNER,NOVEMBER 20 1887,NOVEMBER,20.0,1887.0
PER,0.999837,1078,1100,wikisource_vol2_ch9_letter16.txt,Robert Louis Stevenson,CHARLES SCRIBNER,NOVEMBER 20 1887,NOVEMBER,20.0,1887.0
PER,0.9744407,11,27,wikisource_vol2_ch9_letter17.txt,E. L. Burlingame,E. L. BURLINGAME,NOVEMBER 1887,NOVEMBER,,1887.0
LOC,0.49508855,29,33,wikisource_vol2_ch9_letter17.txt,Sara,E. L. BURLINGAME,NOVEMBER 1887,NOVEMBER,,1887.0
PER,0.92990994,33,36,wikisource_vol2_ch9_letter17.txt,##nac,E. L. BURLINGAME,NOVEMBER 1887,NOVEMBER,,1887.0
PER,0.99806476,62,72,wikisource_vol2_ch9_letter17.txt,Burlingame,E. L. BURLINGAME,NOVEMBER 1887,NOVEMBER,,1887.0
PER,0.9993081,445,453,wikisource_vol2_ch9_letter17.txt,Scribner,E. L. BURLINGAME,NOVEMBER 1887,NOVEMBER,,1887.0
PER,0.99942344,670,678,wikisource_vol2_ch9_letter17.txt,Scribner,E. L. BURLINGAME,NOVEMBER 1887,NOVEMBER,,1887.0
PER,0.9991633,1056,1064,wikisource_vol2_ch9_letter17.txt,Scribner,E. L. BURLINGAME,NOVEMBER 1887,NOVEMBER,,1887.0
PER,0.9989549,1306,1309,wikisource_vol2_ch9_letter17.txt,God,E. L. BURLINGAME,NOVEMBER 1887,NOVEMBER,,1887.0
LOC,0.6960158,1448,1454,wikisource_vol2_ch9_letter17.txt,Jekyll,E. L. BURLINGAME,NOVEMBER 1887,NOVEMBER,,1887.0
PER,0.9891682,1578,1585,wikisource_vol2_ch9_letter17.txt,Cassell,E. L. BURLINGAME,NOVEMBER 1887,NOVEMBER,,1887.0
PER,0.9994173,1773,1781,wikisource_vol2_ch9_letter17.txt,Scribner,E. L. BURLINGAME,NOVEMBER 1887,NOVEMBER,,1887.0
PER,0.8909376,1880,1887,wikisource_vol2_ch9_letter17.txt,Faiseur,E. L. BURLINGAME,NOVEMBER 1887,NOVEMBER,,1887.0
PER,0.9781636,11,36,wikisource_vol2_ch9_letter18.txt,E. L. Burlingame Saranac,E. L. BURLINGAME,NOVEMBER 1887,NOVEMBER,,1887.0
PER,0.99768186,62,72,wikisource_vol2_ch9_letter18.txt,Burlingame,E. L. BURLINGAME,NOVEMBER 1887,NOVEMBER,,1887.0
PER,0.9998459,758,780,wikisource_vol2_ch9_letter18.txt,Robert Louis Stevenson,E. L. BURLINGAME,NOVEMBER 1887,NOVEMBER,,1887.0
PER,0.9989777,11,24,wikisource_vol2_ch9_letter19.txt,J. A. Symonds,J. A. SYMONDS,NOVEMBER 21 1887,NOVEMBER,21.0,1887.0
LOC,0.99960035,26,38,wikisource_vol2_ch9_letter19.txt,Saranac Lake,J. A. SYMONDS,NOVEMBER 21 1887,NOVEMBER,21.0,1887.0
LOC,0.9997772,40,60,wikisource_vol2_ch9_letter19.txt,Adirondack Mountains,J. A. SYMONDS,NOVEMBER 21 1887,NOVEMBER,21.0,1887.0
LOC,0.9997366,62,70,wikisource_vol2_ch9_letter19.txt,New York,J. A. SYMONDS,NOVEMBER 21 1887,NOVEMBER,21.0,1887.0
LOC,0.9849945,72,78,wikisource_vol2_ch9_letter19.txt,U. S. A.,J. A. SYMONDS,NOVEMBER 21 1887,NOVEMBER,21.0,1887.0
LOC,0.9689225,305,312,wikisource_vol2_ch9_letter19.txt,Saranac,J. A. SYMONDS,NOVEMBER 21 1887,NOVEMBER,21.0,1887.0
LOC,0.99964917,439,445,wikisource_vol2_ch9_letter19.txt,Thames,J. A. SYMONDS,NOVEMBER 21 1887,NOVEMBER,21.0,1887.0
LOC,0.5179778,597,602,wikisource_vol2_ch9_letter19.txt,Banks,J. A. SYMONDS,NOVEMBER 21 1887,NOVEMBER,21.0,1887.0
LOC,0.99972993,631,639,wikisource_vol2_ch9_letter19.txt,New York,J. A. SYMONDS,NOVEMBER 21 1887,NOVEMBER,21.0,1887.0
LOC,0.9996587,652,659,wikisource_vol2_ch9_letter19.txt,Newport,J. A. SYMONDS,NOVEMBER 21 1887,NOVEMBER,21.0,1887.0
LOC,0.99969053,698,706,wikisource_vol2_ch9_letter19.txt,New York,J. A. SYMONDS,NOVEMBER 21 1887,NOVEMBER,21.0,1887.0
PER,0.9334202,744,755,wikisource_vol2_ch9_letter19.txt,St. Gaudens,J. A. SYMONDS,NOVEMBER 21 1887,NOVEMBER,21.0,1887.0
PER,0.99665725,800,803,wikisource_vol2_ch9_letter19.txt,Low,J. A. SYMONDS,NOVEMBER 21 1887,NOVEMBER,21.0,1887.0
LOC,0.99873114,1064,1069,wikisource_vol2_ch9_letter19.txt,Davos,J. A. SYMONDS,NOVEMBER 21 1887,NOVEMBER,21.0,1887.0
LOC,0.9997528,1150,1158,wikisource_vol2_ch9_letter19.txt,Scotland,J. A. SYMONDS,NOVEMBER 21 1887,NOVEMBER,21.0,1887.0
LOC,0.99975866,1174,1185,wikisource_vol2_ch9_letter19.txt,Switzerland,J. A. SYMONDS,NOVEMBER 21 1887,NOVEMBER,21.0,1887.0
LOC,0.99981135,1200,1207,wikisource_vol2_ch9_letter19.txt,America,J. A. SYMONDS,NOVEMBER 21 1887,NOVEMBER,21.0,1887.0
LOC,0.99902487,1230,1245,wikisource_vol2_ch9_letter19.txt,British Channel,J. A. SYMONDS,NOVEMBER 21 1887,NOVEMBER,21.0,1887.0
LOC,0.99845684,1416,1426,wikisource_vol2_ch9_letter19.txt,Perthshire,J. A. SYMONDS,NOVEMBER 21 1887,NOVEMBER,21.0,1887.0
PER,0.9991768,11,20,wikisource_vol2_ch9_letter2.txt,W. H. Low,W. H. LOW,AUGUST 6 1887,AUGUST,6.0,1887.0
LOC,0.94442,23,33,wikisource_vol2_ch9_letter2.txt,Skerryvore,W. H. LOW,AUGUST 6 1887,AUGUST,6.0,1887.0
LOC,0.99922705,35,46,wikisource_vol2_ch9_letter2.txt,Bournemouth,W. H. LOW,AUGUST 6 1887,AUGUST,6.0,1887.0
PER,0.76200074,198,204,wikisource_vol2_ch9_letter2.txt,Wilson,W. H. LOW,AUGUST 6 1887,AUGUST,6.0,1887.0
LOC,0.73457533,210,211,wikisource_vol2_ch9_letter2.txt,S,W. H. LOW,AUGUST 6 1887,AUGUST,6.0,1887.0
LOC,0.99510044,214,226,wikisource_vol2_ch9_letter2.txt,Ludgate Hill,W. H. LOW,AUGUST 6 1887,AUGUST,6.0,1887.0
LOC,0.99905324,249,254,wikisource_vol2_ch9_letter2.txt,N. Y.,W. H. LOW,AUGUST 6 1887,AUGUST,6.0,1887.0
LOC,0.9995371,303,310,wikisource_vol2_ch9_letter2.txt,Newport,W. H. LOW,AUGUST 6 1887,AUGUST,6.0,1887.0
LOC,0.99933624,374,388,wikisource_vol2_ch9_letter2.txt,La Bonne Villa,W. H. LOW,AUGUST 6 1887,AUGUST,6.0,1887.0
ORG,0.99741757,421,430,wikisource_vol2_ch9_letter2.txt,Scribners,W. H. LOW,AUGUST 6 1887,AUGUST,6.0,1887.0
PER,0.99405575,772,779,wikisource_vol2_ch9_letter2.txt,R. L. S,W. H. LOW,AUGUST 6 1887,AUGUST,6.0,1887.0
PER,0.99801886,11,32,wikisource_vol2_ch9_letter20.txt,W. E. Henley Saranac,W. E. HENLEY,DECEMBER 1887,DECEMBER,,1887.0
PER,0.99980277,103,108,wikisource_vol2_ch9_letter20.txt,Dumas,W. E. HENLEY,DECEMBER 1887,DECEMBER,,1887.0
PER,0.9993593,187,191,wikisource_vol2_ch9_letter20.txt,Lang,W. E. HENLEY,DECEMBER 1887,DECEMBER,,1887.0
PER,0.999667,196,209,wikisource_vol2_ch9_letter20.txt,Rider Haggard,W. E. HENLEY,DECEMBER 1887,DECEMBER,,1887.0
PER,0.99980134,438,443,wikisource_vol2_ch9_letter20.txt,Dumas,W. E. HENLEY,DECEMBER 1887,DECEMBER,,1887.0
ORG,0.6240363,1161,1173,wikisource_vol2_ch9_letter20.txt,Port Admiral,W. E. HENLEY,DECEMBER 1887,DECEMBER,,1887.0
LOC,0.9996182,1180,1186,wikisource_vol2_ch9_letter20.txt,Boston,W. E. HENLEY,DECEMBER 1887,DECEMBER,,1887.0
LOC,0.9973666,1234,1245,wikisource_vol2_ch9_letter20.txt,Lethe wharf,W. E. HENLEY,DECEMBER 1887,DECEMBER,,1887.0
PER,0.7474886,1275,1279,wikisource_vol2_ch9_letter20.txt,Lord,W. E. HENLEY,DECEMBER 1887,DECEMBER,,1887.0
PER,0.9125815,1356,1363,wikisource_vol2_ch9_letter20.txt,Hosanna,W. E. HENLEY,DECEMBER 1887,DECEMBER,,1887.0
ORG,0.4863612,1463,1475,wikisource_vol2_ch9_letter20.txt,Port Admiral,W. E. HENLEY,DECEMBER 1887,DECEMBER,,1887.0
ORG,0.8422721,1624,1640,wikisource_vol2_ch9_letter20.txt,Finsbury Tontine,W. E. HENLEY,DECEMBER 1887,DECEMBER,,1887.0
PER,0.99736,1803,1808,wikisource_vol2_ch9_letter20.txt,Taine,W. E. HENLEY,DECEMBER 1887,DECEMBER,,1887.0
PER,0.9995674,1889,1900,wikisource_vol2_ch9_letter20.txt,Charles Fox,W. E. HENLEY,DECEMBER 1887,DECEMBER,,1887.0
PER,0.99536645,16,31,wikisource_vol2_ch9_letter21.txt,Fleeming Jenkin,MRS. FLEEMING JENKIN,DECEMBER 1887,DECEMBER,,1887.0
LOC,0.99908215,34,46,wikisource_vol2_ch9_letter21.txt,Saranac Lake,MRS. FLEEMING JENKIN,DECEMBER 1887,DECEMBER,,1887.0
PER,0.86742115,77,83,wikisource_vol2_ch9_letter21.txt,Jenkin,MRS. FLEEMING JENKIN,DECEMBER 1887,DECEMBER,,1887.0
LOC,0.9996114,346,354,wikisource_vol2_ch9_letter21.txt,New York,MRS. FLEEMING JENKIN,DECEMBER 1887,DECEMBER,,1887.0
PER,0.99945647,356,361,wikisource_vol2_ch9_letter21.txt,Lloyd,MRS. FLEEMING JENKIN,DECEMBER 1887,DECEMBER,,1887.0
LOC,0.99982774,368,374,wikisource_vol2_ch9_letter21.txt,Boston,MRS. FLEEMING JENKIN,DECEMBER 1887,DECEMBER,,1887.0
PER,0.9181345,942,950,wikisource_vol2_ch9_letter21.txt,Fleeming,MRS. FLEEMING JENKIN,DECEMBER 1887,DECEMBER,,1887.0
LOC,0.9996799,1146,1152,wikisource_vol2_ch9_letter21.txt,States,MRS. FLEEMING JENKIN,DECEMBER 1887,DECEMBER,,1887.0
ORG,0.99872154,1162,1171,wikisource_vol2_ch9_letter21.txt,Scribners,MRS. FLEEMING JENKIN,DECEMBER 1887,DECEMBER,,1887.0
PER,0.84632176,1241,1249,wikisource_vol2_ch9_letter21.txt,Fleeming,MRS. FLEEMING JENKIN,DECEMBER 1887,DECEMBER,,1887.0
LOC,0.9998047,1590,1596,wikisource_vol2_ch9_letter21.txt,France,MRS. FLEEMING JENKIN,DECEMBER 1887,DECEMBER,,1887.0
LOC,0.999814,1601,1608,wikisource_vol2_ch9_letter21.txt,England,MRS. FLEEMING JENKIN,DECEMBER 1887,DECEMBER,,1887.0
LOC,0.999788,1635,1642,wikisource_vol2_ch9_letter21.txt,America,MRS. FLEEMING JENKIN,DECEMBER 1887,DECEMBER,,1887.0
PER,0.99961287,1799,1804,wikisource_vol2_ch9_letter21.txt,Fanny,MRS. FLEEMING JENKIN,DECEMBER 1887,DECEMBER,,1887.0
PER,0.9996851,1888,1910,wikisource_vol2_ch9_letter21.txt,Robert Louis Stevenson,MRS. FLEEMING JENKIN,DECEMBER 1887,DECEMBER,,1887.0
PER,0.99948645,16,31,wikisource_vol2_ch9_letter22.txt,Adelaide Boodle,MISS ADELAIDE BOODLE,DECEMBER 1887,DECEMBER,,1887.0
LOC,0.9992477,34,46,wikisource_vol2_ch9_letter22.txt,Saranac Lake,MISS ADELAIDE BOODLE,DECEMBER 1887,DECEMBER,,1887.0
PER,0.9733746,77,83,wikisource_vol2_ch9_letter22.txt,Boodle,MISS ADELAIDE BOODLE,DECEMBER 1887,DECEMBER,,1887.0
LOC,0.9994981,913,921,wikisource_vol2_ch9_letter22.txt,New York,MISS ADELAIDE BOODLE,DECEMBER 1887,DECEMBER,,1887.0
PER,0.9991906,946,951,wikisource_vol2_ch9_letter22.txt,Lloyd,MISS ADELAIDE BOODLE,DECEMBER 1887,DECEMBER,,1887.0
LOC,0.99971265,958,964,wikisource_vol2_ch9_letter22.txt,Boston,MISS ADELAIDE BOODLE,DECEMBER 1887,DECEMBER,,1887.0
PER,0.9988624,994,1003,wikisource_vol2_ch9_letter22.txt,Valentine,MISS ADELAIDE BOODLE,DECEMBER 1887,DECEMBER,,1887.0
PER,0.77246726,1969,1975,wikisource_vol2_ch9_letter22.txt,Boodle,MISS ADELAIDE BOODLE,DECEMBER 1887,DECEMBER,,1887.0
PER,0.999576,11,34,wikisource_vol2_ch9_letter23.txt,Charles Baxter Saranac,CHARLES BAXTER,DECEMBER 12 1887,DECEMBER,12.0,1887.0
PER,0.9982646,128,135,wikisource_vol2_ch9_letter23.txt,Charles,CHARLES BAXTER,DECEMBER 12 1887,DECEMBER,12.0,1887.0
PER,0.99942625,271,274,wikisource_vol2_ch9_letter23.txt,God,CHARLES BAXTER,DECEMBER 12 1887,DECEMBER,12.0,1887.0
PER,0.9884209,533,548,wikisource_vol2_ch9_letter23.txt,Lord Warmingpan,CHARLES BAXTER,DECEMBER 12 1887,DECEMBER,12.0,1887.0
PER,0.8474731,721,731,wikisource_vol2_ch9_letter23.txt,Warmingpan,CHARLES BAXTER,DECEMBER 12 1887,DECEMBER,12.0,1887.0
LOC,0.99941087,759,765,wikisource_vol2_ch9_letter23.txt,London,CHARLES BAXTER,DECEMBER 12 1887,DECEMBER,12.0,1887.0
LOC,0.9997657,767,774,wikisource_vol2_ch9_letter23.txt,England,CHARLES BAXTER,DECEMBER 12 1887,DECEMBER,12.0,1887.0
ORG,0.888329,884,893,wikisource_vol2_ch9_letter23.txt,The Union,CHARLES BAXTER,DECEMBER 12 1887,DECEMBER,12.0,1887.0
PER,0.99954575,1048,1054,wikisource_vol2_ch9_letter23.txt,Henley,CHARLES BAXTER,DECEMBER 12 1887,DECEMBER,12.0,1887.0
PER,0.9995525,1059,1066,wikisource_vol2_ch9_letter23.txt,Pollick,CHARLES BAXTER,DECEMBER 12 1887,DECEMBER,12.0,1887.0
LOC,0.9983772,1084,1090,wikisource_vol2_ch9_letter23.txt,London,CHARLES BAXTER,DECEMBER 12 1887,DECEMBER,12.0,1887.0
PER,0.786315,1311,1321,wikisource_vol2_ch9_letter23.txt,Mebbe Lang,CHARLES BAXTER,DECEMBER 12 1887,DECEMBER,12.0,1887.0
PER,0.99979115,1342,1356,wikisource_vol2_ch9_letter23.txt,Rider Haggyard,CHARLES BAXTER,DECEMBER 12 1887,DECEMBER,12.0,1887.0
ORG,0.500133,1374,1379,wikisource_vol2_ch9_letter23.txt,Union,CHARLES BAXTER,DECEMBER 12 1887,DECEMBER,12.0,1887.0
PER,0.9992129,1419,1429,wikisource_vol2_ch9_letter23.txt,Warmingpan,CHARLES BAXTER,DECEMBER 12 1887,DECEMBER,12.0,1887.0
PER,0.9985372,1447,1454,wikisource_vol2_ch9_letter23.txt,Thomson,CHARLES BAXTER,DECEMBER 12 1887,DECEMBER,12.0,1887.0
PER,0.9992091,1462,1484,wikisource_vol2_ch9_letter23.txt,Robert Louis Stevenson,CHARLES BAXTER,DECEMBER 12 1887,DECEMBER,12.0,1887.0
PER,0.94944525,1498,1508,wikisource_vol2_ch9_letter23.txt,Warminster,CHARLES BAXTER,DECEMBER 12 1887,DECEMBER,12.0,1887.0
PER,0.5326582,16,22,wikisource_vol2_ch9_letter24.txt,Monroe,MISS MONROE,DECEMBER 19 1887,DECEMBER,19.0,1887.0
LOC,0.99747515,24,36,wikisource_vol2_ch9_letter24.txt,Saranac Lake,MISS MONROE,DECEMBER 19 1887,DECEMBER,19.0,1887.0
LOC,0.99962354,38,46,wikisource_vol2_ch9_letter24.txt,New York,MISS MONROE,DECEMBER 19 1887,DECEMBER,19.0,1887.0
PER,0.8912549,78,84,wikisource_vol2_ch9_letter24.txt,Monroe,MISS MONROE,DECEMBER 19 1887,DECEMBER,19.0,1887.0
LOC,0.99982077,170,177,wikisource_vol2_ch9_letter24.txt,Chicago,MISS MONROE,DECEMBER 19 1887,DECEMBER,19.0,1887.0
LOC,0.99979323,958,965,wikisource_vol2_ch9_letter24.txt,Chicago,MISS MONROE,DECEMBER 19 1887,DECEMBER,19.0,1887.0
PER,0.9991357,1086,1092,wikisource_vol2_ch9_letter24.txt,Deacon,MISS MONROE,DECEMBER 19 1887,DECEMBER,19.0,1887.0
PER,0.9998149,1343,1365,wikisource_vol2_ch9_letter24.txt,Robert Louis Stevenson,MISS MONROE,DECEMBER 19 1887,DECEMBER,19.0,1887.0
PER,0.9988607,11,22,wikisource_vol2_ch9_letter25.txt,Henry James,HENRY JAMES,WINTER 1887,WINTER,,1887.0
LOC,0.8278339,24,36,wikisource_vol2_ch9_letter25.txt,Saranac Lake,HENRY JAMES,WINTER 1887,WINTER,,1887.0
PER,0.9980434,61,72,wikisource_vol2_ch9_letter25.txt,Henry James,HENRY JAMES,WINTER 1887,WINTER,,1887.0
PER,0.9977725,238,243,wikisource_vol2_ch9_letter25.txt,Fanny,HENRY JAMES,WINTER 1887,WINTER,,1887.0
PER,0.99711454,245,250,wikisource_vol2_ch9_letter25.txt,Lloyd,HENRY JAMES,WINTER 1887,WINTER,,1887.0
PER,0.9995441,832,847,wikisource_vol2_ch9_letter25.txt,Roderick Hudson,HENRY JAMES,WINTER 1887,WINTER,,1887.0
PER,0.9997125,872,877,wikisource_vol2_ch9_letter25.txt,James,HENRY JAMES,WINTER 1887,WINTER,,1887.0
PER,0.9990632,936,942,wikisource_vol2_ch9_letter25.txt,Hudson,HENRY JAMES,WINTER 1887,WINTER,,1887.0
PER,0.88230246,949,955,wikisource_vol2_ch9_letter25.txt,Hudson,HENRY JAMES,WINTER 1887,WINTER,,1887.0
PER,0.9989034,957,964,wikisource_vol2_ch9_letter25.txt,Rowland,HENRY JAMES,WINTER 1887,WINTER,,1887.0
PER,0.9996922,985,992,wikisource_vol2_ch9_letter25.txt,Rowland,HENRY JAMES,WINTER 1887,WINTER,,1887.0
PER,0.9996538,1013,1019,wikisource_vol2_ch9_letter25.txt,Hudson,HENRY JAMES,WINTER 1887,WINTER,,1887.0
PER,0.99954385,1058,1064,wikisource_vol2_ch9_letter25.txt,Hudson,HENRY JAMES,WINTER 1887,WINTER,,1887.0
PER,0.88528657,1091,1093,wikisource_vol2_ch9_letter25.txt,H.,HENRY JAMES,WINTER 1887,WINTER,,1887.0
PER,0.87738186,1262,1266,wikisource_vol2_ch9_letter25.txt,R. H,HENRY JAMES,WINTER 1887,WINTER,,1887.0
PER,0.99923503,1506,1514,wikisource_vol2_ch9_letter25.txt,Roderick,HENRY JAMES,WINTER 1887,WINTER,,1887.0
PER,0.99975204,1864,1886,wikisource_vol2_ch9_letter25.txt,Robert Louis Stevenson,HENRY JAMES,WINTER 1887,WINTER,,1887.0
PER,0.8250301,1890,1891,wikisource_vol2_ch9_letter25.txt,S,HENRY JAMES,WINTER 1887,WINTER,,1887.0
PER,0.89024734,11,24,wikisource_vol2_ch9_letter26.txt,Sidney Colvin,SIDNEY COLVIN,DECEMBER 1887,DECEMBER,,1887.0
LOC,0.99720716,26,38,wikisource_vol2_ch9_letter26.txt,Saranac Lake,SIDNEY COLVIN,DECEMBER 1887,DECEMBER,,1887.0
LOC,0.9992707,205,210,wikisource_vol2_ch9_letter26.txt,Davos,SIDNEY COLVIN,DECEMBER 1887,DECEMBER,,1887.0
LOC,0.998015,502,510,wikisource_vol2_ch9_letter26.txt,Mehercle,SIDNEY COLVIN,DECEMBER 1887,DECEMBER,,1887.0
LOC,0.9971008,763,770,wikisource_vol2_ch9_letter26.txt,Saranac,SIDNEY COLVIN,DECEMBER 1887,DECEMBER,,1887.0
PER,0.9994618,1165,1173,wikisource_vol2_ch9_letter26.txt,Scribner,SIDNEY COLVIN,DECEMBER 1887,DECEMBER,,1887.0
PER,0.99971586,1353,1358,wikisource_vol2_ch9_letter26.txt,Smith,SIDNEY COLVIN,DECEMBER 1887,DECEMBER,,1887.0
PER,0.9842822,11,24,wikisource_vol2_ch9_letter27.txt,Sidney Colvin,SIDNEY COLVIN,DECEMBER 24 1887,DECEMBER,24.0,1887.0
LOC,0.9949493,27,34,wikisource_vol2_ch9_letter27.txt,Saranac,SIDNEY COLVIN,DECEMBER 24 1887,DECEMBER,24.0,1887.0
PER,0.9970196,127,133,wikisource_vol2_ch9_letter27.txt,Virgil,SIDNEY COLVIN,DECEMBER 24 1887,DECEMBER,24.0,1887.0
PER,0.9303386,206,211,wikisource_vol2_ch9_letter27.txt,Taine,SIDNEY COLVIN,DECEMBER 24 1887,DECEMBER,24.0,1887.0
PER,0.73296195,635,639,wikisource_vol2_ch9_letter27.txt,Lord,SIDNEY COLVIN,DECEMBER 24 1887,DECEMBER,24.0,1887.0
PER,0.91299516,640,650,wikisource_vol2_ch9_letter27.txt,Durrisdeer,SIDNEY COLVIN,DECEMBER 24 1887,DECEMBER,24.0,1887.0
PER,0.65259004,660,666,wikisource_vol2_ch9_letter27.txt,Master,SIDNEY COLVIN,DECEMBER 24 1887,DECEMBER,24.0,1887.0
LOC,0.7177831,670,674,wikisource_vol2_ch9_letter27.txt,Ball,SIDNEY COLVIN,DECEMBER 24 1887,DECEMBER,24.0,1887.0
PER,0.5706722,674,677,wikisource_vol2_ch9_letter27.txt,##ant,SIDNEY COLVIN,DECEMBER 24 1887,DECEMBER,24.0,1887.0
LOC,0.63932383,677,680,wikisource_vol2_ch9_letter27.txt,##rae,SIDNEY COLVIN,DECEMBER 24 1887,DECEMBER,24.0,1887.0
PER,0.9997227,690,701,wikisource_vol2_ch9_letter27.txt,Henry Durie,SIDNEY COLVIN,DECEMBER 24 1887,DECEMBER,24.0,1887.0
PER,0.9997344,717,727,wikisource_vol2_ch9_letter27.txt,Clementina,SIDNEY COLVIN,DECEMBER 24 1887,DECEMBER,24.0,1887.0
PER,0.9981767,778,795,wikisource_vol2_ch9_letter27.txt,Ephraim Mackellar,SIDNEY COLVIN,DECEMBER 24 1887,DECEMBER,24.0,1887.0
PER,0.5064348,797,804,wikisource_vol2_ch9_letter27.txt,Land St,SIDNEY COLVIN,DECEMBER 24 1887,DECEMBER,24.0,1887.0
LOC,0.90423167,813,823,wikisource_vol2_ch9_letter27.txt,Durrisdeer,SIDNEY COLVIN,DECEMBER 24 1887,DECEMBER,24.0,1887.0
PER,0.9997165,866,879,wikisource_vol2_ch9_letter27.txt,Francis Burke,SIDNEY COLVIN,DECEMBER 24 1887,DECEMBER,24.0,1887.0
PER,0.8201149,881,903,wikisource_vol2_ch9_letter27.txt,Chevalier de St. Louis,SIDNEY COLVIN,DECEMBER 24 1887,DECEMBER,24.0,1887.0
PER,0.5367897,919,926,wikisource_vol2_ch9_letter27.txt,Charlie,SIDNEY COLVIN,DECEMBER 24 1887,DECEMBER,24.0,1887.0
PER,0.9997261,1033,1045,wikisource_vol2_ch9_letter27.txt,Jessie Brown,SIDNEY COLVIN,DECEMBER 24 1887,DECEMBER,24.0,1887.0
PER,0.9996121,1065,1070,wikisource_vol2_ch9_letter27.txt,Crail,SIDNEY COLVIN,DECEMBER 24 1887,DECEMBER,24.0,1887.0
PER,0.99961215,1080,1089,wikisource_vol2_ch9_letter27.txt,MacCombie,SIDNEY COLVIN,DECEMBER 24 1887,DECEMBER,24.0,1887.0
PER,0.99975866,1106,1116,wikisource_vol2_ch9_letter27.txt,Alan Breck,SIDNEY COLVIN,DECEMBER 24 1887,DECEMBER,24.0,1887.0
PER,0.9862225,1133,1138,wikisource_vol2_ch9_letter27.txt,Riach,SIDNEY COLVIN,DECEMBER 24 1887,DECEMBER,24.0,1887.0
PER,0.98968667,1167,1172,wikisource_vol2_ch9_letter27.txt,Teach,SIDNEY COLVIN,DECEMBER 24 1887,DECEMBER,24.0,1887.0
PER,0.99865323,1194,1204,wikisource_vol2_ch9_letter27.txt,Blackbeard,SIDNEY COLVIN,DECEMBER 24 1887,DECEMBER,24.0,1887.0
PER,0.99977386,1207,1216,wikisource_vol2_ch9_letter27.txt,John Paul,SIDNEY COLVIN,DECEMBER 24 1887,DECEMBER,24.0,1887.0
PER,0.9996961,1221,1232,wikisource_vol2_ch9_letter27.txt,Macconochie,SIDNEY COLVIN,DECEMBER 24 1887,DECEMBER,24.0,1887.0
LOC,0.93257,1246,1256,wikisource_vol2_ch9_letter27.txt,Durrisdeer,SIDNEY COLVIN,DECEMBER 24 1887,DECEMBER,24.0,1887.0
LOC,0.99686265,1312,1325,wikisource_vol2_ch9_letter27.txt,Kirkcudbright,SIDNEY COLVIN,DECEMBER 24 1887,DECEMBER,24.0,1887.0
LOC,0.99978536,1334,1340,wikisource_vol2_ch9_letter27.txt,States,SIDNEY COLVIN,DECEMBER 24 1887,DECEMBER,24.0,1887.0
LOC,0.987333,1373,1391,wikisource_vol2_ch9_letter27.txt,French East Indies,SIDNEY COLVIN,DECEMBER 24 1887,DECEMBER,24.0,1887.0
PER,0.99973965,1500,1510,wikisource_vol2_ch9_letter27.txt,Clementina,SIDNEY COLVIN,DECEMBER 24 1887,DECEMBER,24.0,1887.0
PER,0.99822706,1518,1522,wikisource_vol2_ch9_letter27.txt,Lord,SIDNEY COLVIN,DECEMBER 24 1887,DECEMBER,24.0,1887.0
PER,0.9970861,1525,1535,wikisource_vol2_ch9_letter27.txt,Clementina,SIDNEY COLVIN,DECEMBER 24 1887,DECEMBER,24.0,1887.0
PER,0.9996618,1537,1542,wikisource_vol2_ch9_letter27.txt,Henry,SIDNEY COLVIN,DECEMBER 24 1887,DECEMBER,24.0,1887.0
PER,0.99976796,1548,1557,wikisource_vol2_ch9_letter27.txt,Mackellar,SIDNEY COLVIN,DECEMBER 24 1887,DECEMBER,24.0,1887.0
PER,0.9970352,1569,1579,wikisource_vol2_ch9_letter27.txt,Squaretoes,SIDNEY COLVIN,DECEMBER 24 1887,DECEMBER,24.0,1887.0
PER,0.99454194,1615,1621,wikisource_vol2_ch9_letter27.txt,Master,SIDNEY COLVIN,DECEMBER 24 1887,DECEMBER,24.0,1887.0
PER,0.99465674,16,31,wikisource_vol2_ch9_letter28.txt,Adelaide Boodle,MISS ADELAIDE BOODLE,DECEMBER 25 1887,DECEMBER,25.0,1887.0
LOC,0.996116,33,45,wikisource_vol2_ch9_letter28.txt,Saranac Lake,MISS ADELAIDE BOODLE,DECEMBER 25 1887,DECEMBER,25.0,1887.0
LOC,0.99457526,47,58,wikisource_vol2_ch9_letter28.txt,Adirondacks,MISS ADELAIDE BOODLE,DECEMBER 25 1887,DECEMBER,25.0,1887.0
LOC,0.9828768,60,64,wikisource_vol2_ch9_letter28.txt,N. Y.,MISS ADELAIDE BOODLE,DECEMBER 25 1887,DECEMBER,25.0,1887.0
LOC,0.96288246,66,72,wikisource_vol2_ch9_letter28.txt,U. S. A.,MISS ADELAIDE BOODLE,DECEMBER 25 1887,DECEMBER,25.0,1887.0
PER,0.99105525,103,109,wikisource_vol2_ch9_letter28.txt,Boodle,MISS ADELAIDE BOODLE,DECEMBER 25 1887,DECEMBER,25.0,1887.0
PER,0.999466,481,487,wikisource_vol2_ch9_letter28.txt,Baxter,MISS ADELAIDE BOODLE,DECEMBER 25 1887,DECEMBER,25.0,1887.0
PER,0.979749,804,812,wikisource_vol2_ch9_letter28.txt,R. L. S.,MISS ADELAIDE BOODLE,DECEMBER 25 1887,DECEMBER,25.0,1887.0
ORG,0.99956924,1320,1339,wikisource_vol2_ch9_letter28.txt,Scribner ' S Magazine,MISS ADELAIDE BOODLE,DECEMBER 25 1887,DECEMBER,25.0,1887.0
PER,0.9319521,1539,1549,wikisource_vol2_ch9_letter28.txt,The Master,MISS ADELAIDE BOODLE,DECEMBER 25 1887,DECEMBER,25.0,1887.0
PER,0.9997198,1800,1822,wikisource_vol2_ch9_letter28.txt,Robert Louis Stevenson,MISS ADELAIDE BOODLE,DECEMBER 25 1887,DECEMBER,25.0,1887.0
PER,0.9433568,1826,1827,wikisource_vol2_ch9_letter28.txt,S,MISS ADELAIDE BOODLE,DECEMBER 25 1887,DECEMBER,25.0,1887.0
PER,0.9973469,11,25,wikisource_vol2_ch9_letter29.txt,Charles Baxter,CHARLES BAXTER,JANUARY 1888,JANUARY,,1888.0
LOC,0.9849581,27,39,wikisource_vol2_ch9_letter29.txt,Saranac Lake,CHARLES BAXTER,JANUARY 1888,JANUARY,,1888.0
PER,0.9952844,59,66,wikisource_vol2_ch9_letter29.txt,Charles,CHARLES BAXTER,JANUARY 1888,JANUARY,,1888.0
PER,0.9997639,184,201,wikisource_vol2_ch9_letter29.txt,Ephraim Mackellar,CHARLES BAXTER,JANUARY 1888,JANUARY,,1888.0
LOC,0.9473055,203,206,wikisource_vol2_ch9_letter29.txt,A. M,CHARLES BAXTER,JANUARY 1888,JANUARY,,1888.0
LOC,0.838352,230,240,wikisource_vol2_ch9_letter29.txt,Durrisdeer,CHARLES BAXTER,JANUARY 1888,JANUARY,,1888.0
PER,0.93494916,349,359,wikisource_vol2_ch9_letter29.txt,Durrisdeer,CHARLES BAXTER,JANUARY 1888,JANUARY,,1888.0
PER,0.8417355,448,457,wikisource_vol2_ch9_letter29.txt,Master of,CHARLES BAXTER,JANUARY 1888,JANUARY,,1888.0
LOC,0.88615626,458,468,wikisource_vol2_ch9_letter29.txt,Ballantrae,CHARLES BAXTER,JANUARY 1888,JANUARY,,1888.0
PER,0.99160385,502,521,wikisource_vol2_ch9_letter29.txt,John Macbrair. W. S.,CHARLES BAXTER,JANUARY 1888,JANUARY,,1888.0
PER,0.9996615,703,711,wikisource_vol2_ch9_letter29.txt,Macbrair,CHARLES BAXTER,JANUARY 1888,JANUARY,,1888.0
ORG,0.5889333,727,730,wikisource_vol2_ch9_letter29.txt,##ris,CHARLES BAXTER,JANUARY 1888,JANUARY,,1888.0
PER,0.9995863,813,821,wikisource_vol2_ch9_letter29.txt,Macbrair,CHARLES BAXTER,JANUARY 1888,JANUARY,,1888.0
LOC,0.99946946,1101,1110,wikisource_vol2_ch9_letter29.txt,Edinburgh,CHARLES BAXTER,JANUARY 1888,JANUARY,,1888.0
PER,0.98997146,1276,1282,wikisource_vol2_ch9_letter29.txt,R. L S,CHARLES BAXTER,JANUARY 1888,JANUARY,,1888.0
PER,0.9997239,1311,1328,wikisource_vol2_ch9_letter29.txt,Johnstone Thomson,CHARLES BAXTER,JANUARY 1888,JANUARY,,1888.0
PER,0.7500639,1330,1333,wikisource_vol2_ch9_letter29.txt,W. S,CHARLES BAXTER,JANUARY 1888,JANUARY,,1888.0
PER,0.99703854,16,31,wikisource_vol2_ch9_letter3.txt,Adelaide Boodle,MISS ADELAIDE BOODLE,AUGUST 19 1887,AUGUST,19.0,1887.0
LOC,0.99854463,33,44,wikisource_vol2_ch9_letter3.txt,Bournemouth,MISS ADELAIDE BOODLE,AUGUST 19 1887,AUGUST,19.0,1887.0
PER,0.9973202,78,84,wikisource_vol2_ch9_letter3.txt,Boodle,MISS ADELAIDE BOODLE,AUGUST 19 1887,AUGUST,19.0,1887.0
LOC,0.51849014,409,410,wikisource_vol2_ch9_letter3.txt,S,MISS ADELAIDE BOODLE,AUGUST 19 1887,AUGUST,19.0,1887.0
PER,0.83342123,410,419,wikisource_vol2_ch9_letter3.txt,##kerryvore,MISS ADELAIDE BOODLE,AUGUST 19 1887,AUGUST,19.0,1887.0
LOC,0.99955493,448,454,wikisource_vol2_ch9_letter3.txt,Canada,MISS ADELAIDE BOODLE,AUGUST 19 1887,AUGUST,19.0,1887.0
PER,0.9997905,606,628,wikisource_vol2_ch9_letter3.txt,Robert Louis Stevenson,MISS ADELAIDE BOODLE,AUGUST 19 1887,AUGUST,19.0,1887.0
PER,0.9990599,11,36,wikisource_vol2_ch9_letter30.txt,E. L. Burlingame Saranac,E. L. BURLINGAME,WINTER 1887,WINTER,,1887.0
PER,0.9911545,62,72,wikisource_vol2_ch9_letter30.txt,Burlingame,E. L. BURLINGAME,WINTER 1887,WINTER,,1887.0
LOC,0.79194653,533,540,wikisource_vol2_ch9_letter30.txt,Ballant,E. L. BURLINGAME,WINTER 1887,WINTER,,1887.0
ORG,0.42704627,540,543,wikisource_vol2_ch9_letter30.txt,##rae,E. L. BURLINGAME,WINTER 1887,WINTER,,1887.0
ORG,0.86018765,906,915,wikisource_vol2_ch9_letter30.txt,Bona Fide,E. L. BURLINGAME,WINTER 1887,WINTER,,1887.0
LOC,0.9998716,930,937,wikisource_vol2_ch9_letter30.txt,England,E. L. BURLINGAME,WINTER 1887,WINTER,,1887.0
LOC,0.9820791,1329,1339,wikisource_vol2_ch9_letter30.txt,Ballantrae,E. L. BURLINGAME,WINTER 1887,WINTER,,1887.0
LOC,0.9978187,1370,1378,wikisource_vol2_ch9_letter30.txt,Scotland,E. L. BURLINGAME,WINTER 1887,WINTER,,1887.0
LOC,0.9894147,1385,1391,wikisource_vol2_ch9_letter30.txt,States,E. L. BURLINGAME,WINTER 1887,WINTER,,1887.0
LOC,0.9991235,1394,1402,wikisource_vol2_ch9_letter30.txt,Scotland,E. L. BURLINGAME,WINTER 1887,WINTER,,1887.0
LOC,0.99957746,1405,1410,wikisource_vol2_ch9_letter30.txt,India,E. L. BURLINGAME,WINTER 1887,WINTER,,1887.0
LOC,0.9997515,1413,1421,wikisource_vol2_ch9_letter30.txt,Scotland,E. L. BURLINGAME,WINTER 1887,WINTER,,1887.0
LOC,0.9972249,1432,1438,wikisource_vol2_ch9_letter30.txt,States,E. L. BURLINGAME,WINTER 1887,WINTER,,1887.0
LOC,0.9876187,1495,1501,wikisource_vol2_ch9_letter30.txt,States,E. L. BURLINGAME,WINTER 1887,WINTER,,1887.0
PER,0.9991535,1542,1547,wikisource_vol2_ch9_letter30.txt,Drake,E. L. BURLINGAME,WINTER 1887,WINTER,,1887.0
PER,0.99935156,1861,1883,wikisource_vol2_ch9_letter30.txt,Robert Louis Stevenson,E. L. BURLINGAME,WINTER 1887,WINTER,,1887.0
PER,0.58739877,1887,1888,wikisource_vol2_ch9_letter30.txt,S,E. L. BURLINGAME,WINTER 1887,WINTER,,1887.0
PER,0.97180563,1954,1958,wikisource_vol2_ch9_letter30.txt,Hole,E. L. BURLINGAME,WINTER 1887,WINTER,,1887.0
PER,0.99529684,11,25,wikisource_vol2_ch9_letter31.txt,William Archer,WILLIAM ARCHER,WINTER 1887,WINTER,,1887.0
LOC,0.99710083,28,35,wikisource_vol2_ch9_letter31.txt,Saranac,WILLIAM ARCHER,WINTER 1887,WINTER,,1887.0
LOC,0.9561598,828,837,wikisource_vol2_ch9_letter31.txt,Bashville,WILLIAM ARCHER,WINTER 1887,WINTER,,1887.0
PER,0.84419864,896,905,wikisource_vol2_ch9_letter31.txt,Bashville,WILLIAM ARCHER,WINTER 1887,WINTER,,1887.0
PER,0.8868494,990,999,wikisource_vol2_ch9_letter31.txt,Bashville,WILLIAM ARCHER,WINTER 1887,WINTER,,1887.0
PER,0.7900261,1029,1038,wikisource_vol2_ch9_letter31.txt,Bashville,WILLIAM ARCHER,WINTER 1887,WINTER,,1887.0
PER,0.9995848,1200,1212,wikisource_vol2_ch9_letter31.txt,Walter Scott,WILLIAM ARCHER,WINTER 1887,WINTER,,1887.0
PER,0.9996865,1218,1223,wikisource_vol2_ch9_letter31.txt,Dumas,WILLIAM ARCHER,WINTER 1887,WINTER,,1887.0
PER,0.98995996,1609,1613,wikisource_vol2_ch9_letter31.txt,Shaw,WILLIAM ARCHER,WINTER 1887,WINTER,,1887.0
PER,0.99886215,1789,1792,wikisource_vol2_ch9_letter31.txt,God,WILLIAM ARCHER,WINTER 1887,WINTER,,1887.0
PER,0.99808884,11,34,wikisource_vol2_ch9_letter32.txt,William Archer Saranac,WILLIAM ARCHER,FEBRUARY 1888,FEBRUARY,,1888.0
PER,0.9995605,151,157,wikisource_vol2_ch9_letter32.txt,Jenkin,WILLIAM ARCHER,FEBRUARY 1888,FEBRUARY,,1888.0
PER,0.9998072,617,622,wikisource_vol2_ch9_letter32.txt,Dumas,WILLIAM ARCHER,FEBRUARY 1888,FEBRUARY,,1888.0
PER,0.9820223,1182,1186,wikisource_vol2_ch9_letter32.txt,Boss,WILLIAM ARCHER,FEBRUARY 1888,FEBRUARY,,1888.0
PER,0.97997504,1191,1200,wikisource_vol2_ch9_letter32.txt,Parsonise,WILLIAM ARCHER,FEBRUARY 1888,FEBRUARY,,1888.0
PER,0.8501744,1205,1213,wikisource_vol2_ch9_letter32.txt,Dominate,WILLIAM ARCHER,FEBRUARY 1888,FEBRUARY,,1888.0
PER,0.99932295,1436,1445,wikisource_vol2_ch9_letter32.txt,Tomarcher,WILLIAM ARCHER,FEBRUARY 1888,FEBRUARY,,1888.0
PER,0.54947865,1468,1473,wikisource_vol2_ch9_letter32.txt,Moral,WILLIAM ARCHER,FEBRUARY 1888,FEBRUARY,,1888.0
PER,0.8932912,1474,1487,wikisource_vol2_ch9_letter32.txt,R. L. S. Tell,WILLIAM ARCHER,FEBRUARY 1888,FEBRUARY,,1888.0
PER,0.75183034,1488,1492,wikisource_vol2_ch9_letter32.txt,Shaw,WILLIAM ARCHER,FEBRUARY 1888,FEBRUARY,,1888.0
PER,0.99944437,11,25,wikisource_vol2_ch9_letter33.txt,William Archer,WILLIAM ARCHER,SPRING 1888,SPRING,,1888.0
LOC,0.9972105,28,35,wikisource_vol2_ch9_letter33.txt,Saranac,WILLIAM ARCHER,SPRING 1888,SPRING,,1888.0
PER,0.8790885,682,685,wikisource_vol2_ch9_letter33.txt,Lac,WILLIAM ARCHER,SPRING 1888,SPRING,,1888.0
PER,0.99984926,961,983,wikisource_vol2_ch9_letter33.txt,Robert Louis Stevenson,WILLIAM ARCHER,SPRING 1888,SPRING,,1888.0
PER,0.99914235,11,36,wikisource_vol2_ch9_letter34.txt,E. L. Burlingame Saranac,E. L. BURLINGAME,FEBRUARY 1888,FEBRUARY,,1888.0
PER,0.99924636,63,73,wikisource_vol2_ch9_letter34.txt,Burlingame,E. L. BURLINGAME,FEBRUARY 1888,FEBRUARY,,1888.0
PER,0.9998043,146,160,wikisource_vol2_ch9_letter34.txt,G. P. R. James,E. L. BURLINGAME,FEBRUARY 1888,FEBRUARY,,1888.0
LOC,0.9962279,422,445,wikisource_vol2_ch9_letter34.txt,Franklin County Library,E. L. BURLINGAME,FEBRUARY 1888,FEBRUARY,,1888.0
PER,0.6768143,491,497,wikisource_vol2_ch9_letter34.txt,Morley,E. L. BURLINGAME,FEBRUARY 1888,FEBRUARY,,1888.0
PER,0.99294174,927,934,wikisource_vol2_ch9_letter34.txt,R. L. S,E. L. BURLINGAME,FEBRUARY 1888,FEBRUARY,,1888.0
PER,0.9991101,11,27,wikisource_vol2_ch9_letter35.txt,E. L. Burlingame,E. L. BURLINGAME,FEBRUARY 1888,FEBRUARY,,1888.0
LOC,0.9928683,30,37,wikisource_vol2_ch9_letter35.txt,Saranac,E. L. BURLINGAME,FEBRUARY 1888,FEBRUARY,,1888.0
PER,0.99603987,64,74,wikisource_vol2_ch9_letter35.txt,Burlingame,E. L. BURLINGAME,FEBRUARY 1888,FEBRUARY,,1888.0
PER,0.8225917,377,383,wikisource_vol2_ch9_letter35.txt,Master,E. L. BURLINGAME,FEBRUARY 1888,FEBRUARY,,1888.0
PER,0.8582964,390,396,wikisource_vol2_ch9_letter35.txt,Master,E. L. BURLINGAME,FEBRUARY 1888,FEBRUARY,,1888.0
LOC,0.6702333,400,404,wikisource_vol2_ch9_letter35.txt,Ball,E. L. BURLINGAME,FEBRUARY 1888,FEBRUARY,,1888.0
PER,0.65632975,404,410,wikisource_vol2_ch9_letter35.txt,##antrae,E. L. BURLINGAME,FEBRUARY 1888,FEBRUARY,,1888.0
LOC,0.99983275,571,578,wikisource_vol2_ch9_letter35.txt,England,E. L. BURLINGAME,FEBRUARY 1888,FEBRUARY,,1888.0
LOC,0.999796,1061,1068,wikisource_vol2_ch9_letter35.txt,America,E. L. BURLINGAME,FEBRUARY 1888,FEBRUARY,,1888.0
PER,0.99726844,1289,1298,wikisource_vol2_ch9_letter35.txt,Valentine,E. L. BURLINGAME,FEBRUARY 1888,FEBRUARY,,1888.0
PER,0.99954885,1311,1316,wikisource_vol2_ch9_letter35.txt,Lloyd,E. L. BURLINGAME,FEBRUARY 1888,FEBRUARY,,1888.0
PER,0.99839956,1417,1439,wikisource_vol2_ch9_letter35.txt,Robert Louis Stevenson,E. L. BURLINGAME,FEBRUARY 1888,FEBRUARY,,1888.0
ORG,0.9685515,1468,1480,wikisource_vol2_ch9_letter35.txt,Evening Post,E. L. BURLINGAME,FEBRUARY 1888,FEBRUARY,,1888.0
PER,0.4941523,1540,1546,wikisource_vol2_ch9_letter35.txt,Edward,E. L. BURLINGAME,FEBRUARY 1888,FEBRUARY,,1888.0
PER,0.95197505,11,24,wikisource_vol2_ch9_letter36.txt,Sidney Colvin,SIDNEY COLVIN,MARCH 1888,MARCH,,1888.0
LOC,0.99797297,27,34,wikisource_vol2_ch9_letter36.txt,Saranac,SIDNEY COLVIN,MARCH 1888,MARCH,,1888.0
PER,0.9989028,67,72,wikisource_vol2_ch9_letter36.txt,Fanny,SIDNEY COLVIN,MARCH 1888,MARCH,,1888.0
PER,0.9993186,316,325,wikisource_vol2_ch9_letter36.txt,Valentine,SIDNEY COLVIN,MARCH 1888,MARCH,,1888.0
PER,0.9986791,351,356,wikisource_vol2_ch9_letter36.txt,Lloyd,SIDNEY COLVIN,MARCH 1888,MARCH,,1888.0
PER,0.99872833,1518,1527,wikisource_vol2_ch9_letter36.txt,Valentine,SIDNEY COLVIN,MARCH 1888,MARCH,,1888.0
PER,0.58829683,1588,1598,wikisource_vol2_ch9_letter36.txt,Ballantrae,SIDNEY COLVIN,MARCH 1888,MARCH,,1888.0
PER,0.99934244,24,33,wikisource_vol2_ch9_letter37.txt,Charteris,THE REV. DR. CHARTERIS,WINTER 1887,WINTER,,1887.0
LOC,0.9985909,36,48,wikisource_vol2_ch9_letter37.txt,Saranac Lake,THE REV. DR. CHARTERIS,WINTER 1887,WINTER,,1887.0
PER,0.9987863,81,90,wikisource_vol2_ch9_letter37.txt,Charteris,THE REV. DR. CHARTERIS,WINTER 1887,WINTER,,1887.0
PER,0.9997551,107,114,wikisource_vol2_ch9_letter37.txt,Douglas,THE REV. DR. CHARTERIS,WINTER 1887,WINTER,,1887.0
PER,0.9994724,119,125,wikisource_vol2_ch9_letter37.txt,Foulis,THE REV. DR. CHARTERIS,WINTER 1887,WINTER,,1887.0
PER,0.999872,1046,1068,wikisource_vol2_ch9_letter37.txt,Robert Louis Stevenson,THE REV. DR. CHARTERIS,WINTER 1887,WINTER,,1887.0
PER,0.9996786,11,22,wikisource_vol2_ch9_letter38.txt,Henry James,HENRY JAMES,MARCH 1888,MARCH,,1888.0
LOC,0.99829435,25,37,wikisource_vol2_ch9_letter38.txt,Saranac Lake,HENRY JAMES,MARCH 1888,MARCH,,1888.0
PER,0.9576826,71,76,wikisource_vol2_ch9_letter38.txt,James,HENRY JAMES,MARCH 1888,MARCH,,1888.0
PER,0.99771345,194,200,wikisource_vol2_ch9_letter38.txt,Colvin,HENRY JAMES,MARCH 1888,MARCH,,1888.0
PER,0.99974924,293,301,wikisource_vol2_ch9_letter38.txt,Meredith,HENRY JAMES,MARCH 1888,MARCH,,1888.0
PER,0.99951386,406,413,wikisource_vol2_ch9_letter38.txt,Emerson,HENRY JAMES,MARCH 1888,MARCH,,1888.0
PER,0.9996872,511,518,wikisource_vol2_ch9_letter38.txt,Emerson,HENRY JAMES,MARCH 1888,MARCH,,1888.0
PER,0.9809147,550,561,wikisource_vol2_ch9_letter38.txt,Tourgueneff,HENRY JAMES,MARCH 1888,MARCH,,1888.0
LOC,0.8152833,766,768,wikisource_vol2_ch9_letter38.txt,Bu,HENRY JAMES,MARCH 1888,MARCH,,1888.0
PER,0.65033,768,776,wikisource_vol2_ch9_letter38.txt,##rlingame,HENRY JAMES,MARCH 1888,MARCH,,1888.0
PER,0.9819945,1410,1417,wikisource_vol2_ch9_letter38.txt,Saranac,HENRY JAMES,MARCH 1888,MARCH,,1888.0
LOC,0.83348984,1661,1669,wikisource_vol2_ch9_letter38.txt,Culloden,HENRY JAMES,MARCH 1888,MARCH,,1888.0
PER,0.9990394,24,33,wikisource_vol2_ch9_letter39.txt,Charteris,THE REV. DR. CHARTERIS,SPRING 1888,SPRING,,1888.0
LOC,0.989175,35,47,wikisource_vol2_ch9_letter39.txt,Saranac Lake,THE REV. DR. CHARTERIS,SPRING 1888,SPRING,,1888.0
LOC,0.9431462,49,60,wikisource_vol2_ch9_letter39.txt,Adirondacks,THE REV. DR. CHARTERIS,SPRING 1888,SPRING,,1888.0
LOC,0.9997189,62,70,wikisource_vol2_ch9_letter39.txt,New York,THE REV. DR. CHARTERIS,SPRING 1888,SPRING,,1888.0
LOC,0.9996998,72,77,wikisource_vol2_ch9_letter39.txt,U. S. A,THE REV. DR. CHARTERIS,SPRING 1888,SPRING,,1888.0
PER,0.9995669,105,114,wikisource_vol2_ch9_letter39.txt,Charteris,THE REV. DR. CHARTERIS,SPRING 1888,SPRING,,1888.0
PER,0.9997399,1675,1684,wikisource_vol2_ch9_letter39.txt,Charteris,THE REV. DR. CHARTERIS,SPRING 1888,SPRING,,1888.0
PER,0.999739,1706,1728,wikisource_vol2_ch9_letter39.txt,Robert Louis Stevenson,THE REV. DR. CHARTERIS,SPRING 1888,SPRING,,1888.0
PER,0.6752054,19,36,wikisource_vol2_ch9_letter4.txt,Chatto And Windus,MESSRS. CHATTO AND WINDUS,AUGUST 1887,AUGUST,,1887.0
LOC,0.9918847,38,49,wikisource_vol2_ch9_letter4.txt,Bournemouth,MESSRS. CHATTO AND WINDUS,AUGUST 1887,AUGUST,,1887.0
LOC,0.9997241,218,224,wikisource_vol2_ch9_letter4.txt,London,MESSRS. CHATTO AND WINDUS,AUGUST 1887,AUGUST,,1887.0
LOC,0.999321,367,383,wikisource_vol2_ch9_letter4.txt,Fenchurch Street,MESSRS. CHATTO AND WINDUS,AUGUST 1887,AUGUST,,1887.0
LOC,0.99905986,410,426,wikisource_vol2_ch9_letter4.txt,Galleons Station,MESSRS. CHATTO AND WINDUS,AUGUST 1887,AUGUST,,1887.0
LOC,0.9994155,472,484,wikisource_vol2_ch9_letter4.txt,Ludgate Hill,MESSRS. CHATTO AND WINDUS,AUGUST 1887,AUGUST,,1887.0
LOC,0.97320765,486,498,wikisource_vol2_ch9_letter4.txt,Island Berth,MESSRS. CHATTO AND WINDUS,AUGUST 1887,AUGUST,,1887.0
LOC,0.99954027,500,517,wikisource_vol2_ch9_letter4.txt,Royal Albert Dock,MESSRS. CHATTO AND WINDUS,AUGUST 1887,AUGUST,,1887.0
PER,0.999717,672,694,wikisource_vol2_ch9_letter4.txt,Robert Louis Stevenson,MESSRS. CHATTO AND WINDUS,AUGUST 1887,AUGUST,,1887.0
PER,0.9926174,11,25,wikisource_vol2_ch9_letter40.txt,S. R. Crockett,S. R. CROCKETT,SPRING 1888,SPRING,,1888.0
LOC,0.9986991,28,40,wikisource_vol2_ch9_letter40.txt,Saranac Lake,S. R. CROCKETT,SPRING 1888,SPRING,,1888.0
ORG,0.9585292,77,86,wikisource_vol2_ch9_letter40.txt,Free Kirk,S. R. CROCKETT,SPRING 1888,SPRING,,1888.0
LOC,0.95909405,90,98,wikisource_vol2_ch9_letter40.txt,Penicuik,S. R. CROCKETT,SPRING 1888,SPRING,,1888.0
PER,0.9946572,681,687,wikisource_vol2_ch9_letter40.txt,Christ,S. R. CROCKETT,SPRING 1888,SPRING,,1888.0
PER,0.99969196,1747,1769,wikisource_vol2_ch9_letter40.txt,Robert Louis Stevenson,S. R. CROCKETT,SPRING 1888,SPRING,,1888.0
PER,0.9084892,16,23,wikisource_vol2_ch9_letter41.txt,Ferrier,MISS FERRIER,APRIL 1888,APRIL,,1888.0
LOC,0.9993785,26,38,wikisource_vol2_ch9_letter41.txt,Saranac Lake,MISS FERRIER,APRIL 1888,APRIL,,1888.0
PER,0.99937207,379,384,wikisource_vol2_ch9_letter41.txt,Fanny,MISS FERRIER,APRIL 1888,APRIL,,1888.0
PER,0.9991924,710,715,wikisource_vol2_ch9_letter41.txt,Fanny,MISS FERRIER,APRIL 1888,APRIL,,1888.0
LOC,0.9996637,727,737,wikisource_vol2_ch9_letter41.txt,California,MISS FERRIER,APRIL 1888,APRIL,,1888.0
LOC,0.99444216,1090,1101,wikisource_vol2_ch9_letter41.txt,St. Andrews,MISS FERRIER,APRIL 1888,APRIL,,1888.0
PER,0.9984947,1604,1616,wikisource_vol2_ch9_letter41.txt,Cogia Hassan,MISS FERRIER,APRIL 1888,APRIL,,1888.0
PER,0.9998448,1894,1908,wikisource_vol2_ch9_letter41.txt,Lloyd Osbourne,MISS FERRIER,APRIL 1888,APRIL,,1888.0
PER,0.99978614,1913,1935,wikisource_vol2_ch9_letter41.txt,Robert Louis Stevenson,MISS FERRIER,APRIL 1888,APRIL,,1888.0
PER,0.97186756,11,24,wikisource_vol2_ch9_letter42.txt,Sidney Colvin,SIDNEY COLVIN,APRIL 9 1888,APRIL,9.0,1888.0
LOC,0.9989745,27,39,wikisource_vol2_ch9_letter42.txt,Saranac Lake,SIDNEY COLVIN,APRIL 9 1888,APRIL,9.0,1888.0
PER,0.69604045,70,73,wikisource_vol2_ch9_letter42.txt,##vin,SIDNEY COLVIN,APRIL 9 1888,APRIL,9.0,1888.0
PER,0.9986085,317,322,wikisource_vol2_ch9_letter42.txt,Fanny,SIDNEY COLVIN,APRIL 9 1888,APRIL,9.0,1888.0
LOC,0.9993751,333,346,wikisource_vol2_ch9_letter42.txt,San Francisco,SIDNEY COLVIN,APRIL 9 1888,APRIL,9.0,1888.0
LOC,0.99921304,379,387,wikisource_vol2_ch9_letter42.txt,New York,SIDNEY COLVIN,APRIL 9 1888,APRIL,9.0,1888.0
PER,0.6188626,397,402,wikisource_vol2_ch9_letter42.txt,Scrib,SIDNEY COLVIN,APRIL 9 1888,APRIL,9.0,1888.0
LOC,0.58799386,402,407,wikisource_vol2_ch9_letter42.txt,##ner ' s,SIDNEY COLVIN,APRIL 9 1888,APRIL,9.0,1888.0
PER,0.996489,557,565,wikisource_vol2_ch9_letter42.txt,Majendie,SIDNEY COLVIN,APRIL 9 1888,APRIL,9.0,1888.0
PER,0.53139657,1300,1308,wikisource_vol2_ch9_letter42.txt,Lawrence,SIDNEY COLVIN,APRIL 9 1888,APRIL,9.0,1888.0
PER,0.96371955,1310,1315,wikisource_vol2_ch9_letter42.txt,Lloyd,SIDNEY COLVIN,APRIL 9 1888,APRIL,9.0,1888.0
PER,0.87552017,1488,1495,wikisource_vol2_ch9_letter42.txt,Lloyd ' s,SIDNEY COLVIN,APRIL 9 1888,APRIL,9.0,1888.0
PER,0.5895347,1687,1690,wikisource_vol2_ch9_letter42.txt,Sep,SIDNEY COLVIN,APRIL 9 1888,APRIL,9.0,1888.0
LOC,0.9303802,1753,1763,wikisource_vol2_ch9_letter42.txt,Beebeeghar,SIDNEY COLVIN,APRIL 9 1888,APRIL,9.0,1888.0
PER,0.99933165,1876,1887,wikisource_vol2_ch9_letter42.txt,Shakespeare,SIDNEY COLVIN,APRIL 9 1888,APRIL,9.0,1888.0
PER,0.99883914,16,31,wikisource_vol2_ch9_letter43.txt,Adelaide Boodle,MISS ADELAIDE BOODLE,APRIL 1888,APRIL,,1888.0
LOC,0.99914503,34,46,wikisource_vol2_ch9_letter43.txt,Saranac Lake,MISS ADELAIDE BOODLE,APRIL 1888,APRIL,,1888.0
PER,0.60694844,81,86,wikisource_vol2_ch9_letter43.txt,Scrib,MISS ADELAIDE BOODLE,APRIL 1888,APRIL,,1888.0
ORG,0.58779806,86,90,wikisource_vol2_ch9_letter43.txt,##ner ',MISS ADELAIDE BOODLE,APRIL 1888,APRIL,,1888.0
LOC,0.9994449,102,110,wikisource_vol2_ch9_letter43.txt,Broadway,MISS ADELAIDE BOODLE,APRIL 1888,APRIL,,1888.0
LOC,0.9965007,112,115,wikisource_vol2_ch9_letter43.txt,N. Y,MISS ADELAIDE BOODLE,APRIL 1888,APRIL,,1888.0
LOC,0.7673652,181,189,wikisource_vol2_ch9_letter43.txt,Micawber,MISS ADELAIDE BOODLE,APRIL 1888,APRIL,,1888.0
PER,0.99959606,683,686,wikisource_vol2_ch9_letter43.txt,God,MISS ADELAIDE BOODLE,APRIL 1888,APRIL,,1888.0
LOC,0.9994925,1608,1614,wikisource_vol2_ch9_letter43.txt,States,MISS ADELAIDE BOODLE,APRIL 1888,APRIL,,1888.0
PER,0.9985721,11,25,wikisource_vol2_ch9_letter44.txt,Charles Baxter,CHARLES BAXTER,MAY 11 1888,MAY,11.0,1888.0
LOC,0.7590716,27,38,wikisource_vol2_ch9_letter44.txt,Union House,CHARLES BAXTER,MAY 11 1888,MAY,11.0,1888.0
LOC,0.99946165,40,49,wikisource_vol2_ch9_letter44.txt,Manasquan,CHARLES BAXTER,MAY 11 1888,MAY,11.0,1888.0
LOC,0.95218134,51,55,wikisource_vol2_ch9_letter44.txt,N. J.,CHARLES BAXTER,MAY 11 1888,MAY,11.0,1888.0
ORG,0.83667135,72,82,wikisource_vol2_ch9_letter44.txt,Scribner ' S,CHARLES BAXTER,MAY 11 1888,MAY,11.0,1888.0
PER,0.99978787,107,114,wikisource_vol2_ch9_letter44.txt,Charles,CHARLES BAXTER,MAY 11 1888,MAY,11.0,1888.0
LOC,0.99972,421,434,wikisource_vol2_ch9_letter44.txt,San Francisco,CHARLES BAXTER,MAY 11 1888,MAY,11.0,1888.0
LOC,0.99976116,455,465,wikisource_vol2_ch9_letter44.txt,South Seas,CHARLES BAXTER,MAY 11 1888,MAY,11.0,1888.0
ORG,0.98778975,479,484,wikisource_vol2_ch9_letter44.txt,Casco,CHARLES BAXTER,MAY 11 1888,MAY,11.0,1888.0
PER,0.99938774,569,591,wikisource_vol2_ch9_letter44.txt,Robert Louis Stevenson,CHARLES BAXTER,MAY 11 1888,MAY,11.0,1888.0
PER,0.9994948,11,28,wikisource_vol2_ch9_letter45.txt,Homer St. Gaudens,HOMER ST. GAUDENS,MAY 27 1888,MAY,27.0,1888.0
LOC,0.9976144,30,39,wikisource_vol2_ch9_letter45.txt,Manasquan,HOMER ST. GAUDENS,MAY 27 1888,MAY,27.0,1888.0
LOC,0.99950033,41,51,wikisource_vol2_ch9_letter45.txt,New Jersey,HOMER ST. GAUDENS,MAY 27 1888,MAY,27.0,1888.0
PER,0.999497,73,90,wikisource_vol2_ch9_letter45.txt,Homer St. Gaudens,HOMER ST. GAUDENS,MAY 27 1888,MAY,27.0,1888.0
LOC,0.9997834,1393,1403,wikisource_vol2_ch9_letter45.txt,South Seas,HOMER ST. GAUDENS,MAY 27 1888,MAY,27.0,1888.0
PER,0.99961704,1476,1498,wikisource_vol2_ch9_letter45.txt,Robert Louis Stevenson,HOMER ST. GAUDENS,MAY 27 1888,MAY,27.0,1888.0
PER,0.90053827,11,28,wikisource_vol2_ch9_letter46.txt,Henry James Mana,HENRY JAMES,MAY 28 1888,MAY,28.0,1888.0
LOC,0.45537695,29,32,wikisource_vol2_ch9_letter46.txt,##qua,HENRY JAMES,MAY 28 1888,MAY,28.0,1888.0
LOC,0.99919,43,53,wikisource_vol2_ch9_letter46.txt,New Jersey,HENRY JAMES,MAY 28 1888,MAY,28.0,1888.0
PER,0.9977063,79,84,wikisource_vol2_ch9_letter46.txt,James,HENRY JAMES,MAY 28 1888,MAY,28.0,1888.0
PER,0.9963652,508,516,wikisource_vol2_ch9_letter46.txt,Georgina,HENRY JAMES,MAY 28 1888,MAY,28.0,1888.0
PER,0.99946374,745,750,wikisource_vol2_ch9_letter46.txt,James,HENRY JAMES,MAY 28 1888,MAY,28.0,1888.0
ORG,0.98823786,802,807,wikisource_vol2_ch9_letter46.txt,Casco,HENRY JAMES,MAY 28 1888,MAY,28.0,1888.0
LOC,0.9974241,877,889,wikisource_vol2_ch9_letter46.txt,Golden Gates,HENRY JAMES,MAY 28 1888,MAY,28.0,1888.0
LOC,0.99986005,894,902,wikisource_vol2_ch9_letter46.txt,Honolulu,HENRY JAMES,MAY 28 1888,MAY,28.0,1888.0
LOC,0.9998729,904,910,wikisource_vol2_ch9_letter46.txt,Tahiti,HENRY JAMES,MAY 28 1888,MAY,28.0,1888.0
LOC,0.99980426,916,925,wikisource_vol2_ch9_letter46.txt,Galapagos,HENRY JAMES,MAY 28 1888,MAY,28.0,1888.0
LOC,0.99987626,927,936,wikisource_vol2_ch9_letter46.txt,Guayaquil,HENRY JAMES,MAY 28 1888,MAY,28.0,1888.0
LOC,0.9998877,973,980,wikisource_vol2_ch9_letter46.txt,Pacific,HENRY JAMES,MAY 28 1888,MAY,28.0,1888.0
ORG,0.929677,1291,1296,wikisource_vol2_ch9_letter46.txt,Casco,HENRY JAMES,MAY 28 1888,MAY,28.0,1888.0
LOC,0.999848,1533,1541,wikisource_vol2_ch9_letter46.txt,Honolulu,HENRY JAMES,MAY 28 1888,MAY,28.0,1888.0
LOC,0.9998597,1543,1549,wikisource_vol2_ch9_letter46.txt,Tahiti,HENRY JAMES,MAY 28 1888,MAY,28.0,1888.0
LOC,0.99985766,1555,1564,wikisource_vol2_ch9_letter46.txt,Guayaquil,HENRY JAMES,MAY 28 1888,MAY,28.0,1888.0
ORG,0.8776175,1601,1610,wikisource_vol2_ch9_letter46.txt,Scribner ',HENRY JAMES,MAY 28 1888,MAY,28.0,1888.0
LOC,0.99972713,1687,1700,wikisource_vol2_ch9_letter46.txt,San Francisco,HENRY JAMES,MAY 28 1888,MAY,28.0,1888.0
PER,0.8582979,1731,1732,wikisource_vol2_ch9_letter46.txt,R,HENRY JAMES,MAY 28 1888,MAY,28.0,1888.0
ORG,0.61498123,1732,1733,wikisource_vol2_ch9_letter46.txt,.,HENRY JAMES,MAY 28 1888,MAY,28.0,1888.0
PER,0.68331295,1734,1738,wikisource_vol2_ch9_letter46.txt,L. S,HENRY JAMES,MAY 28 1888,MAY,28.0,1888.0
PER,0.9607898,11,27,wikisource_vol2_ch9_letter5.txt,Sidney Colvin H,SIDNEY COLVIN,AUGUST 1887,AUGUST,,1887.0
LOC,0.9985821,50,64,wikisource_vol2_ch9_letter5.txt,Havre De Grace,SIDNEY COLVIN,AUGUST 1887,AUGUST,,1887.0
PER,0.9983623,480,488,wikisource_vol2_ch9_letter5.txt,H. James,SIDNEY COLVIN,AUGUST 1887,AUGUST,,1887.0
PER,0.9992955,612,623,wikisource_vol2_ch9_letter5.txt,Henry James,SIDNEY COLVIN,AUGUST 1887,AUGUST,,1887.0
ORG,0.8601587,791,798,wikisource_vol2_ch9_letter5.txt,Margate,SIDNEY COLVIN,AUGUST 1887,AUGUST,,1887.0
LOC,0.9995634,1012,1017,wikisource_vol2_ch9_letter5.txt,Havre,SIDNEY COLVIN,AUGUST 1887,AUGUST,,1887.0
PER,0.99524677,1435,1448,wikisource_vol2_ch9_letter5.txt,Bob Boltsprit,SIDNEY COLVIN,AUGUST 1887,AUGUST,,1887.0
PER,0.96600693,1450,1458,wikisource_vol2_ch9_letter5.txt,B. B. B.,SIDNEY COLVIN,AUGUST 1887,AUGUST,,1887.0
LOC,0.9996722,1510,1524,wikisource_vol2_ch9_letter5.txt,Havre de Grace,SIDNEY COLVIN,AUGUST 1887,AUGUST,,1887.0
LOC,0.99986184,1639,1645,wikisource_vol2_ch9_letter5.txt,France,SIDNEY COLVIN,AUGUST 1887,AUGUST,,1887.0
LOC,0.9998288,1660,1666,wikisource_vol2_ch9_letter5.txt,Europe,SIDNEY COLVIN,AUGUST 1887,AUGUST,,1887.0
PER,0.9883714,1722,1729,wikisource_vol2_ch9_letter5.txt,R. L. S,SIDNEY COLVIN,AUGUST 1887,AUGUST,,1887.0
PER,0.99842167,11,24,wikisource_vol2_ch9_letter6.txt,Sidney Colvin,SIDNEY COLVIN,SEPTEMBER 1887,SEPTEMBER,,1887.0
LOC,0.7992049,26,33,wikisource_vol2_ch9_letter6.txt,Newport,SIDNEY COLVIN,SEPTEMBER 1887,SEPTEMBER,,1887.0
LOC,0.9984789,35,46,wikisource_vol2_ch9_letter6.txt,R. I. U. S. A,SIDNEY COLVIN,SEPTEMBER 1887,SEPTEMBER,,1887.0
PER,0.74792755,74,80,wikisource_vol2_ch9_letter6.txt,Colvin,SIDNEY COLVIN,SEPTEMBER 1887,SEPTEMBER,,1887.0
PER,0.99919206,946,951,wikisource_vol2_ch9_letter6.txt,Fanny,SIDNEY COLVIN,SEPTEMBER 1887,SEPTEMBER,,1887.0
LOC,0.9991197,1148,1158,wikisource_vol2_ch9_letter6.txt,Birmingham,SIDNEY COLVIN,SEPTEMBER 1887,SEPTEMBER,,1887.0
PER,0.987762,1678,1685,wikisource_vol2_ch9_letter6.txt,R. L. S,SIDNEY COLVIN,SEPTEMBER 1887,SEPTEMBER,,1887.0
PER,0.99931073,11,22,wikisource_vol2_ch9_letter7.txt,Henry James,HENRY JAMES,SEPTEMBER 1887,SEPTEMBER,,1887.0
LOC,0.9996044,25,32,wikisource_vol2_ch9_letter7.txt,Newport,HENRY JAMES,SEPTEMBER 1887,SEPTEMBER,,1887.0
LOC,0.99964935,34,40,wikisource_vol2_ch9_letter7.txt,U. S. A.,HENRY JAMES,SEPTEMBER 1887,SEPTEMBER,,1887.0
PER,0.58237636,62,72,wikisource_vol2_ch9_letter7.txt,Dear James,HENRY JAMES,SEPTEMBER 1887,SEPTEMBER,,1887.0
LOC,0.9996493,91,98,wikisource_vol2_ch9_letter7.txt,Newport,HENRY JAMES,SEPTEMBER 1887,SEPTEMBER,,1887.0
PER,0.90106267,124,133,wikisource_vol2_ch9_letter7.txt,Fairchild,HENRY JAMES,SEPTEMBER 1887,SEPTEMBER,,1887.0
PER,0.9997055,804,809,wikisource_vol2_ch9_letter7.txt,Jacko,HENRY JAMES,SEPTEMBER 1887,SEPTEMBER,,1887.0
LOC,0.9993429,1293,1305,wikisource_vol2_ch9_letter7.txt,Ludgate Hill,HENRY JAMES,SEPTEMBER 1887,SEPTEMBER,,1887.0
LOC,0.9997749,1334,1342,wikisource_vol2_ch9_letter7.txt,New York,HENRY JAMES,SEPTEMBER 1887,SEPTEMBER,,1887.0
LOC,0.9995016,1511,1518,wikisource_vol2_ch9_letter7.txt,America,HENRY JAMES,SEPTEMBER 1887,SEPTEMBER,,1887.0
PER,0.999578,1702,1710,wikisource_vol2_ch9_letter7.txt,Meanness,HENRY JAMES,SEPTEMBER 1887,SEPTEMBER,,1887.0
PER,0.999462,1764,1770,wikisource_vol2_ch9_letter7.txt,R. L S,HENRY JAMES,SEPTEMBER 1887,SEPTEMBER,,1887.0
PER,0.9909632,11,24,wikisource_vol2_ch9_letter8.txt,Sidney Colvin,SIDNEY COLVIN,SEPTEMBER 1887,SEPTEMBER,,1887.0
LOC,0.9990321,27,35,wikisource_vol2_ch9_letter8.txt,New York,SIDNEY COLVIN,SEPTEMBER 1887,SEPTEMBER,,1887.0
LOC,0.9245762,69,70,wikisource_vol2_ch9_letter8.txt,S,SIDNEY COLVIN,SEPTEMBER 1887,SEPTEMBER,,1887.0
LOC,0.7261076,72,73,wikisource_vol2_ch9_letter8.txt,C,SIDNEY COLVIN,SEPTEMBER 1887,SEPTEMBER,,1887.0
LOC,0.99965084,134,142,wikisource_vol2_ch9_letter8.txt,New York,SIDNEY COLVIN,SEPTEMBER 1887,SEPTEMBER,,1887.0
PER,0.99863636,185,196,wikisource_vol2_ch9_letter8.txt,St. Gaudens,SIDNEY COLVIN,SEPTEMBER 1887,SEPTEMBER,,1887.0
LOC,0.99968827,433,441,wikisource_vol2_ch9_letter8.txt,New York,SIDNEY COLVIN,SEPTEMBER 1887,SEPTEMBER,,1887.0
LOC,0.9996076,451,458,wikisource_vol2_ch9_letter8.txt,Newport,SIDNEY COLVIN,SEPTEMBER 1887,SEPTEMBER,,1887.0
PER,0.9620054,464,469,wikisource_vol2_ch9_letter8.txt,Lloyd,SIDNEY COLVIN,SEPTEMBER 1887,SEPTEMBER,,1887.0
PER,0.7286587,474,483,wikisource_vol2_ch9_letter8.txt,Valentine,SIDNEY COLVIN,SEPTEMBER 1887,SEPTEMBER,,1887.0
LOC,0.9995023,785,792,wikisource_vol2_ch9_letter8.txt,Newport,SIDNEY COLVIN,SEPTEMBER 1887,SEPTEMBER,,1887.0
PER,0.9994542,925,934,wikisource_vol2_ch9_letter8.txt,Fairchild,SIDNEY COLVIN,SEPTEMBER 1887,SEPTEMBER,,1887.0
PER,0.9983742,1010,1015,wikisource_vol2_ch9_letter8.txt,Blair,SIDNEY COLVIN,SEPTEMBER 1887,SEPTEMBER,,1887.0
LOC,0.67959344,1101,1116,wikisource_vol2_ch9_letter8.txt,Treasure Island,SIDNEY COLVIN,SEPTEMBER 1887,SEPTEMBER,,1887.0
LOC,0.9996093,1352,1359,wikisource_vol2_ch9_letter8.txt,Newport,SIDNEY COLVIN,SEPTEMBER 1887,SEPTEMBER,,1887.0
LOC,0.99969304,1392,1400,wikisource_vol2_ch9_letter8.txt,New York,SIDNEY COLVIN,SEPTEMBER 1887,SEPTEMBER,,1887.0
PER,0.99821657,1402,1407,wikisource_vol2_ch9_letter8.txt,Fanny,SIDNEY COLVIN,SEPTEMBER 1887,SEPTEMBER,,1887.0
PER,0.99797434,1412,1417,wikisource_vol2_ch9_letter8.txt,Lloyd,SIDNEY COLVIN,SEPTEMBER 1887,SEPTEMBER,,1887.0
LOC,0.99913484,1433,1443,wikisource_vol2_ch9_letter8.txt,Adirondack,SIDNEY COLVIN,SEPTEMBER 1887,SEPTEMBER,,1887.0
ORG,0.99864715,1746,1765,wikisource_vol2_ch9_letter8.txt,Scribner ' S Magazine,SIDNEY COLVIN,SEPTEMBER 1887,SEPTEMBER,,1887.0
PER,0.99948204,11,23,wikisource_vol2_ch9_letter9.txt,W. E. Henley,W. E. HENLEY,SEPTEMBER 1887,SEPTEMBER,,1887.0
LOC,0.9994894,25,33,wikisource_vol2_ch9_letter9.txt,New York,W. E. HENLEY,SEPTEMBER 1887,SEPTEMBER,,1887.0
PER,0.9997703,90,94,wikisource_vol2_ch9_letter9.txt,Hake,W. E. HENLEY,SEPTEMBER 1887,SEPTEMBER,,1887.0
PER,0.9995578,175,180,wikisource_vol2_ch9_letter9.txt,Lloyd,W. E. HENLEY,SEPTEMBER 1887,SEPTEMBER,,1887.0
PER,0.9983554,419,430,wikisource_vol2_ch9_letter9.txt,St. Gaudens,W. E. HENLEY,SEPTEMBER 1887,SEPTEMBER,,1887.0
ORG,0.99962157,679,698,wikisource_vol2_ch9_letter9.txt,Scribner ' S Magazine,W. E. HENLEY,SEPTEMBER 1887,SEPTEMBER,,1887.0
PER,0.99972427,829,833,wikisource_vol2_ch9_letter9.txt,Hake,W. E. HENLEY,SEPTEMBER 1887,SEPTEMBER,,1887.0
PER,0.99926853,900,908,wikisource_vol2_ch9_letter9.txt,R. L. S.,W. E. HENLEY,SEPTEMBER 1887,SEPTEMBER,,1887.0
ORG,0.7096862,910,912,wikisource_vol2_ch9_letter9.txt,Le,W. E. HENLEY,SEPTEMBER 1887,SEPTEMBER,,1887.0
PER,0.5743524,913,920,wikisource_vol2_ch9_letter9.txt,Salarie,W. E. HENLEY,SEPTEMBER 1887,SEPTEMBER,,1887.0
